,basy_caption,OE
0,万源仁合医院,1.1183823246166489
1,万源市中医院,0.5778350492362249
2,万源市中心医院,0.7245777854213009
3,万源市古东关街道社区卫生服务中心,0.15138971877648186
4,万源市固军镇卫生院,0.05074551426837393
5,万源市大沙镇卫生院,0.21233016916349895
6,万源市大竹中心卫生院,0.14452556241788508
7,万源市妇幼保健计划生育服务中心,0.6409782909032168
8,万源市河口中心卫生院,0.2545161104443218
9,万源市玉带乡卫生院,0.171922067415052
10,万源市石窝镇卫生院,0.15855086299917936
11,万源市竹峪中心卫生院,0.042179185513816636
12,万源市罗文中心卫生院,0.1654415989301303
13,万源忠栋医院,1.142481094703542
14,万源民生医院,0.8133072705646973
15,三六三医院,0.9351028429958175
16,三台华厦眼科医院,0.8520906994898992
17,三台县中医院,0.7529498488041161
18,三台县中医骨科医院,0.35062409775531983
19,三台县中太镇中心卫生院,0.12224480544567029
20,三台县乐安镇中心卫生院,0.4515947093550127
21,三台县人民医院,0.7769211285281532
22,三台县八洞镇卫生院,0.11395293538304252
23,三台县刘营镇中心卫生院,0.3217887060847973
24,三台县北坝镇中心卫生院,0.603799118180108
25,三台县古井镇中心卫生院,0.40744679133166706
26,三台县塔山镇中心卫生院,0.26250703762778144
27,三台县妇幼保健院,0.14420365153169235
28,三台县富顺镇中心卫生院,0.3926436956913236
29,三台县建中镇卫生院,0.31474172220282093
30,三台县建平镇中心卫生院,0.1374924806727403
31,三台县忠孝乡卫生院,0.06662553729032995
32,三台县新生镇中心卫生院,0.20398833593549104
33,三台县新鲁镇卫生院,0.2560207281293336
34,三台县景福镇中心卫生院,0.6848068385166434
35,三台县永明镇卫生院,0.19860902774774675
36,三台县灵兴镇卫生院,0.9668326338257826
37,三台县精神病院,0.24547248634888502
38,三台县芦溪镇中心卫生院  （三台县第二人民医院）,0.35535167244788396
39,三台县西平镇中心卫生院,0.5274980196942578
40,三台县观桥镇中心卫生院,0.29254216898768276
41,三台县郪江镇中心卫生院,0.20758604719516058
42,三台县金石镇中心卫生院,0.41546994714588353
43,三台县鲁班镇卫生院,0.16717285900561432
44,三台县龙树镇中心卫生院,0.1374029298618905
45,中国五冶集团有限公司医院,0.41796369779494597
46,中国人民解放军第五七O一工厂医院,0.3917248754586043
47,中国十九冶集团有限公司职工医院,0.4297531739592645
48,中康凉山康复医院,0.48744555240319204
49,中江县万福中心卫生院,0.9759749214562343
50,中江县中医医院,0.6510433762593872
51,中江县人民医院,0.8637767562320375
52,中江县仓山中心卫生院,0.5500429774788826
53,中江县凯江中心卫生院,0.48145957697504577
54,中江县南华镇卫生院,0.49646270255406444
55,中江县城南社区卫生服务中心,1.038206280548031
56,中江县妇幼保健院（中江县妇女儿童医院、中江县妇幼保健计划生育服务中心）,0.5603347429438793
57,中江县富兴镇卫生院,0.9957432169754102
58,中江县广福中心卫生院,0.6604645432285206
59,中江县悦来镇卫生院,0.1594854592273221
60,中江县永兴中心卫生院,0.25849767251958417
61,中江县永太中心卫生院,0.23919712517333114
62,中江县永安中心卫生院,0.4988979172957039
63,中江县继光镇卫生院,0.3439910490894759
64,中江县辑庆中心卫生院,0.3427286334595773
65,中江县集凤中心卫生院,0.44542675808487764
66,中江县黄鹿镇卫生院,0.15134518859021898
67,中江县龙台中心卫生院,0.3538168265586363
68,中铁二局集团医院,0.4368680321449927
69,丹巴县人民医院,0.6132520993955997
70,丹巴长征骨科医院,0.9769415009162438
71,丹棱南苑中医医院,0.5376504450008762
72,丹棱县人民医院,0.6623743441734293
73,丹棱县妇幼保健服务中心,0.22585117259812573
74,乐山五通桥中医医院,0.6072560380385047
75,乐山友谊医院,2.3719275972855525
76,乐山市中医医院,0.947491410199224
77,乐山市五通桥区中医医院,0.4400998211060941
78,乐山市五通桥区人民医院,0.7464704785303466
79,乐山市五通桥区冠英镇卫生院,0.7258564205779675
80,乐山市五通桥区妇幼保健院,0.3833691307860644
81,乐山市五通桥区蔡金镇卫生院,0.5928373011921582
82,乐山市五通桥区金粟镇卫生院,0.9271681090930315
83,乐山市人民医院,1.2746704716850084
84,乐山市妇幼保健院,1.072192061759014
85,乐山市市中区中医医院,0.6655953797441674
86,乐山市市中区人民医院（乐山市第二人民医院）,0.9885155401562369
87,乐山市市中区妇幼保健计划生育服务中心,0.41276716983627376
88,乐山市市中区安谷镇中心卫生院,0.15402702706419083
89,乐山市市中区肿瘤医院（乐山市市中区第二人民医院）,0.5628607289440556
90,乐山市市中区苏稽镇中心卫生院,0.35113623561078244
91,乐山市市中区茅桥镇中心卫生院,0.2941191199145967
92,乐山市沙湾区人民医院,0.7406253840367366
93,乐山市沙湾区福禄镇中心卫生院,0.40237820105634087
94,乐山市精神卫生中心,0.21869460411728026
95,乐山市金口河区人民医院,0.6026730824143074
96,乐山昶康心血管病医院,4.08940482315782
97,乐山爱尔眼科医院,0.9634515474527322
98,乐山现代妇产医院,0.5531866162121213
99,乐山老年病专科医院,0.6216714389271755
100,乐山肛康中医肛肠医院,1.1645317796322832
101,乐山骨科医院,2.226899530677518
102,乐山鲍氏医疗投资有限公司乐山嘉定医院,0.5766215386602566
103,乐至上好医院,0.4438168775740457
104,乐至县人民医院,0.7211197972830566
105,乐至县南塔街道社区卫生服务中心,0.7182452403275861
106,乐至县回澜镇中心卫生院,0.40653487619665335
107,乐至县妇幼保健计划生育服务中心,0.28354146145681547
108,乐至县石湍镇中心卫生院,0.26456371933597506
109,乐至县童家镇中心卫生院,0.32026260851631866
110,乐至天颐新区医院,0.8703530862629778
111,乐至民仁医院,0.36174275510639253
112,乐至蓝天医院,0.19734499262590083
113,九〇三医院,0.7964475812296286
114,九寨沟县中藏医院,0.12566772038804527
115,九寨沟县人民医院,0.06204960039320604
116,乡城县人民医院,0.6070331203976916
117,井研县中医医院,0.4761459598434579
118,井研县人民医院,0.48450921623135074
119,井研县妇幼保健计划生育服务中心,0.33077811414757546
120,井研县马踏镇中心卫生院,0.8647238921840007
121,井研骨康医院,0.6493458340245933
122,什邡丽人医院,0.17775906729427987
123,什邡国仁医院,0.4057379075304534
124,什邡岷德烧伤医院,0.3778269138002394
125,什邡市中医医院,0.6063405779528287
126,什邡市人民医院（什邡市人民医院互联网医院）,0.8189789135577178
127,什邡市元石卫生院,0.25411690344939447
128,什邡市妇幼保健院（什邡市妇女儿童医院、什邡市妇幼保健计划生育中心）,0.4339731530173153
129,什邡市师古中心卫生院,0.545664778317614
130,什邡市洛水中心卫生院,0.18704378578439357
131,什邡市第四人民医院,0.36763417118891173
132,什邡市蓥华中心卫生院,1.2186613456840376
133,什邡市马井中心卫生院,0.5129372118040473
134,什邡市马祖中心卫生院,0.4634544125570059
135,什邡第二医院,0.7765224063007117
136,仁和区仁和社区卫生服务中心,0.19655268985089386
137,仁寿中鑫老年病医院,0.4598593072640072
138,仁寿县中医医院,0.5529590413186548
139,仁寿县人民医院,0.8592636092393414
140,仁寿县妇幼保健院,0.30200164912694155
141,仁寿县禄加镇卫生院,0.21976491174109872
142,仁寿县禾加镇卫生院,0.42458091338403514
143,仁寿县第七人民医院（仁寿县钟祥镇卫生院）,0.4109717541282926
144,仁寿县第三人民医院（仁寿县汪洋镇卫生院）,0.5400149867088148
145,仁寿县第二人民医院（仁寿县富加镇卫生院）,0.45076530415763505
146,仁寿县第六人民医院（仁寿县彰加镇卫生院）,0.3011423677544708
147,仁寿县第四人民医院（仁寿县文宫镇卫生院）,0.4470918208880641
148,仁寿县视高街道清水社区卫生服务中心,0.49820628243854265
149,仁寿县视高街道社区卫生服务中心,0.17427795652664738
150,仁寿县龙正中心卫生院,0.3570358060735592
151,仁寿县龙马镇卫生院,0.5894321951102578
152,仁寿喜稚来妇产医院,0.32267420102927435
153,仁寿爱尔眼科医院,0.740033652783151
154,仁寿立康创伤医院,0.9587011710356924
155,仁寿运长医院,0.5257129822634377
156,仁寿鳌峰外科医院,0.5906881137982808
157,仪陇中仁骨科医院,0.5242241515357517
158,仪陇县中医医院,0.8536001087226447
159,仪陇县人民医院,0.8211019504924119
160,仪陇县复兴中心卫生院,0.4929163391247538
161,仪陇县大寅中心卫生院,0.33985214015827375
162,仪陇县妇幼保健计划生育服务中心,0.6427851775498977
163,仪陇县文星镇卫生院,0.39810711809926613
164,仪陇县日兴中心卫生院,0.2653461312987067
165,仪陇县永乐中心卫生院,0.2928108060297283
166,仪陇县立山中心卫生院,0.2568935775327498
167,仪陇县第二人民医院,0.7694271498887698
168,仪陇县观紫中心卫生院,0.29612791513213094
169,仪陇弘立医院,0.6253183619817654
170,仪陇德新医院,0.7071429461190122
171,会东县中医医院,0.3883674205667459
172,会东县人民医院,0.6415407112743793
173,会东县妇幼保健计划生育服务中心会东县妇幼保健院,0.507872466960507
174,会东康和医院,0.9594920234209227
175,会东紫荆花医院,0.6097083674866522
176,会理市中医医院,0.7353087699221932
177,会理市人民医院,0.6647891891195603
178,会理市妇幼保健计划生育服务中心（会理市妇幼保健院）,0.3540739697975952
179,会理市益门镇中心卫生院,0.24935049714656532
180,会理市第二人民医院,0.4867793397316209
181,会理市鹿厂镇中心卫生院,0.3741562638828635
182,佛都老年病医院,0.8227242559714171
183,兴文光明骨科医院,2.7452665773512437
184,兴文县中医医院,0.6200498336444794
185,兴文县人民医院,0.4933690228061675
186,兴文县僰王山镇中心卫生院,0.044895303182795755
187,兴文县大河苗族乡卫生院,0.2867788886820576
188,兴文县妇幼保健计划生育服务中心,0.26519705910812724
189,内江中西骨科医院,1.6028120685435858
190,内江市东兴区中医医院,0.38039503499459687
191,内江市东兴区人民医院,0.7408003419933931
192,内江市东兴区椑木中心卫生院,0.39867068279644624
193,内江市中医医院,0.7802280789955015
194,内江市妇幼保健院,0.7931558377857261
195,内江市市中区中医医院,0.20456234856849828
196,内江市市中区人民医院,0.6810280390813825
197,内江市市中区妇幼保健院,0.4561773040374133
198,内江市市中区朝阳镇卫生院,0.29244706424987915
199,内江市市中区永安镇卫生院,0.21951275565363632
200,内江市市中区白马镇中心卫生院,0.08612624868162042
201,内江市第一人民医院,1.1472688675458225
202,内江市第二人民医院,1.005958861072566
203,内江市第六人民医院,0.44348469644037275
204,内江爱尔眼科医院,0.7513182210772106
205,冕宁县中医医院,0.524877613401609
206,冕宁县人民医院,0.7723462465751497
207,冕宁县妇幼保健计划生育服务中心,0.18762691383056584
208,冕宁县泸沽铁矿职工医院,0.6654068732231646
209,冕宁县漫水湾友松医院,0.8557718839451823
210,冕宁县第二人民医院,0.21754781065169645
211,凉山中科耳鼻喉专科医院,1.1208944691866076
212,凉山州妇幼保健计划生育服务中心（凉山州妇幼保健院、凉山州妇女儿童医院）,0.5623786011091149
213,凉山彝族自治州中西医结合医院,0.7401696612892797
214,凉山彝族自治州第一人民医院（凉山州传染病医院）,0.9556742248377055
215,凉山彝族自治州第七人民医院,0.6760058215132825
216,凉山彝族自治州第二人民医院,1.0007923493423239
217,凉山爱尔眼科医院,0.8724594413324935
218,凉山视康眼科医院,1.5126169363914201
219,凉山骨科医院,3.1062843626987267
220,凉山高新肿瘤医院,0.42143874566930084
221,剑阁仁爱医院(普通合伙）,0.6270344116706726
222,剑阁光明医院,0.5975314645258067
223,剑阁县下寺镇中心卫生院,1.4337163592915474
224,剑阁县中医医院,0.4964331405197785
225,剑阁县义兴镇卫生院,0.26632062266801465
226,剑阁县人民医院,0.58390095756883
227,剑阁县元山镇中心卫生院,0.4738600050149518
228,剑阁县公兴镇中心卫生院,0.3338219276450902
229,剑阁县剑门关镇中心卫生院,0.010403293904909721
230,剑阁县妇幼保健院,0.218751126661032
231,剑阁县开封镇中心卫生院,0.19743208567280934
232,剑阁县普安镇中心卫生院,0.6130531378163968
233,剑阁县武连镇中心卫生院,0.11551533060131251
234,剑阁县第一人民医院,0.4627169644319223
235,剑阁县鹤龄镇中心卫生院,0.21868454824154004
236,剑阁友好医院,1.5507464141385825
237,北城医院,0.7501828504418455
238,北川羌族自治县中羌医医院,0.6901596464834876
239,北川羌族自治县人民医院,0.5653252176149003
240,北川羌族自治县妇幼保健计划生育服务中心,0.34215654085077335
241,北川羌族自治县小坝镇中心卫生院,0.1618906572945568
242,北川羌族自治县擂鼓镇中心卫生院,0.3713155105744047
243,北川羌族自治县桂溪镇卫生院,0.3484757003487196
244,北川羌族自治县永安镇中心卫生院,0.137952202681502
245,北川羌族自治县片口乡卫生院,0.3388599910119357
246,北川羌族自治县禹里镇中心卫生院,0.2390474720612299
247,北川羌族自治县第三人民医院,0.6397968711486021
248,北川羌族自治县陈家坝镇中心卫生院,0.08159980810051538
249,华康肾病医院,0.34004504152017284
250,华蓥市人民医院,0.5923873449191179
251,华蓥市高兴镇中心卫生院,0.14301338217341933
252,南充东大肛肠医院,1.1927534016790005
253,南充东方医院,0.7714695635606923
254,南充东江医院,0.26135825423134235
255,南充临江医院,0.5418127165484963
256,南充佑安医院,0.4609260497786977
257,南充博视眼耳鼻喉专科医院,0.9158363959157472
258,南充友谊医院,0.130824417064157
259,南充同星医院,0.4942979884276927
260,南充地调处医院,0.3722483997456684
261,南充姜氏医院,0.6409559248906025
262,南充市中医医院,0.8582604006795702
263,南充市中心医院,1.2561890497641282
264,南充市嘉陵区中医医院,0.2586009602381721
265,南充市嘉陵区人民医院,0.7845808233522684
266,南充市嘉陵区妇幼保健计划生育服务中心,0.6426207638227507
267,南充市嘉陵区李渡镇中心卫生院（南充市嘉陵区第二人民医院）,0.22595494602967062
268,南充市嘉陵区金凤镇中心卫生院,0.6246300382872115
269,南充市妇幼保健计划生育服务中心（南充市妇幼保健院）,0.37945573186982257
270,南充市第四人民医院,0.5331386286868448
271,南充市身心医院,0.7123438392096691
272,南充市顺庆区人民医院,0.4704078636668301
273,南充市顺庆区北城社区卫生服务中心,0.36271102283454154
274,南充市顺庆区妇幼保健计划生育服务中心(南充市顺庆区妇幼保健院),0.24746128842509224
275,南充市顺庆区李家镇中心卫生院,0.2289699638986066
276,南充市顺庆区潆溪街道社区卫生服务中心,1.08951238251384
277,南充市高坪区中医医院,0.5262118105748886
278,南充市高坪区人民医院,0.8493856194012517
279,南充市高坪区妇幼保健计划生育服务中心（南充市高坪区妇幼保健院）,0.3171729001416288
280,南充市高坪区第三人民医院(南充市高坪区东观中心卫生院),0.3784666879494234
281,南充市高坪区长乐中心卫生院（高坪区人民医院长乐分院）,0.2565192180463361
282,南充市高坪区龙门社区卫生服务中心,0.11753235041609751
283,南充康健医院,1.0693622169955617
284,南充康顺医院,0.7568458905140558
285,南充明镜新视眼科医院,0.7722909112970078
286,南充果城骨科医院,0.340983113643562
287,南充永康医院,0.4905032495404176
288,南充海圣堂医院,0.16499773122568362
289,南充爱尔麦格眼科医院,0.7754171383828082
290,南充现代妇产医院,0.24177006311426177
291,南充百姓医院,0.16328714713257342
292,南充罾康医院,0.18951439712207313
293,南充龙医官医院,0.5880905121633254
294,南充龙门中医院,0.11979231703434719
295,南江云山骨科医院,1.0775431533200919
296,南江县下两镇中心卫生院,0.15893159524873113
297,南江县中医医院,0.5502656082277435
298,南江县人民医院,0.6926428313789745
299,南江县大河镇中心卫生院,0.5665471835944212
300,南江县妇幼保健院,0.2812413024459385
301,南江县正直镇中心卫生院,0.2924193818697054
302,南江县沙河镇中心卫生院,0.1905014864861824
303,南江县红光镇卫生院,0.1749887897366837
304,南江县长赤镇中心卫生院,0.45256915926426167
305,南江镇阳医院,0.2346313301282661
306,南部中仁医院,0.567504993220334
307,南部仁爱胃肠医院,0.1272239782832204
308,南部县东风社区卫生服务中心,0.3846202532911506
309,南部县中医医院,0.7579487970799164
310,南部县人民医院,0.7390727343784712
311,南部县伏虎中心卫生院,0.2916681365339586
312,南部县妇幼保健计划生育服务中心（南部县妇幼保健院、南部县妇女儿童医院）,0.3830380631885276
313,南部县建兴中心卫生院（南部县第三人民医院）,0.27500694169122386
314,南部县河东中心卫生院,0.5403344269208353
315,南部嘉伦医院,0.4184434255574828
316,南部瑞康医院,0.47274990036041564
317,南部精诚眼科医院,1.3877495701232492
318,南部良骨医院,0.8938392943059434
319,南部骨科医院,0.9132698833618746
320,叙永县两河中心卫生院,0.7874368709934135
321,叙永县中医医院,0.49955035841563056
322,叙永县人民医院,0.4459292286367372
323,叙永县叙永镇中心卫生院,0.7327503368418309
324,叙永县向林镇卫生院,0.44933380199819534
325,叙永县妇幼保健计划生育服务中心（叙永县妇幼保健院）,0.38614663213515293
326,叙永县摩尼中心卫生院,1.9477296975636467
327,叙永县水尾中心卫生院,0.4245066076287193
328,叙永县江门镇卫生院,0.3804914950405489
329,叙永县马岭中心卫生院,0.7527906170902521
330,叙永县黄坭镇卫生院,0.7459864539638341
331,叙永安民医院,0.8010099562971906
332,叙永民康医院,1.1161130035095184
333,古蔺县中医医院,0.6963227902452657
334,古蔺县人民医院,0.6643197265807602
335,古蔺县双沙中心卫生院,0.5699090606328427
336,古蔺县妇幼保健计划生育服务中心（古蔺县妇幼保健院）,0.2690533384626259
337,古蔺县石宝中心卫生院,0.12615440588493443
338,古蔺县茅溪中心卫生院,0.7578546680363645
339,古蔺县金兰街道社区卫生服务中心,0.29967093345081863
340,古蔺县龙山中心卫生院,0.3846695119856689
341,古蔺康兴妇产医院,0.789388189258018
342,古蔺德康医院,0.9688736569544665
343,古蔺树强骨科医院,1.789389318109294
344,合江健欣兴康医院,0.7491369279174008
345,合江县中医医院,0.9298865007607405
346,合江县九支中心卫生院(合江县第二人民医院),1.280565397960717
347,合江县人民医院,0.8565534377339507
348,合江县大桥中心卫生院（合江县第四人民医院）,0.3976143723280154
349,合江县妇幼保健院,0.232289778280393
350,合江县符阳街道社区卫生服务中心(合江县符阳街道卫生院),0.3152410640482734
351,合江康城肾病专科医院,0.3681493448199919
352,合江张氏骨科医院,0.05397184997549984
353,喜德县人民医院,0.5242466656202845
354,四川何氏骨科医院,0.7416292968845248
355,四川华美紫馨医学美容医院,2.6024032867233906
356,四川华蓥山广能（集团）有限责任公司总医院,0.12784623246078936
357,四川友好医院,0.1416189628962429
358,四川友谊医院,0.8851619731753514
359,四川地质医院,0.307956561087979
360,四川大学华西医院,1.0832124142908686
361,四川大学华西口腔医院,2.558821874012337
362,四川大学华西天府医院,0.20738846440656644
363,四川大学华西第二医院,1.2570000433108472
364,四川大学华西第四医院,1.1378864362538268
365,四川天府新区万安社区卫生服务中心,0.23627884939887273
366,四川天府新区人民医院,0.7649893377481813
367,四川天府新区太平中心卫生院,0.27441752312398876
368,四川天府新区新兴卫生院,0.20458266014042942
369,四川天府新区永兴卫生院,0.18799236777215766
370,四川天府新区籍田中心卫生院,0.7023232582324955
371,四川奥斯迪康骨医院,0.938866529668121
372,四川宝石花医院,1.049594701049823
373,四川巴中经济开发区人民医院（四川巴中经济开发区兴文中心卫生院）,0.47613329344683936
374,四川护理职业学院附属医院（四川省第三人民医院）,0.680385142207933
375,四川泌尿外科医院,0.8134863443629852
376,四川泰康医院,0.9566904206112994
377,四川现代医院,1.017707442402822
378,四川电力医院,0.578464557312024
379,四川省中西医结合医院（四川省中医药科学院附属医院）,0.5627861131422847
380,四川省乐至县中医医院,0.7807779097744655
381,四川省交通医院,0.5521454118056593
382,四川省儿童医院（四川省儿童医学中心）,0.32543060924143125
383,四川省八一康复中心（四川省康复医院）,1.9291595760889757
384,四川省医学科学院·四川省人民医院,1.9384651069465626
385,四川省南充卫生学校附属医院,0.24822750015591008
386,四川省南充精神卫生中心,0.5768294722347275
387,四川省司法警官总医院,0.5129847106990362
388,四川省地矿局四0五医院,0.6369295654628758
389,四川省妇幼保健院,0.5895882014785487
390,四川省建筑医院,1.1110605660509816
391,四川省林业中心医院,0.6899672972266305
392,四川省武胜县中医医院,0.8592982059107399
393,四川省民政康复医院,0.4821303003018578
394,四川省生殖健康研究中心附属生殖专科医院（四川省生殖健康研究中心附属生殖专科医院互宜达互联网医院）,0.31366651114232835
395,四川省监狱管理局中心医院,0.6201267333167402
396,四川省科学城医院,0.788851694201388
397,四川省第一退役军人医院,0.6045200745810957
398,四川省第二中医医院,0.8479313108852029
399,四川省第二退役军人医院,0.1448997267963496
400,四川省第五人民医院,1.111608020180915
401,四川省第四人民医院,1.2094028432095494
402,四川省肿瘤医院,1.6005361689682724
403,四川省骨科医院,1.2118013661972722
404,四川眼科医院,1.0025574369640238
405,四川结石病医院,1.1713349368370403
406,四川绵阳四0四医院,0.8503074862267287
407,四川肛肠医院,2.879108845791215
408,四川蓝生脑科医院,1.1755042419368915
409,四川西婵泛亚整形美容医院,4.357973825476603
410,四川赫尔森康复医院,0.9582594799802847
411,四川锦欣西囡妇女儿童医院,0.8768268375359595
412,壤塘县人民医院,0.8232537924499881
413,大安区何市中心卫生院,0.2572157331851297
414,大安区牛佛中心卫生院,0.34275291192602314
415,大安区老年病医院,0.3032777535715073
416,大竹仁爱医院,0.38234826549062373
417,大竹众幸医院,1.8454784007462335
418,大竹县东柳街道社区卫生服务中心,0.2613003601869003
419,大竹县中医院,0.6284677044713504
420,大竹县人民医院,0.7116895291112264
421,大竹县八渡乡卫生院,0.11348756494650035
422,大竹县四合镇卫生院,0.4433846394489348
423,大竹县妇幼保健计划生育服务中心,0.2910171462331747
424,大竹县安吉乡卫生院,0.2839381743542319
425,大竹县川主乡卫生院,0.15205946149922378
426,大竹县文星中心卫生院,0.2576709634153782
427,大竹县杨家中心卫生院,0.18493731917256326
428,大竹县清水中心卫生院,0.46695689539981805
429,大竹县清河中心卫生院,0.27937581633361275
430,大竹县石子中心卫生院,0.6028963618644805
431,大竹县童家镇卫生院,0.2905800311154086
432,大竹县第三人民医院,0.274056381251616
433,大竹县第二人民医院,0.4298590960525906
434,大竹县第四人民医院,0.6495231055552521
435,大竹县观音中心卫生院,0.25652244485040143
436,大竹县高穴中心卫生院,0.9503611068298607
437,大竹慈卫医院,0.6144665245789751
438,大竹骨科医院,0.527469534898551
439,大英县中医医院,0.474381510109085
440,大英县人民医院,0.5268530377532975
441,大英县回马镇卫生院,0.2259922313794248
442,大英县河边中心卫生院,0.33853275197117283
443,大英君珉骨科医院,1.2162967543405057
444,大邑元兴卫生院,0.4418530596676412
445,大邑县人民医院,0.6713799509197746
446,大邑县出江镇公立卫生院,0.18928288577253136
447,大邑县妇幼保健计划生育服务中心,0.3164839668113127
448,大邑县安仁镇公立卫生院,0.027953387571272394
449,大邑县悦来镇公立卫生院（大邑县第六人民医院）,0.26016355703111604
450,大邑县新场镇公立卫生院,0.20368524413835884
451,大邑县沙渠街道社区卫生服务中心(大邑县第三人民医院）,0.22618367785605153
452,大邑县王泗镇公立卫生院（大邑县第五人民医院）,0.270790328725185
453,大邑县第二人民医院,0.3421215266871484
454,大邑县西岭镇公立卫生院,0.18560933335580815
455,大邑宁康医院,0.25352653767750705
456,大邑希尔医院,0.1971161350601688
457,大邑志昌骨科医院,0.5903831962663296
458,大邑望县中医医院（大邑望县中医医院互联网医院）,0.47265841331485914
459,天全县中医医院,0.6279473762215672
460,天全县人民医院,0.5713678662602913
461,天全天愿医院,0.44277869123065067
462,夹江县中医医院,1.0101128547835811
463,夹江县人民医院,1.0300072205574236
464,夹江县木城镇中心卫生院,0.6943877966004127
465,威远县严陵镇卫生院(威远县第二人民医院）,0.3400291674712643
466,威远县中医医院,0.5040476187989693
467,威远县人民医院,0.641892580097546
468,威远县新场镇卫生院,0.2907560766346845
469,威远县新店镇卫生院,0.16486908937379027
470,威远县第三人民医院,0.6064094703897627
471,威远县连界镇卫生院,0.1036363613823887
472,威远县镇西镇卫生院,0.7477701119474576
473,威远县龙会镇卫生院,1.0375062584246029
474,威远同心医院,0.5197616338034683
475,威远大生医院,0.3330952481012989
476,威远正和医院,0.22769342889005698
477,娇点医学美容医院,0.7957252043181801
478,宁南县中医医院,0.5956968464555779
479,宁南县人民医院,0.5167222692073059
480,宁南县妇幼保健计划生育服务中心（宁南县妇幼保健院）,0.3218557618850818
481,安岳仁良医院有限公司,0.5223621722409149
482,安岳县中医医院,0.5724611813348159
483,安岳县人民医院,0.6256679629612997
484,安岳县兴隆镇中心卫生院,0.23474267070455712
485,安岳县华严镇卫生院,0.6378797850662129
486,安岳县南薰镇卫生院,0.19047458455779528
487,安岳县周礼镇中心卫生院,0.25421605622976384
488,安岳县妇幼保健计划生育服务中心,0.44868695997706476
489,安岳县岳阳镇中心卫生院（安岳县第五人民医院）,0.30805356778797277
490,安岳县思贤镇卫生院,0.18965132303923807
491,安岳县拱桥乡卫生院,0.18574887637290324
492,安岳县李家镇中心卫生院,0.3287395789699054
493,安岳县林凤镇卫生院,0.1913058781372643
494,安岳县毛家镇卫生院,0.1682177896633969
495,安岳县永清镇中心卫生院,0.16705765326564329
496,安岳县石羊镇中心卫生院,0.3100000255233493
497,安岳县第三人民医院,0.4437277961897946
498,安岳县通贤镇中心卫生院,0.6739922574008378
499,安岳县镇子镇中心卫生院,0.7044780325784699
500,安岳县龙台镇中心卫生院（安岳县第四人民医院）,0.44768832752714066
501,安岳川中医院,1.2331090953281802
502,安岳易视眼科医院有限公司,0.7987971695343796
503,安岳锦民妇女儿童医院,0.35116183598816963
504,安州仁晨医院,0.957119550368332
505,安州民生医院,0.5171156769642441
506,宜宾三松医院,0.32015064295093515
507,宜宾三江新区沙坪社区卫生服务中心,0.36496193785625847
508,宜宾三江新区白沙湾社区卫生服务中心,0.4538469237784682
509,宜宾中山医院,0.9888878034056015
510,宜宾利民医院,0.799644124542109
511,宜宾协同医院,0.45114000450017316
512,宜宾和康白花骨科医院,0.7777974235860696
513,宜宾和康骨科医院,0.9357023796543847
514,宜宾国康骨科医院,0.9718912448805271
515,宜宾大欣妇产医院,0.48693869009175456
516,宜宾川南体育骨科医院,0.8407488139042629
517,宜宾市中医医院,0.6873686834558697
518,宜宾市中西医结合医院,0.709557941997662
519,宜宾市南溪区大观镇中心卫生院,0.32992205142993464
520,宜宾市南溪区妇幼保健计划生育服务中心、宜宾市南溪区妇幼保健院,0.2837484828089715
521,宜宾市叙州区双龙镇中心卫生院,0.1991478603812687
522,宜宾市叙州区妇幼保健计划生育服务中心,0.491442506379665
523,宜宾市叙州区柳嘉镇中心卫生院,0.4424939242057705
524,宜宾市叙州区横江镇中心卫生院,0.15525890302201836
525,宜宾市叙州区泥溪镇中心卫生院,0.35517832397042104
526,宜宾市叙州区蕨溪镇中心卫生院,0.510797086946328
527,宜宾市叙州区观音镇中心卫生院,0.4208565649299542
528,宜宾市叙州区高场镇中心卫生院,0.29064217333845854
529,宜宾市妇幼保健计划生育服务中心,0.7290412352669092
530,宜宾市工人医院,0.6950252822724545
531,宜宾市矿山急救医院,0.4647949294911144
532,宜宾市第一人民医院,0.9401874320055382
533,宜宾市第三中医医院,0.3929349633085074
534,宜宾市第三人民医院,0.7285064564331704
535,宜宾市第二中医医院,0.476370482890323
536,宜宾市第二人民医院,0.9858886936156259
537,宜宾市第五人民医院、宜宾市南溪区人民医院,0.6455774481318627
538,宜宾市第六人民医院,0.6325348229062543
539,宜宾市第四人民医院,0.7383994593823183
540,宜宾市翠屏区妇幼保健计划生育服务中心,0.3884679353441415
541,宜宾戎南骨科医院,0.8538171448318578
542,宜宾旌宏眼科医院,1.103657465087495
543,宜宾普爱老年病医院,0.8701549997551433
544,宜宾民心创伤骨科医院,0.8312443925202434
545,宜宾爱尔优视眼科医院,0.9795145788405424
546,宜宾肛泰肛肠医院,0.8523358757658746
547,宝兴县人民医院,0.39726057364933276
548,宣汉县三墩土家族乡卫生院,0.13012279764020268
549,宣汉县中医院,0.728039677798406
550,宣汉县人民医院,1.0266689471402353
551,宣汉县南坝镇中心卫生院,0.48238454243866735
552,宣汉县厂溪乡卫生院,0.19871417186130508
553,宣汉县土黄镇中心卫生院,0.4462913028117378
554,宣汉县大成镇卫生院,0.22893645738071608
555,宣汉县妇幼保健计划生育服务中心,0.7425932006533635
556,宣汉县峰城镇中心卫生院,0.1957553481343752
557,宣汉县新华镇中心卫生院,0.17953192451411007
558,宣汉县普光镇双河中心卫生院,0.49011947968613884
559,宣汉县樊哙镇中心卫生院,0.4137240444130166
560,宣汉县清溪镇中心卫生院,0.6335486181272406
561,宣汉县第三人民医院,0.4578937992660489
562,宣汉县精神病医院,0.4193232793188538
563,宣汉县胡家镇中心卫生院,0.6064532057548705
564,宣汉县马渡关镇卫生院,0.15136402540417065
565,宣汉同盛医院,0.599181153473032
566,宣汉蒲晶眼科医院,0.8764327233498532
567,富顺县中医医院,0.8388494116537614
568,富顺县人民医院,0.7693377222523583
569,富顺县代寺镇中心卫生院,0.6489346820915363
570,富顺县妇幼保健院,0.44581056664305957
571,富顺县怀德镇中心卫生院,0.27337705074266266
572,富顺县晨光医院（富顺县第三人民医院）,0.44366335783232635
573,富顺县板桥镇中心卫生院,0.25106777758322335
574,富顺县永年镇中心卫生院,0.28346476479220745
575,富顺县赵化镇中心卫生院,0.8480479269618794
576,富顺天善眼科医院,1.4528044784080119
577,富顺西区老年病医院,0.6771771667386345
578,富顺赵化岭南医院,1.3806825935823013
579,富顺鸽王护理院,0.8431269085597868
580,射洪市中医院,0.7806505745471531
581,射洪市人民医院,0.7967081122342752
582,射洪市仁和中心卫生院,0.2541229146430313
583,射洪市太乙中心卫生院,0.43917594604931837
584,射洪市妇幼保健院（射洪市妇幼保健卫生服务中心）,0.38834127822715636
585,射洪市沱牌中心卫生院,0.27209435127281567
586,射洪市潼射镇卫生院,0.16015583445625997
587,射洪市红十字医院（射洪市武安中心卫生院）,0.5023015704057028
588,射洪市金华中心卫生院,0.6415729583555724
589,射洪市青岗中心卫生院,0.21053564127358237
590,射洪老年病医院,0.6971897074617837
591,小金县中藏医院,0.23487013896619977
592,小金县人民医院,0.5434699845610997
593,屏山县中医医院,0.5427022266745815
594,屏山县中都镇中心卫生院,0.18958872709973307
595,屏山县人民医院,0.5671670099689644
596,屏山县新市镇民族中心卫生院,0.6378904121386171
597,岳池县中医医院,0.56330628266551
598,岳池县九龙街道社区卫生服务中心,0.2184555434848633
599,岳池县人民医院,0.900416273915839
600,岳池县妇幼保健计划生育服务中心,0.41185421799257393
601,岳池县石垭镇中心卫生院,0.9739669029049454
602,岳池县罗渡镇中心卫生院,0.13136800676786947
603,岳池县酉溪镇中心卫生院,0.18983656796652046
604,岳池川东医院（岳池红十字川东医院）,0.7870042803280725
605,岳池百兴医院,0.40106480769687686
606,峨眉山佛光医院,0.741316442765329
607,峨眉山市中医医院峨眉山市骨科医院,0.7208093376003203
608,峨眉山市人民医院,0.4734847749899059
609,峨眉山市妇幼保健院,0.4501409290213867
610,峨眉山市龙池镇中心卫生院,0.7083592805590323
611,峨边彝族自治县中医医院,0.19990172036721596
612,峨边彝族自治县人民医院,0.4792224101948122
613,崇州二医院,0.9574035589963208
614,崇州寿康老年病医院,0.3585033018470751
615,崇州市三江街道社区卫生服务中心,0.19155219516007202
616,崇州市中医医院,0.6261870473358558
617,崇州市人民医院,0.5928333179205306
618,崇州市妇幼保健计划生育服务中心（崇州市妇幼保健院）,0.3778997316508806
619,崇州市廖家镇卫生院,0.6148653635530748
620,崇州市街子镇卫生院,0.2283857090164932
621,崇州恒德医院,0.17085915918489597
622,崇州民仁汾州医院,0.6759777464623431
623,崇州浩康疼痛康复医院,1.4453345842395169
624,崇州老年病医院,0.18525156255462424
625,崇州蜀州颈腰病医院,0.33700494888362487
626,崇州金鸡医院,0.19429328739833107
627,川北医学院附属医院,1.2504982815677226
628,川投西昌医院,0.7200541418892357
629,巴中仁达医院,0.11826665856644851
630,巴中儿童专科医院,0.3311961470094564
631,巴中博济医院,0.3789663950576197
632,巴中博雅眼科医院,0.8994682860272637
633,巴中嘉禾妇儿医院,0.5022239716350753
634,巴中市中医院（巴中市巴州区人民医院）,0.6410744806396651
635,巴中市中心医院(巴中市人民医院),0.7247387348490588
636,巴中市妇幼保健院,0.39862321843908216
637,巴中市巴州区东城街道大东社区卫生服务中心,0.2097704261899575
638,巴中市巴州区妇幼保健院（巴中市巴州区妇幼保健计划生育服务中心、巴中市巴州区妇女儿童医院）,0.33657111117265254
639,巴中市恩阳区中医医院,0.4364315565585174
640,巴中市恩阳区人民医院,0.6214107175138627
641,巴中市恩阳区妇幼保健院,0.20955665157020184
642,巴中市恩阳区文治社区卫生服务中心,0.3223966359977314
643,巴中市恩阳区渔溪中心卫生院,0.33259431428964475
644,巴中市恩阳区玉山中心卫生院,0.271422260026778
645,巴中市恩阳区花丛中心卫生院,0.44201240920522383
646,巴中市恩阳区茶坝镇中心卫生院,0.5477899368230842
647,巴中市恩阳区雪山中心卫生院,0.5260161709924462
648,巴中市精神卫生中心（巴中市巴州区第二人民医院）,0.5682023162293802
649,巴中市蓉蓉眼科医院,1.147212406782974
650,巴中康达医院,0.702915598165241
651,巴中经济开发区第二人民医院(四川巴中经济开发区西锦社区卫生服务中心),0.29804574281528406
652,巴中骨科医院,0.49394988248152005
653,巴中鸿福妇产科医院,0.37998356217572576
654,巴塘县人民医院,0.6867572839187275
655,巴州北门医院,1.3844869340492032
656,巴州区清江中心卫生院,0.498672646311595
657,巴州区鼎山中心卫生院,0.3294311897412078
658,巴州华龙医院,0.6995563983915182
659,布拖县人民医院,0.5355807150407339
660,布拖县龙潭镇中心卫生院,0.2491146963792811
661,平昌县中医医院,0.3955009111809806
662,平昌县云台镇中心卫生院,0.3107834089805758
663,平昌县人民医院,0.5203941303043509
664,平昌县元山镇中心卫生院,0.18544395480277312
665,平昌县响滩镇中心卫生院,0.17776498046995026
666,平昌县土兴镇中心卫生院,0.1037123855397116
667,平昌县妇幼保健计划生育服务中心（平昌县妇幼保健院）,0.23268456875673388
668,平昌县得胜镇中心卫生院,0.9470522748512582
669,平昌县得胜镇五木卫生院,0.23478908837954612
670,平昌县汉王庙社区卫生服务中心,0.21951275565363632
671,平昌县白衣镇中心卫生院,0.25059650552100826
672,平昌县第二人民医院,0.4628653216569537
673,平昌县西兴镇中心卫生院,0.1099628670237624
674,平昌宝鑫医院,0.6634397626883153
675,平昌江龙医院,0.9086866335049117
676,平武县中医医院,0.3325202631059427
677,平武县人民医院,0.3216492173849386
678,平武县平通羌族乡中心卫生院（平武县第二人民医院）,0.48535552074252825
679,广元万江眼科医院,0.8205775334020736
680,广元万缘医院,0.2180122295869647
681,广元东晨医院,0.2863837793578357
682,广元九龙骨科医院,1.8156361576535662
683,广元佑安中医医院,0.1468440977673502
684,广元口腔医院,0.14275795839684538
685,广元回龙河医院,0.17029993271334684
686,广元圣仁康医院,0.41788192702959803
687,广元宝轮二医院,0.8367369427230507
688,广元川北糖尿病专科医院,0.39726893883583764
689,广元市中医医院,0.5998164605957949
690,广元市中心医院,0.9716955047385679
691,广元市优抚医院,0.2015725475583654
692,广元市利州区上西街道社区卫生服务中心,0.16899254056570384
693,广元市利州区东坝街道社区卫生服务中心,0.17773269918235413
694,广元市利州区中医医院,0.4593542249789979
695,广元市利州区嘉陵街道千佛社区卫生服务中心,0.3995789987441114
696,广元市利州区嘉陵街道社区卫生服务中心,0.8789147172158023
697,广元市利州区大石镇卫生院,0.30792236008707713
698,广元市利州区宝轮镇赤化卫生院,0.17270488863925798
699,广元市利州区河西街道天曌社区卫生服务中心,1.374804169629816
700,广元市利州区第二人民医院,0.37899544819542186
701,广元市利州区荣山镇卫生院,0.35577731066812646
702,广元市利州区雪峰街道社区卫生服务中心,0.39695149633438426
703,广元市利州区龙潭乡卫生院,0.45011320479546973
704,广元市妇幼保健院,0.3704013635422908
705,广元市昭化区人民医院,0.5445453217060784
706,广元市昭化区妇幼保健院,0.3366926799555941
707,广元市朝天区两河口镇卫生院,0.3363710167516015
708,广元市朝天区中医医院,0.47278948976778595
709,广元市朝天区中子镇中心卫生院,0.2369444585764608
710,广元市朝天区人民医院,0.45840896104180173
711,广元市朝天区妇幼保健院,0.36502547200343793
712,广元市朝天区曾家镇中心卫生院（广元市朝天区第二人民医院）,0.1446317965745175
713,广元市朝天区羊木镇中心卫生院,0.19933695090605946
714,广元市第一人民医院,0.8229805084574038
715,广元市第二人民医院,0.7376137473986718
716,广元市精神卫生中心,0.7529377522506556
717,广元德新肾病医院,0.8431805274944222
718,广元曾家山老年病专科医院,0.25327836173597523
719,广元湘康医院,0.35871408165762614
720,广元爱尔眼科医院,1.2236322323068565
721,广元福康老年病医院,0.18419357480817622
722,广安市中医医院,0.4381672959674548
723,广安市人民医院/四川大学华西医院广安医院/广安市人民医院互联网医院,0.9671249924320774
724,广安市前锋区人民医院,0.33210836997061877
725,广安市前锋区代市中心卫生院,0.36924676967937065
726,广安市前锋区观塘中心卫生院,0.1725588143373057
727,广安市前锋区观阁中心卫生院,0.2589457332730773
728,广安市前锋区龙塘街道社区卫生服务中心,0.2960880049925896
729,广安市广安区万盛社区卫生服务中心,0.18810709798355818
730,广安市广安区人民医院,0.8186075186347064
731,广安市广安区协兴中心卫生院,0.6029019729053652
732,广安市广安区妇幼保健计划生育服务中心,0.38805545165034405
733,广安市广安区官盛镇卫生院,0.2069224873321661
734,广安市广安区广福社区卫生服务中心（枣山园区）,0.26120950354290434
735,广安市广安区恒升中心卫生院,0.39981964097228456
736,广安市广安区悦来中心卫生院,0.2809130602042776
737,广安市广安区浓洄社区卫生服务中心,0.5574999411300833
738,广安市广安区石笋中心卫生院,0.33841073159625684
739,广安市广安区花桥中心卫生院,0.39343665233386116
740,广安恒德医院,0.40207793714787765
741,广安新迪眼科医院（枣山园区）,1.5091890917262296
742,广安福源医院,1.1458321382667571
743,广旺矿区代池坝医院,0.2241574393504915
744,广旺矿区宝轮院医院,0.4864790040735734
745,广汉圣心妇女儿童医院,0.4609354936205947
746,广汉市中医医院,0.6007761734768667
747,广汉市人民医院,0.713336725683836
748,广汉市向阳镇卫生院,0.19445447773231125
749,广汉市妇幼保健院,0.40215954693520156
750,广汉市小汉镇中心卫生院,0.14437455577677513
751,广汉市连山镇中心卫生院,0.19721092620819455
752,广汉市金鱼镇卫生院,0.9746527757459433
753,广汉市雒城街道顺德路社区卫生服务中心,0.04851383254665902
754,广汉市高坪镇中心卫生院,0.3430655013254302
755,广汉骨科医院,0.5507252257307874
756,康定市人民医院,0.61638059414994
757,康定市第二人民医院,0.5421780024949353
758,开江县中医院,0.5347946013957816
759,开江县人民医院,0.26429613496717425
760,开江县任市中心卫生院（开江县第二人民医院）,0.725804300722045
761,开江县妇幼保健计划生育服务中心,0.34777637865989536
762,开江县甘棠镇卫生院,0.6598671223304212
763,开江复康医院有限公司,0.6943521523162443
764,开江康仁骨科医院,0.8375479768752068
765,彭山瑞正利康医院,0.3278430162725159
766,彭州同一医院,0.4016762635811904
767,彭州市中医医院,0.6169646256199741
768,彭州市中西医结合医院,0.610488649902894
769,彭州市九尺镇卫生院,0.31586087009677916
770,彭州市人民医院,0.7643753286111253
771,彭州市传染病医院,0.1458481354412273
772,彭州市天彭街道安康护理院,2.2665148478726733
773,彭州市天彭街道西郊社区卫生服务中心,0.24101585611815088
774,彭州市妇幼保健院 彭州市妇女儿童医院,0.3473409254214657
775,彭州市敖平镇卫生院（彭州市第三人民医院）,0.16615942800182737
776,彭州市第二人民医院,0.5856958629768523
777,彭州市第四人民医院（彭州市精神卫生中心）,0.15532093868247057
778,彭州市通济镇卫生院,0.42276146413754784
779,彭州市隆丰街道社区卫生服务中心,0.2985955510973667
780,彭州段氏中医骨科医院,0.20534076020847683
781,彭州熊氏中医骨科医院,0.6704748606590699
782,彭州爱瞳眼科医院,2.0823275304517086
783,彭州磊络福兴医院,2.058712490810866
784,得荣县瓦卡镇中心卫生院,0.26529367940540616
785,德昌县中医医院,0.5163189977519522
786,德昌县人民医院,0.5793961269196293
787,德昌县妇幼保健计划生育服务中心,0.3032633675499981
788,德格县人民医院,0.7346337209703674
789,德阳博爱耳鼻喉专科医院,1.4709922140582379
790,德阳市中西医结合医院,0.8849174398962945
791,德阳市人民医院,1.1169726722157378
792,德阳市口腔医院,0.7299853450319488
793,德阳市旌阳区中医院（旌阳区人民医院）,0.6003524403234956
794,德阳市旌阳区八角井镇卫生院,0.5543407151541189
795,德阳市旌阳区双东镇卫生院,0.07858082727043907
796,德阳市旌阳区和新镇卫生院,0.11977279707988082
797,德阳市旌阳区妇幼保健计划生育服务中心（德阳市妇幼保健院，德阳市旌阳区妇幼保健院）,0.25132211443696284
798,德阳市旌阳区孝感社区卫生服务中心,0.46671648431163604
799,德阳市旌阳区孝泉镇卫生院,0.615881050509518
800,德阳市旌阳区德新镇卫生院,0.3632324679906878
801,德阳市旌阳区旌西社区卫生服务中心,0.2618300468504932
802,德阳市旌阳区柏隆镇卫生院,0.3655392580121212
803,德阳市旌阳区黄许镇卫生院,0.4110820588326794
804,德阳市第二人民医院,0.821620057202888
805,德阳市第六人民医院(东汽医院）,0.5884812789442829
806,德阳市精神卫生中心（德阳市安康医院，德阳市第七人民医院）,0.14569083805536087
807,德阳市罗江区中医医院,0.5002411775903536
808,德阳市罗江区人民医院,0.6074388239026598
809,德阳市罗江区新盛镇卫生院,0.5082335856637339
810,德阳市罗江区鄢家镇中心卫生院,0.5277375355153483
811,德阳市罗江区金山镇中心卫生院（德阳市罗江区第二人民医院）,0.7124705940176073
812,德阳爱尔眼科医院,0.7241511107285232
813,德阳眼科医院,0.867184810526003
814,德阳第五医院（德阳第五医院互联网医院）,0.6605110147950523
815,德阳肿瘤医院,0.8747440584784
816,德阳锦欣护理中心,0.20423041658003105
817,德阳骨科医院,1.2524644651784982
818,志辉医院,0.4568009204638401
819,悦好医学美容医院,2.3473785788426476
820,成都三松肾病医院,0.6601456499590258
821,成都上锦南府医院,0.5493616481431065
822,成都东区医院,0.4201402452274683
823,成都东区爱尔眼科医院,1.4634925759663917
824,成都东升医院,0.16469523243506806
825,成都东大肛肠医院,4.820624232537313
826,成都东篱医院,0.8342751950794792
827,成都东部新区三岔中心卫生院（成都东部新区第三人民医院）,0.8149496931257967
828,成都东部新区石板中心卫生院,0.39686349784963587
829,成都东部新区第二人民医院,0.6250458920643023
830,成都中医大银海眼科医院（成都中医大银海眼科医院互联网医院）,1.7865553481792156
831,成都中医药大学第三附属医院（四川省糖尿病防治中心）,0.19414470755427055
832,成都中医药大学附属医院（四川省中医医院  成都中医药大学附属医院（四川省中医医院）互联网医院）,1.0135788760088287
833,成都中医药大学附属生殖妇幼医院,0.7784580623164279
834,成都中德肾病医院,0.198558758285417
835,成都中科甲状腺医院,3.749829637376394
836,成都九如城康复医院,3.124913183079226
837,成都九龙医院（成都九龙中医医院）,1.2919292781136447
838,成都二零四医院,0.2503497959162351
839,成都五块石医院,0.1615154593430496
840,成都交通医院,0.4620698834190884
841,成都京东方医院,1.2729801780490455
842,成都亲睦家爱立康老年病医院,0.30880645798227135
843,成都仁品耳鼻喉专科医院,1.980774038036788
844,成都体育学院附属体育医院,2.1891133911947267
845,成都保髋股骨头骨科医院（成都保髋股骨头骨科医院互联网医院）,2.2069938180181343
846,成都儿童专科医院,0.3262927541559608
847,成都八一骨科医院,1.1872021587461101
848,成都八大处医疗美容医院,1.1483709427163216
849,成都军大整形外科医院,1.9028539581228183
850,成都军建医院,0.1907752360396155
851,成都冬雷脑科医院,0.3395156481286356
852,成都北新医院,0.5515055335656948
853,成都医学院第一附属医院,0.9616366821301763
854,成都华厦眼科医院,1.9261158174969653
855,成都博仕胃肠病医院,1.0743657211622422
856,成都双华骨科医院,0.7672392920878403
857,成都双楠医院,0.8896694324254436
858,成都双流海尔森老年病医院,0.24329733771041454
859,成都双流蛟龙港医院有限公司,0.1613636416341184
860,成都嘉事康复医院,0.6358858582999722
861,成都城东康复医院,0.39910470210337007
862,成都城南金花医院,0.7192664152884763
863,成都大华韩艺整形美容医院,3.5010736502571898
864,成都大学附属医院（成都大学附属医院互联网医院）,1.2191474839263692
865,成都天使之翼整形美容医院,2.934339554515146
866,成都天使儿童医院,0.26976124419926006
867,成都天大不孕不育医院,1.015696274373044
868,成都天府新区顾连禾泰康复医院,1.3892436306747191
869,成都威高肾病医院,1.1157371672260255
870,成都安琪儿妇产医院,0.33716608075400023
871,成都宝石花医院,0.6818819842115119
872,成都小青草眼科医院,1.9224975252470426
873,成都川蜀血管病医院,0.4825938896383072
874,成都市中西医结合医院,1.1618083478668613
875,成都市公共卫生临床医疗中心,1.0427758289512727
876,成都市双流区中医医院,0.7617452625375284
877,成都市双流区妇幼保健院,0.5538712547047646
878,成都市双流区彭镇卫生院,0.16468298867162143
879,成都市双流区永安中心卫生院,0.4842018642326824
880,成都市双流区第一人民医院,0.7706754371886001
881,成都市双流区西航港社区卫生服务中心,0.4817110923565105
882,成都市双流区黄龙溪镇卫生院,0.1974273109867013
883,成都市妇女儿童中心医院,0.77601503086425
884,成都市德康医院,0.15213793390062968
885,成都市成华区中医医院,0.576552432032303
886,成都市成华区妇幼保健院,0.6260753081438409
887,成都市成华区第七人民医院,0.37833669062656144
888,成都市成华区第三人民医院,0.37846091447986313
889,成都市新津区中医医院,0.6434251124327967
890,成都市新津区人民医院（成都市新津区急救指挥分中心）,0.8744677723645582
891,成都市新津区兴义镇中心卫生院,0.3440363529338082
892,成都市新津区妇幼保健计划生育服务中心（成都市新津区妇幼保健院）,0.7018076462394395
893,成都市新津区武阳社区卫生服务中心,0.3032286673727806
894,成都市新津区第二人民医院,0.2421096569709224
895,成都市新津区花源街道中心卫生院,0.5709146945624067
896,成都市新都区三河街道社区卫生服务中心,0.16410999581679026
897,成都市新都区中医医院,0.8058950515358404
898,成都市新都区人民医院,0.8125066664138396
899,成都市新都区妇幼保健院,0.6648696074485102
900,成都市新都区斑竹园街道社区卫生服务中心,0.28052438921030876
901,成都市新都区新繁街道社区卫生服务中心,0.18573223973086023
902,成都市新都区石板滩街道社区卫生服务中心,0.2130980295375393
903,成都市新都区第三人民医院,0.7421520910265632
904,成都市新都区第二人民医院,0.5751032537554791
905,成都市武侯区人民医院,0.3986038575892411
906,成都市武侯区第三人民医院,0.16221443822339343
907,成都市温江区中医医院,0.606832227835346
908,成都市温江区人民医院,0.8170546922235005
909,成都市温江区和盛镇中心卫生院（成都市温江区第二人民医院）,0.8531076720592731
910,成都市温江区妇幼保健院（成都市温江区妇幼保健计划生育服务中心）,0.5315258489594873
911,成都市第七人民医院,0.8261478624475569
912,成都市第三人民医院,1.3581729598301178
913,成都市第二人民医院,1.2756457591145816
914,成都市第五人民医院,1.0545243758157636
915,成都市第八人民医院（成都市慢性病医院   成都市第八人民医院互联网医院）,0.42633499943420167
916,成都市第六人民医院,0.7216646778257877
917,成都市第四人民医院（精神卫生中心 电子科技大学成都脑科学研究院临床医院 第四人民医院互联网医院,0.2936701948790448
918,成都市郫都区三道堰镇卫生院,0.5846625402971816
919,成都市郫都区中医医院,0.7577327137873994
920,成都市郫都区人民医院,0.9304458093236023
921,成都市郫都区团结街道社区卫生服务中心,0.7973116600767441
922,成都市郫都区安德街道社区卫生服务中心,0.19277048305828584
923,成都市郫都区安靖街道社区卫生服务中心,0.5468156772255842
924,成都市郫都区犀浦街道社区卫生服务中心（成都市郫都区中西医结合医院）,0.3657305371251421
925,成都市郫都区第二人民医院,0.678282121647797
926,成都市郫都区红光街道社区卫生服务中心,0.2643148658772944
927,成都市郫都区郫筒街道社区卫生服务中心,0.17861704448441323
928,成都市郫都区骨科医院,0.8007758889694133
929,成都市金牛区中医医院,0.4400835512066355
930,成都市金牛区人民北路社区卫生服务中心（成都市金牛区第二人民医院、成都市金牛区嗓音专科门诊部）,0.22823677362648856
931,成都市金牛区人民医院（四川省人民医院金牛医院 成都市脑外伤抢救中心 成都市金牛区人民医院互联网医院）,1.020553003645308
932,成都市金牛区妇幼保健院（成都市金牛区妇幼保健院互联网医院）,0.45875840117986116
933,成都市金牛区沙河源社区卫生服务中心（成都市金牛区金建人民医院）,0.5187717105485098
934,成都市锦江区妇幼保健院,1.105006659540441
935,成都市青白江区中医医院,0.5501458069287924
936,成都市青白江区人民医院,0.9390037734878366
937,成都市青白江区城厢镇公立中心卫生院,0.9697859528092645
938,成都市青白江区大弯社区卫生服务中心,0.22585372584650923
939,成都市青白江区妇幼保健院,0.39322762698755664
940,成都市青白江区清泉镇公立中心卫生院,0.34847431762129455
941,成都市青白江区祥福镇公立中心卫生院,0.6854665324678887
942,成都市青白江区红阳社区卫生服务中心,0.3607657069100647
943,成都市青白江区龙王镇卫生院,0.7909373077686055
944,成都市青羊区妇幼保健计划生育服务中心（成都市青羊区妇幼保健院）,0.2795210985527671
945,成都市青羊区府南金沙社区卫生服务中心,0.216010235949457
946,成都市青羊区文家社区卫生服务中心（成都市青羊区文家社区医院）,0.4106681868224395
947,成都市龙泉驿区中医医院,0.6348573195789121
948,成都市龙泉驿区妇幼保健院,0.37911744969229716
949,成都市龙泉驿区第一人民医院,0.7684687644426184
950,成都平安医院,1.4343665903533875
951,成都康福肾脏病医院,1.503465483906242
952,成都慈爱肿瘤医院,0.9383119991915897
953,成都成华三松肾病医院,0.3353402201899792
954,成都成华南光医院,0.4192265372988175
955,成都成华泰兴医院,0.3127950289924665
956,成都新世纪妇女儿童医院（成都新世纪妇女儿童医院互联网医院）,0.7196628946427812
957,成都新丽美医疗美容医院,0.5571297111654255
958,成都新华医院,0.9018844717266764
959,成都新生堂妇女儿童医院,0.43181030726612674
960,成都新视界眼科医院,0.726018799348323
961,成都新都西桥医院,0.8374627931894388
962,成都显微手足外科医院,3.5013137008155817
963,成都普瑞眼科医院,1.2349161257657761
964,成都暄妍医学美容医院,3.632491072469165
965,成都本草堂康复医院,1.5689322520225548
966,成都武侯乐颐乐康复医疗中心,0.24153938724932142
967,成都武侯九星肾病医院,0.5015200157184002
968,成都武侯西南医院,0.33416122404383913
969,成都民生福音耳鼻喉专科医院,0.7870232386712834
970,成都温江圣母妇产医院,0.9578007950434999
971,成都满地可医院（四川国济甲亢病医院）,0.31946862792934144
972,成都爱尔眼科医院,1.7250874468948003
973,成都爱迪眼科医院,0.9410417791625743
974,成都爱道医院,0.19328420948178637
975,成都玛丽亚天府妇产儿童医院,1.123178344617215
976,成都玛丽亚妇产儿童医院,0.7300813251557985
977,成都画美医疗美容医院,0.6020362467091502
978,成都第一骨科医院（青羊区医疗中心医院）,0.12389113421789737
979,成都美美妇产医院,0.5948922482048042
980,成都肛肠专科医院,0.5702642243401312
981,成都育才骨科医院,0.05071769451886771
982,成都蒲江颐养居老年病医院,0.6389149037739172
983,成都西区医院,0.8167408198417939
984,成都西区安琪儿妇产医院（成都西区安琪儿妇产医院互联网医院）,2.3537422551421825
985,成都西南不孕不育医院,0.6228417462618844
986,成都西南脑科医院,0.5172861260526702
987,成都西部中西医结合医院,0.25749964923943264
988,成都西部痛风风湿医院（成都西部痛风风湿医院互联网医院）,0.1173614695297961
989,成都誉美医院,1.1371566885827755
990,成都郫都正诚医院,0.23481331824162333
991,成都金沙医院（成都妇女儿童医院）,0.5427768194791255
992,成都金牛关怀老年病医院,0.1646853009501949
993,成都金牛华欣美辰医疗美容医院,6.324853401912568
994,成都铜雀台医学美容医院,7.157947381840418
995,成都锦力骨科医院,0.07159872420695482
996,成都锦欣中医医院,0.35579413169286417
997,成都锦欣妇产科医院,0.5623082139176735
998,成都锦欣沙河堡医院,1.1459554560876286
999,成都锦欣老年病医院,0.19059725437603064
1000,成都锦江大观医院,0.07564013094705398
1001,成都锦江安吉拉医疗美容医院,2.382476073685278
1002,成都长江医院,0.6306356329390759
1003,成都长江紫东老年病医院,0.20320243685539321
1004,成都长济老年病专科医院,0.34494476304924127
1005,成都长生肾病医院,0.7552563405328492
1006,成都阴氏骨科医院,1.3351381206845172
1007,成都附大强直类凤湿骨科医院,2.533675627390725
1008,成都青城山医院,0.5875069478796437
1009,成都顾连锦宸康复医院,2.5644636638746463
1010,成都颐锦天泰老年病医院,0.1974446585001821
1011,成都风湿医院（成都风湿医院互联网医院）,0.3017467501353547
1012,成都骨伤医院（成都市金牛区骨伤医院）,0.3085272985942137
1013,成都高新中和中医医院,0.2181064290773685
1014,成都高新区中和社区卫生服务中心,0.19011436638033377
1015,成都高新区合作社区卫生服务中心,0.3441203315621131
1016,成都高新区新北社区卫生服务中心,0.16318997912030075
1017,成都高新区芳草社区卫生服务中心,0.14259200345808692
1018,成都高新区西园社区卫生服务中心,0.23958264713410468
1019,成都高新区锦城社区卫生服务中心,0.312079347835519
1020,成都高新华南医院,0.21789869127383016
1021,成都高新博力医院,2.2050240705451825
1022,成都高新同爱医院,0.2666407714363643
1023,成都高新后美医疗美容医院,8.522228644726097
1024,成都高新城南妇幼医院,0.6862391712502945
1025,成都高新好医生第一医院,0.4366040654873287
1026,成都高新普康医院,0.09728355527878908
1027,成都高新米兰柏羽医学美容医院,4.6999881412978874
1028,成都高新锦欣老年病医院,0.19360203765978892
1029,成都龙泉驿锦欣老年病医院,0.2237407475730759
1030,成飞医院,0.8042556141341836
1031,攀枝花市中心医院,1.031712897664651
1032,攀枝花市中西医结合医院,0.921005687683429
1033,攀枝花市仁和区人民医院,0.5942468400401135
1034,攀枝花市仁和区同德镇中心卫生院（攀枝花市仁和区同德镇妇幼保健站）,0.24548502431107022
1035,攀枝花市仁和区平地镇中心卫生院（攀枝花市仁和区平地镇妇幼保健站）,0.22758307755266707
1036,攀枝花市妇幼保健院,0.43639614990007597
1037,攀枝花市第三人民医院,0.17069987912855472
1038,攀枝花市第二人民医院,0.6256175202623535
1039,攀枝花市第四人民医院,2.0887594638197764
1040,攀枝花煤业（集团）有限责任公司总医院,0.5649431926614575
1041,攀枝花爱尔眼科医院,0.6394518883744194
1042,攀钢西昌医院,0.6331554379543345
1043,攀钢集团总医院,0.9335095310066698
1044,攀钢集团成都医院,0.46828334583879766
1045,攀钢集团成都钢铁有限责任公司青白江医院,0.3337120063034021
1046,新津精准肿瘤医院,0.683838639407408
1047,新龙县人民医院,0.7750427172474107
1048,旌阳华仁医院,0.5581669673244231
1049,旺苍县三江镇中心卫生院,0.23110513463929158
1050,旺苍县中医医院,0.5372775132317452
1051,旺苍县人民医院,0.5190842586436528
1052,旺苍县国华镇中心卫生院,0.18363791742103777
1053,旺苍县妇幼保健院,0.30389927091834745
1054,旺苍县木门镇中心卫生院,0.24743606942428273
1055,旺苍德康骨科医院,0.3179301170835104
1056,旺苍红城医院,0.6712917862790102
1057,昭觉县人民医院,0.5036603305889302
1058,昭觉县妇幼保健计划生育服务中心,0.3026469353554475
1059,昭觉县新城镇中心卫生院,0.2562327202942262
1060,普格县人民医院,0.2788266934294054
1061,普格县妇幼保健院,0.2567606538517878
1062,朝天华仁医院,0.32047371033423633
1063,木里县中藏医院,0.26652238071549045
1064,木里藏族自治县人民医院,0.5372288014212833
1065,松潘县中藏医院,0.4880665617487902
1066,松潘县人民医院,0.4173202061862386
1067,核工业四一六医院,0.29320241667355723
1068,梓潼佳士老年病医院,0.12778012936719976
1069,梓潼县中医院,0.49180406265419785
1070,梓潼县人民医院,0.5318336562366497
1071,梓潼县文昌镇中心卫生院,0.6345958525317541
1072,梓潼县许州镇中心卫生院,0.4886058008300705
1073,梓潼县黎雅镇中心卫生院,0.13158508065152555
1074,梓潼太康医院,0.3379760549987776
1075,梓潼爱尔眼科医院,0.8464459826226471
1076,武胜县人民医院,0.9040633386248486
1077,武胜县第二人民医院（武胜县烈面镇中心卫生院）,0.3795032723064048
1078,武胜爱尔眼科医院,0.5843543789456045
1079,汉密尔顿美容医院,1.004239393086175
1080,汉源健行骨伤专科医院,0.7219457670455316
1081,汉源县中医医院,1.4277183736977508
1082,汉源县人民医院,0.5776841520316874
1083,江安县中医医院,0.5099059391086991
1084,江安县人民医院,0.5439537859329979
1085,江安县四面山镇中心卫生院,0.3349625450151334
1086,江安县夕佳山镇中心卫生院,0.232458564343845
1087,江安县妇幼保健院,0.24259195477965018
1088,江安县红桥镇中心卫生院,0.5408580968940092
1089,江油华厦眼科医院,0.751140747058268
1090,江油宝石花医院,0.4077207438966898
1091,江油市中医医院,0.3728337279399533
1092,江油市中坝卫生院,0.5336380589016365
1093,江油市人民医院,0.6860553937546899
1094,江油市传染病医院（江油市老年病医院）,0.21950773575689303
1095,江油市大堰镇卫生院,0.33047027478424146
1096,江油市太平镇卫生院,0.42835632985421734
1097,江油市妇幼保健计划生育服务中心,0.31755395674236403
1098,江油市武都镇中心卫生院,0.37890844799047985
1099,江油市第二人民医院,0.8449843212930773
1100,江油市第五人民医院,0.35755619379279724
1101,江油市第四人民医院,0.36334738633112845
1102,江油市精神病医院,0.23932874512532382
1103,江油市雁门镇中心卫生院,0.2747587092664799
1104,江油市青莲镇中心卫生院,0.22764345909374173
1105,江阳区丹林镇卫生院,0.29810556197029886
1106,江阳区况场街道社区卫生服务中心（泸州市江阳区第三人民医院）,0.5654656333234102
1107,江阳区分水岭镇卫生院,0.8558294719246883
1108,江阳区江北中心卫生院,0.14737018459128143
1109,江阳区通滩中心卫生院（泸州市江阳区第二人民医院）,0.5899259399338923
1110,江阳区黄舣中心卫生院（泸州市江阳区第二中医医院）,0.5199751168776764
1111,江阳区黄舣镇弥陀卫生院,0.08061899292292703
1112,汶川县人民医院,0.6817043455736949
1113,沐川县人民医院,0.6562049809336105
1114,沐川宏健医院,0.6926639352319954
1115,沐川新区中医医院,0.5672174993801842
1116,沙湾友安老年病专科医院,1.111472195418297
1117,泸县中医医院,0.5641121114884128
1118,泸县云龙中心卫生院,0.6033599441157683
1119,泸县人民医院,0.774921264725603
1120,泸县兆雅中心卫生院,0.43793651398741573
1121,泸县喻寺中心卫生院,0.24960205382700287
1122,泸县天兴镇卫生院,0.5668079769706127
1123,泸县太伏中心卫生院,0.12562503969004166
1124,泸县妇幼保健计划生育服务中心（泸县妇幼保健院）,0.16510466299084578
1125,泸县潮河中心卫生院,0.22318107979526258
1126,泸县牛滩中心卫生院,0.21928877114098533
1127,泸县第二人民医院,0.6413524655471262
1128,泸县长生肾病医院,0.1536165405774542
1129,泸州东大肛肠医院,2.530471719881579
1130,泸州中科胃肠病医院,0.7684469380627544
1131,泸州丽人妇产医院,0.7143245349750014
1132,泸州久正骨科医院,0.816064540476699
1133,泸州家和康医院,0.6580000793857682
1134,泸州川蓝康复专科医院,0.12112690432321382
1135,泸州市中医医院,0.9934268235837773
1136,泸州市人民医院（泸州市红十字医院、泸州市江阳区人民医院）,0.8580473101910173
1137,泸州市妇幼保健院(泸州市第二人民医院）,0.9848483678755902
1138,泸州市江阳区妇幼保健院（泸州市江阳区妇女儿童医院、泸州市江阳区妇幼保健计划生育服务中心）,0.284212051707421
1139,泸州市纳溪区中医医院,0.20700190185423942
1140,泸州市纳溪区人民医院,0.6955658534318448
1141,泸州市纳溪区妇幼保健计划生育服务中心（泸州市纳溪区妇幼保健院）,0.2227115831790529
1142,泸州市龙马潭区中医医院,0.5023047230019174
1143,泸州市龙马潭区人民医院,0.8228939457371848
1144,泸州市龙马潭区妇幼保建计划生育服务中心（泸州市龙马潭区妇幼保健院）,0.31050444505190916
1145,泸州市龙马潭区第二人民医院,0.3528935099423912
1146,泸州平安中医骨科医院,0.85134107822132
1147,泸州普惠外科医院,0.5664653357100122
1148,泸州爱尔眼科医院,1.1918663406047885
1149,泸州王氏骨科医院,0.9544510396204021
1150,泸州现代耳鼻喉专科医院,1.0896314853624314
1151,泸州福欣医院,0.7629420591502958
1152,泸州西南梅奥肾病医院,0.5053144372629748
1153,泸州锦欣妇产医院,0.33881432008540663
1154,泸州长江慢性病专科医院,2.1310517833717197
1155,泸州长生众信肾病医院,0.2678156908742397
1156,泸州骨康骨科医院,1.763494113567289
1157,泸州骨病医院,0.8253029991687791
1158,泸州龙马潭圣康中医骨伤医院,1.0703064606566979
1159,泸州龙马潭爱尔眼科医院,2.206807130074724
1160,洪雅乾州骨科医院,0.7149709454829094
1161,洪雅县东岳镇卫生院,0.7187496260300633
1162,洪雅县中医医院,0.5556593044640863
1163,洪雅县人民医院,0.4488085056448167
1164,洪雅县余坪镇卫生院,0.33456865737444064
1165,洪雅县妇幼保健计划生育服务中心,0.25665477209353077
1166,洪雅县柳江中心卫生院,0.4608362259677851
1167,渠县万康中医医院,0.09532588786513244
1168,渠县中医院,0.3973790872740706
1169,渠县中润医院,0.6577151451782685
1170,渠县临巴镇中心卫生院,0.3065646464390762
1171,渠县人民医院,0.7121136005935917
1172,渠县佑安医院,0.6651743358898224
1173,渠县康济医院,1.0546244884379823
1174,渠县济兴医院,0.6086099774265321
1175,渠县清溪场镇中心卫生院,0.17679526486766953
1176,渠县爱视眼科医院,0.839063895061967
1177,渠县福善中医医院,0.2172207842343116
1178,渠县第三人民医院（渠县静边镇中心卫生院）,0.17705799814184225
1179,渠县第二人民医院,0.19830571503019828
1180,渠县第四人民医院（渠县有庆镇中心卫生院）,0.13254275955000827
1181,游仙康耀医院,0.30130806978998637
1182,炉霍县人民医院,0.9154233886318819
1183,犍为县中医医院,0.993461864041945
1184,犍为县人民医院,0.8854772194383881
1185,犍为县妇幼保健院,0.4682462115008266
1186,犍为县定文镇中心卫生院,0.3705840229972224
1187,犍为县罗城镇中心卫生院,0.4034446281704292
1188,犍为成康医院,0.756646834794094
1189,犍为爱尔眼科医院,0.7122879481536095
1190,珙县上罗镇中心卫生院,0.2760449581294317
1191,珙县中医医院,0.5506670068527663
1192,珙县人民医院,0.46667269586227983
1193,珙县妇幼保健计划生育服务中心,0.27057691043756343
1194,珙县孝儿镇中心卫生院,0.5146701269507483
1195,珙县巡场发科骨科医院,0.6550544838054833
1196,理县人民医院,0.687132115433974
1197,理塘县人民医院,1.0464082817159828
1198,甘孜县人民医院,0.500573162189588
1199,甘孜州泸定县人民医院,0.43470904849442554
1200,甘孜藏族自治州人民医院,0.9380126745407963
1201,甘孜藏族自治州卫生学校附属医院,0.3633229495206919
1202,甘孜藏族自治州藏医院,3.1999655101210855
1203,甘洛县人民医院,0.7111277287614999
1204,甘洛县妇幼保健计划生育服务中心,0.27151792903482547
1205,电子科技大学医院,0.20160200072962287
1206,电子科技大学医院（清水河校区）,0.5729919020123406
1207,白玉县人民医院,0.642701491566201
1208,白玉县藏医院,0.27966778218588306
1209,百草堂骨科医院,0.6892660872707906
1210,盐亭县中医医院,0.7596339323351755
1211,盐亭县人民医院,0.5930337570391117
1212,盐亭县妇幼保健院,0.2886022175691232
1213,盐亭县岐伯镇中心卫生院,0.23321786111142503
1214,盐亭县文通镇中心卫生院,0.13037202071344742
1215,盐亭县精神病医院,0.30531228918695064
1216,盐亭县肿瘤医院,0.4507434245910122
1217,盐亭民兴医院,0.7312679554397439
1218,盐亭爱瞳眼科医院,0.9785634627365647
1219,盐亭福缘医院,0.1638994683154868
1220,盐亭经开区医院,0.8056898860444627
1221,盐源县中医医院,0.5452298539557268
1222,盐源县人民医院,0.691575244372823
1223,盐边县中医院,0.36084790214491647
1224,盐边县人民医院,0.6062183989690835
1225,盐边县第二人民医院,0.32997035628629257
1226,盐边县红格中心卫生院,0.23156443635618892
1227,眉山东坡骨科医院,0.609081057538612
1228,眉山仁德精成中医骨伤医院,0.4595011033108096
1229,眉山子瞻老年病医院有限公司,0.10396314854983157
1230,眉山市东坡区万胜镇卫生院,0.46498184118732233
1231,眉山市东坡区妇幼保健计划生育服务中心,0.3533344817695345
1232,眉山市东坡区思蒙镇卫生院,0.11410278515495174
1233,眉山市东坡区永寿镇卫生院,0.6998351621871669
1234,眉山市东坡区通惠街道社区卫生服务中心,0.1887089404835714
1235,眉山市中医医院（眉山市东坡区人民医院）,0.6717996676062286
1236,眉山市人民医院（眉山市传染病医院）,0.9559562370004403
1237,眉山市妇幼保健院,0.5597004626750844
1238,眉山市彭山区中医医院,0.47698853980475114
1239,眉山市彭山区人民医院,0.4842141703606624
1240,眉山市彭山区江口街道社区卫生服务中心,0.2748902078500944
1241,眉山市彭山区青龙街道社区卫生服务中心,0.42250077980552636
1242,眉山市残疾人康复中心(眉山市康复医院),0.7389162583644179
1243,眉山帅氏医院有限公司,0.16510051133549963
1244,眉山彭山福康老年病医院,0.2777841503046253
1245,眉山心脑血管病医院,0.7050895527383478
1246,眉山老年病医院有限公司,0.3821404203953393
1247,眉山肿瘤医院,0.6010013320511048
1248,眉山苏沈老年病医院有限公司,0.1108216257605722
1249,眉山蕴缨妇产医院,0.3249185843751342
1250,眉山蜀唐肛肠医院,0.43983037742513703
1251,眉山蜀西眼耳鼻咽喉专科医院有限公司,0.9588299939398117
1252,石棉县中医医院,0.5077824498891084
1253,石棉县人民医院,0.3545075002245929
1254,石棉容大医院,0.14473720419068822
1255,石渠县人民医院,0.6754418219852044
1256,稻城县人民医院,0.8219741549903817
1257,筠连县中医医院,0.6861998164579066
1258,筠连县人民医院,0.6802944556410797
1259,筠连县妇幼保健计划生育服务中心,0.22728920032874517
1260,筠连县巡司镇中心卫生院,0.3490615979378274
1261,筠连县筠连镇中心卫生院（筠连镇社区卫生服务中心）,0.2053263558346949
1262,简阳市三星中心卫生院,0.23824742793706602
1263,简阳市中医医院,0.8497886876799042
1264,简阳市人民医院,0.9166222664428512
1265,简阳市妇幼保健院,0.3297242400600196
1266,简阳市平泉中心卫生院,0.8751202058227777
1267,简阳市施家中心卫生院,0.2295162864802985
1268,简阳市踏水镇卫生院,0.21055111153597927
1269,简阳爱晚中西医结合医院,0.3343171090666464
1270,简阳玛莉亚妇产医院,0.4087573046438123
1271,简阳空分医院,0.5872061614323569
1272,米兰柏羽医学美容医院,9.419871514196402
1273,米易县中医医院,0.3503914463323476
1274,米易县人民医院,0.48805891573482574
1275,米易县妇幼保健服务中心,0.4491259510579514
1276,米诺娃妇女儿童医院,2.280801991649252
1277,红原县人民医院,0.5328170876273959
1278,纳溪区丰乐中心卫生院（泸州市纳溪区第四人民医院）,0.2804266815776195
1279,纳溪区大渡口中心卫生院（泸州市纳溪区第三人民医院）,0.1489892984999515
1280,纳溪区护国中心卫生院（泸州市纳溪区第二人民医院）,0.6019539922187727
1281,经开综合医院,0.12777808922490808
1282,绵竹仁爱医院,0.5801319903461897
1283,绵竹夏骡子骨伤专科医院,0.849701709842379
1284,绵竹市中医医院,0.7924728719359481
1285,绵竹市九龙镇卫生院,1.270980500161587
1286,绵竹市人民医院（绵竹市人民医院互联网医院）,0.8305685972604839
1287,绵竹市什地镇卫生院,0.7052790452962915
1288,绵竹市妇幼保健计划生育服务中心（绵竹市妇幼保健院，绵竹市妇女儿童医院）,0.32911350644100273
1289,绵竹市孝德镇卫生院,0.43300020013072
1290,绵竹市新市镇卫生院,0.1780234927908169
1291,绵竹市汉旺镇卫生院,0.44864603849647794
1292,绵竹市玉泉镇卫生院,0.19409662188628882
1293,绵竹市第二中医医院,0.28019858395472286
1294,绵竹市第二人民医院,0.17702514515294615
1295,绵竹市紫岩街道社区卫生服务中心,0.34977054579192685
1296,绵竹市肛肠专科医院,0.2949552708309202
1297,绵竹市麓棠镇卫生院,0.22821122871461968
1298,绵阳万江眼科医院有限责任公司,0.8812379751365745
1299,绵阳创伤骨科医院,0.7655108532978585
1300,绵阳华厦眼科医院,0.797711327440613
1301,绵阳富临医院,0.8226135570048427
1302,绵阳市中医医院,0.8823145034116464
1303,绵阳市中心医院,1.1347752201972605
1304,绵阳市人民医院,0.8662230298738061
1305,绵阳市妇幼保健院（绵阳市儿童医院）,0.3344533989758297
1306,绵阳市安州区中医院,0.5041215097838084
1307,绵阳市安州区人民医院,0.5295369884696035
1308,绵阳市安州区桑枣镇中心卫生院,0.7128684887391787
1309,绵阳市安州区秀水镇中心卫生院,0.17652529410565607
1310,绵阳市安州区第二人民医院,0.3949086599349294
1311,绵阳市涪城区丰谷中心卫生院,0.5928662798216249
1312,绵阳市涪城区吴家中心卫生院,0.2724258003723073
1313,绵阳市涪城区妇幼保健计划生育服务中心,0.42684795417460153
1314,绵阳市涪城区杨家镇卫生院,0.3470480526240192
1315,绵阳市涪城区石塘社区卫生服务中心,0.48054563553192264
1316,绵阳市涪城区青义中心卫生院,0.22248424817685947
1317,绵阳市游仙区中医医院,0.44353019510913544
1318,绵阳市游仙区人民医院,0.47332205126707005
1319,绵阳市游仙区仙鹤中心卫生院,0.33362046541800755
1320,绵阳市游仙区信义中心卫生院,0.2989833283679457
1321,绵阳市游仙区妇幼保健院,0.3258543524762472
1322,绵阳市游仙区小枧中心卫生院,0.09472024886387873
1323,绵阳市游仙区忠兴中心卫生院,0.6358570740899248
1324,绵阳市游仙区新桥中心卫生院,0.30265357851113567
1325,绵阳市游仙区沉抗镇卫生院,0.4333744245112672
1326,绵阳市游仙区游仙街道社区卫生服务中心,0.33774297147443677
1327,绵阳市游仙区盐泉中心卫生院,0.3147602936809032
1328,绵阳市游仙区石马中心卫生院,0.2151932678387728
1329,绵阳市游仙区魏城中心卫生院,0.5665344874410975
1330,绵阳市游仙经济试验区社区卫生服务中心,0.3510721234366191
1331,绵阳市第三人民医院,0.9899214414016252
1332,绵阳市肛肠病医院,0.27454309132191357
1333,绵阳市肿瘤医院,0.7039500753196808
1334,绵阳市骨科医院,1.1268421086832408
1335,绵阳爱尔眼科医院,1.5447171340346093
1336,绵阳爱贝尔妇产医院,0.5585729663124391
1337,绵阳益康老年护理院,0.20099828132129305
1338,绵阳经济技术开发区松垭人民医院（松垭镇卫生院）,0.4858707800277517
1339,绵阳耳鼻喉医院,0.3120439266109313
1340,绵阳肾病医院,0.48094141267339835
1341,绵阳顾连康复医院,0.2597983932516602
1342,绵阳高新区医院,0.30783162755335447
1343,绵阳高新区永兴镇中心卫生院,0.30492912823432455
1344,美姑县人民医院,0.6234687660916645
1345,美莱医学美容医院,2.199241698145744
1346,自流井区中医院,0.17013068624261762
1347,自流井区新街社区卫生服务中心,0.18358909975927426
1348,自流井区第二人民医院,0.8444418446501654
1349,自流井区钟云山社区卫生服务站,0.6828762395432236
1350,自贡云山骨科医院,1.0444841625127994
1351,自贡佳德安宁疗护医院（高新区）,0.7785395436891299
1352,自贡市中医医院,0.7104388316870566
1353,自贡市传染病医院,0.36507689419952843
1354,自贡市大安区人民医院（自贡市肿瘤医院）,0.5501725922261329
1355,自贡市大安区回龙镇卫生院,0.21940899437207736
1356,自贡市大安区妇幼保健院（大安区红十字博爱妇幼保健院）,0.27167729339301866
1357,自贡市妇幼保健院（自贡市妇女儿童医院）,0.5283020719152959
1358,自贡市沿滩区人民医院,0.5094057128014197
1359,自贡市沿滩区仙市镇卫生院,0.6240087684118123
1360,自贡市沿滩区妇幼保健院,0.4123291259869658
1361,自贡市沿滩区永安镇中心卫生院,0.21103160039684266
1362,自贡市沿滩区瓦市镇中心卫生院,0.2841812365821766
1363,自贡市第一人民医院,1.116684085658985
1364,自贡市第三人民医院,1.0081260257192353
1365,自贡市第四人民医院,1.104124498194154
1366,自贡市精神卫生中心,0.2933201707256763
1367,自贡康立眼科医院（高新区）,0.8732783383458861
1368,自贡怡然精神病医院,0.15672977443205388
1369,自贡爱尔眼科医院,0.8266446292952546
1370,自贡荣州骨科医院,0.8552662969989347
1371,自贡高新肿瘤医院,4.493826035241653
1372,船山区妇幼保健院,0.2732837987987366
1373,色达县人民医院,0.6354306488598528
1374,色达县泥朵镇卫生院,0.10087751903030207
1375,芦山勇康医院,0.414580980590956
1376,芦山县人民医院,0.5692526697173865
1377,苍溪仁信医院,1.5275255221732777
1378,苍溪县东溪镇中心卫生院,0.3769404602587908
1379,苍溪县东青镇中心卫生院,0.22984545779169538
1380,苍溪县中医医院,0.6064070630639743
1381,苍溪县五龙镇中心卫生院,0.447197191229039
1382,苍溪县人民医院,0.7643151640240138
1383,苍溪县元坝镇中心卫生院,0.3385874675862295
1384,苍溪县妇幼保健院,0.4293968804653684
1385,苍溪县文昌镇中心卫生院,0.17351192082916103
1386,苍溪县歧坪镇中心卫生院,0.6057423656714654
1387,苍溪县漓江镇卫生院,0.2546509372020162
1388,苍溪县白驿镇卫生院,0.2542151398194685
1389,苍溪县百利镇卫生院,0.33602399290994317
1390,苍溪县精神卫生防治院,0.3754524752770889
1391,苍溪县陵江镇中心卫生院（苍溪县第三人民医院）,0.23830857388701035
1392,苍溪县高坡镇卫生院,0.2474683507118788
1393,苍溪县鸳溪镇卫生院,0.12562961006418208
1394,苍溪县龙山镇中心卫生院,0.1805101668025983
1395,苍溪县龙王镇中心卫生院,0.2766398946751262
1396,苍溪康复医院,0.47009191435794684
1397,苍溪新友好医院,0.717488237880287
1398,苍溪瑞祥医院,0.4747417588362583
1399,苍溪百姓老年病专科医院,1.5674381633246295
1400,苍溪社保医院,2.265772894236693
1401,苍溪福昌中医疼痛医院,0.14050829143317697
1402,若尔盖县人民医院,0.3653503281859228
1403,茂县中医院,0.6806581289778096
1404,茂县人民医院,0.5316459717815113
1405,荣县中医医院（荣县第二人民医院、荣县老年病医院）,0.5188058875632567
1406,荣县人民医院,0.7922938009944964
1407,荣县妇幼保健院,0.29210944091958635
1408,荣县新城医院,0.7867723981820651
1409,荣县长山中心卫生院,0.11460647260304357
1410,荥经兴恒康医院,0.18593153551879152
1411,荥经县人民医院,0.6769800368044055
1412,荥经时代中西医院,0.7088401718580708
1413,营山华慷医院,0.385380939834758
1414,营山博康肾病医院,0.35238522605764644
1415,营山县中医医院,0.7723474839266744
1416,营山县人民医院,0.679507311719544
1417,营山县双流中心卫生院,0.26655775604517046
1418,营山县妇幼保健计划生育服务中心,0.2248172225344613
1419,营山民康医院,0.3593133673338228
1420,营山民生医院,0.15960027815878708
1421,营山祥润康复医院,0.3994618441462171
1422,蒲江县中医医院,0.7498942923478142
1423,蒲江县人民医院,0.7725413396680084
1424,蒲江县大塘公立中心卫生院,0.44428951347699697
1425,蒲江县妇幼保健计划生育服务中心,0.2745571146222783
1426,蒲江县成佳镇公立卫生院,0.32127263184502125
1427,蒲江县第二人民医院（蒲江县寿安公立中心卫生院）,0.4742719769646206
1428,蒲江县西来公立中心卫生院,0.18681988164066277
1429,蒲江西南任氏骨科医院,0.08645382411682356
1430,蒲江鑫名老年病医院,0.13120839361812234
1431,蓬安中山骨科医院,0.7995992137923189
1432,蓬安县中医医院,0.6599264368069689
1433,蓬安县人民医院,0.6861617620389437
1434,蓬安县妇幼保健计划生育服务中心,0.35566939674007175
1435,蓬安县徐家中心卫生院,0.30352418417972715
1436,蓬安济民医院,0.40629513791636024
1437,蓬溪仁心中医肛肠医院,0.035637705330378
1438,蓬溪县三凤中心卫生院,0.375453849722815
1439,蓬溪县中医医院,0.8517312969866069
1440,蓬溪县人民医院,0.647209540547434
1441,蓬溪县任隆中心卫生院,0.5246855341236097
1442,蓬溪县妇幼保健计划生育服务中心（蓬溪县妇幼保健院）,0.4125045847788377
1443,蓬溪县第二人民医院（蓬溪县蓬南中心卫生院）,1.1522346389520388
1444,蓬溪友爱天仁医院,0.4924326342505536
1445,蓬溪忠仁老年病医院,0.507762803114355
1446,蓬溪恒道中医（骨科）医院,0.7508186590061342
1447,蓬溪长庚中医肛肠医院,0.5353550187639532
1448,西充县中医医院,0.8153706237956988
1449,西充县义兴中心卫生院,0.3938497845541112
1450,西充县人民医院,0.7428994536715223
1451,西充县双凤中心卫生院,0.7183108104689082
1452,西充县妇幼保健计划生育服务中心,0.4043598986225281
1453,西充县晋城中心卫生院,0.6045155385568658
1454,西充县槐树中心卫生院,0.16330296362688718
1455,西充康桥医院,0.24557549239496682
1456,西南兵工成都医院,0.4828139633536904
1457,西南医科大学附属中医医院,1.4526879627525897
1458,西南医科大学附属医院,1.6654262873114376
1459,西南医科大学附属口腔医院,0.36778233635895075
1460,西昌市中医医院,0.3375049408429476
1461,西昌市人民医院,0.866422781799549
1462,西昌市妇幼保健院（西昌市妇女儿童医院、西昌市妇幼保健计划生育服务中心）,0.48149637290250824
1463,西昌康立医院,0.6388374173610324
1464,西昌王氏骨科专科医院,1.740391580939759
1465,西昌现代妇产医院,0.23609795057058908
1466,西藏自治区人民政府驻成都办事处医院,1.4122916490704396
1467,贡井区中医医院,0.3167123692978223
1468,资中县中医医院,0.55238675882582
1469,资中县人民医院,0.717727577375152
1470,资中县双河镇卫生院,0.28231636132226967
1471,资中县太平镇卫生院,0.23387191002500687
1472,资中县妇幼保健计划生育服务中心,0.3966129383810682
1473,资中县归德镇卫生院,0.18755907571572825
1474,资中县明心寺镇卫生院,0.7040568705169014
1475,资中县狮子镇卫生院,0.16576441180609156
1476,资中县球溪镇卫生院,0.1821731423373969
1477,资中县重龙镇卫生院（资中县重龙社区卫生服务中心）,0.6329109747009659
1478,资中县银山镇卫生院,0.326035134272326
1479,资中县龙江镇卫生院,1.0792478723359562
1480,资中县龙结镇卫生院,0.7635499116096147
1481,资中资州医院,0.6639968584699182
1482,资阳中欣肛肠医院,0.22395178104384109
1483,资阳光正新视界眼科医院,1.0340132023176893
1484,资阳市中医医院,0.5868341819791865
1485,资阳市人民医院,0.6715394743238622
1486,资阳市第一人民医院,0.8405382601703079
1487,资阳市精神病医院,0.2936067928097958
1488,资阳市雁江区中和镇中心卫生院,0.6863415912784846
1489,资阳市雁江区丰裕镇中心卫生院,0.46283749383654554
1490,资阳市雁江区丹山镇中心卫生院,0.35251690767069294
1491,资阳市雁江区人民医院,0.4504352207651648
1492,资阳市雁江区伍隍镇中心卫生院,0.2196687811948609
1493,资阳市雁江区保和镇中心卫生院,0.7881686154578694
1494,资阳市雁江区南津镇中心卫生院,0.24405963178617324
1495,资阳市雁江区妇幼保健计划生育服务中心(资阳市妇幼保健院）,0.3928863972127033
1496,资阳市雁江区小院镇中心卫生院,0.33350927976629785
1497,资阳市雁江区祥符镇中心卫生院,0.6693970741034511
1498,资阳市雁江区老君镇卫生院,0.08599393649287179
1499,资阳毛氏骨科医院,0.8323058253359118
1500,资阳爱尔眼科医院有限公司,0.7354877804384076
1501,越西县妇幼保健计划生育服务中心（越西县妇幼保健院）,0.2826196969955503
1502,越西县第一人民医院,0.5693967233462639
1503,越西康虹医院,1.7163553698627454
1504,达川佳合中医医院,0.223278905873184
1505,达川区三里坪街道社区卫生服务中心,0.4226917372057034
1506,达川区杨柳街道社区卫生服务中心,0.46000834824475256
1507,达川新侨医院,0.7791752121242205
1508,达州元达联合医院,0.6111265113713996
1509,达州元达联合疗养院,0.20298108062322115
1510,达州医科肿瘤医院,0.3358900399137513
1511,达州华康医院,0.5088959924488583
1512,达州华阳妇产儿童医院,0.661365974250633
1513,达州南方医院,0.8624330604944572
1514,达州市中心医院,0.9468121468749587
1515,达州市中西医结合医院,1.0481052147888676
1516,达州市妇幼保健计划生育服务中心(达州市妇女儿童医院）,0.4607838644101082
1517,达州市达川区中医医院,1.0292491995315998
1518,达州市达川区亭子镇中心卫生院,0.3155415159302032
1519,达州市达川区人民医院（达州市第三人民医院）,0.9074149186995102
1520,达州市达川区大树镇中心卫生院,0.13343659318859213
1521,达州市达川区妇幼保健计划生育服务中心,0.5603260986455719
1522,达州市达川区渡市镇中心卫生院,0.3674752473968161
1523,达州市达川区石桥镇中心卫生院,0.33719664972261454
1524,达州市达川区管村镇中心卫生院,0.43629665557474434
1525,达州市达川区赵家镇中心卫生院,0.8736773424214409
1526,达州市通川区人民医院,0.583746670272374
1527,达州德仁中医医院,0.3106482279464523
1528,达州火峰山老年病医院,0.958118640894151
1529,达州爱尔眼科医院,1.73625686002567
1530,达州爱尔眼视光眼科医院,1.5854117121054894
1531,达州田氏骨病医院,1.9966711107939423
1532,达州睛泰眼科医院,0.8970641110290452
1533,达州紫荆妇产医院,0.20094815799598
1534,达州职业技术学院附属医院,0.46161006527944276
1535,达州骨科医院,1.6296618143781187
1536,通川区中医院,0.47700958551097344
1537,通川区碑庙中心卫生院,0.16789595015788983
1538,通川区第二人民医院（通川区罗江中心卫生院）,0.1540411441633938
1539,通川双龙骨科医院,1.1918429871539045
1540,通江县中医医院,0.5884029766101178
1541,通江县人民医院,0.8171396834542437
1542,通江县妇幼保健院,0.3059442456608495
1543,通江县新场镇卫生院,0.35191395291922634
1544,通江县民胜中心卫生院,0.1866665455245812
1545,通江县洪口中心卫生院,0.1354383718723085
1546,通江县瓦室中心卫生院,0.40653487619665335
1547,通江县至诚中心卫生院,0.3597380603385089
1548,通江县诺水河中心卫生院,0.18134841633010726
1549,通江县铁溪中心卫生院,0.1739477182117087
1550,通江县麻石中心卫生院,0.2104497841610248
1551,通江新区医院,0.6225164289245193
1552,通江老城中西医结合医院,0.47086017946052316
1553,通江茹氏骨科医院,0.8506123786918859
1554,遂宁嘉慧妇产医院,0.36314830037114987
1555,遂宁市中医院,0.9373230175470374
1556,遂宁市中心医院,1.190226207395073
1557,遂宁市安居区三家镇中心卫生院,0.35835974074366056
1558,遂宁市安居区三家镇大安卫生院,0.7193566439611684
1559,遂宁市安居区东禅镇中心卫生院,0.3017184833648586
1560,遂宁市安居区中医院,0.14332622394692368
1561,遂宁市安居区人民医院,0.5704530378921032
1562,遂宁市安居区分水镇卫生院,0.7131474494888604
1563,遂宁市安居区拦江镇中心卫生院,0.4263844517540345
1564,遂宁市安居区横山镇中心卫生院,0.6039817032883927
1565,遂宁市安居区白马镇中心卫生院,0.8248219392610263
1566,遂宁市安居区西眉镇中心卫生院,0.43296636685871426
1567,遂宁市安居区西眉镇马家卫生院,0.540032648603778
1568,遂宁市民康医院（遂宁市优抚医院）,0.17929345111093964
1569,遂宁市第一人民医院,0.8837625578527732
1570,遂宁市第三人民医院,0.8668207256892556
1571,遂宁市船山区永兴镇中心卫生院（遂宁市船山区第一人民医院）,0.3992835088465552
1572,遂宁市船山骨科医院有限责任公司,1.4333484175134277
1573,遂宁杨柳肾病医院有限公司,0.41439100950768765
1574,遂宁爱尔眼科医院,0.694197957143781
1575,道孚县人民医院,1.128075619819325
1576,邛崃东华医院,0.24756603352456033
1577,邛崃任氏骨科医院,0.7666805630714963
1578,邛崃兴盛医院,0.5835760150878009
1579,邛崃可利特结石医院,0.3541042108299665
1580,邛崃品范医院,0.5893681221476329
1581,邛崃市中医医院,0.5397707056876853
1582,邛崃市医疗中心医院,0.9099724272369787
1583,邛崃市大同镇卫生院,0.17625583027483152
1584,邛崃市天台山镇中心卫生院（邛崃市第五人民医院）,0.18588622824528772
1585,邛崃市夹关镇中心卫生院（邛崃市第三人民医院）,0.22701995569376507
1586,邛崃市妇幼保健院,0.19895974682209688
1587,邛崃市平乐镇中心卫生院（邛崃市第六人民医院）,0.5998274626550597
1588,邛崃市第二人民医院（成都市第三人民医院邛崃医院）,0.33122159902539666
1589,邛崃爱尔眼科医院,1.1235258073762804
1590,邻水县中医医院,0.6067615566696904
1591,邻水县九龙镇中心卫生院,0.4077201825974749
1592,邻水县人民医院,0.8164218041890112
1593,邻水县兴仁镇中心卫生院,0.1447159224373886
1594,邻水县合流镇卫生院,0.26629881631740393
1595,邻水县坛同镇卫生院,0.2630551721301644
1596,邻水县城北镇卫生院,0.06923217037803775
1597,邻水县妇幼保健计划生育服务中心,0.2672730691198829
1598,邻水县柑子镇中心卫生院,0.19404901997634436
1599,邻水县石永镇卫生院,0.22279468655924214
1600,邻水县第二人民医院,0.3400704926998933
1601,邻水天蓝眼科医院,1.2355649259621837
1602,邻水安康医院,0.5309591843120061
1603,都江堰宏惠医院,0.21714344599186766
1604,都江堰岷刚医院,0.6263471807096957
1605,都江堰市中医医院,0.5479592980495174
1606,都江堰市人民医院,0.87483141049084
1607,都江堰市桂花社区卫生服务中心,0.2105304873800151
1608,都江堰市沿江卫生院,0.8020310225964304
1609,都江堰市玉堂镇卫生院,0.18614197460114418
1610,都江堰市第二人民医院,0.5801705290606812
1611,都江堰市聚源镇中心卫生院,0.09658711738253958
1612,都江堰市青城山镇中心卫生院,0.47137507490671005
1613,都江堰市骨伤专科医院,1.4269647441961657
1614,都江堰爱尔眼科医院,1.3526935525490698
1615,都江堰首嘉医院,0.4281599177603687
1616,都江堰鹏程疼痛医院,3.1092413918344417
1617,酒城全科中医医院,0.19175084832097056
1618,金堂县中医医院,0.5814799489045482
1619,金堂县中西医结合医院（金堂县土桥中心卫生院、金堂县土桥镇公共卫生所）,0.296178095458691
1620,金堂县妇幼保健院（金堂县妇女儿童医院）,0.8823303107931657
1621,金堂县福兴镇中心卫生院（金堂县福兴镇公共卫生所）,0.1886491638894891
1622,金堂县第一人民医院,0.8134283716231633
1623,金堂县第三人民医院,0.744443049835502
1624,金堂县第二人民医院,0.8292401368769827
1625,金堂县赵家镇卫生院(金堂县赵家镇公共卫生所）,0.5686724747841494
1626,金堂县赵镇社区卫生服务中心（金堂县赵镇街道公共卫生所）,0.22813992976370018
1627,金堂县转龙镇中心卫生院,0.23022207281365015
1628,金堂县骨伤科医院（金堂县淮口社区卫生服务中心、金堂县淮口街道公共卫生所）,0.5686790800668456
1629,金堂家兴结石病医院,0.43071321064082646
1630,金堂晟康精神病医院,0.12826512713678545
1631,金堂正康老年病医院,0.1475970393055932
1632,金堂瑞辰仁爱医院,0.4027806850538877
1633,金堂纺织妇产医院,0.253516987316097
1634,金堂黄氏中西医骨科医院,0.9422468829357269
1635,金川县中藏医院,0.1783040779728055
1636,金川县人民医院,0.5759165407348692
1637,金阳华大医院,0.34857334346293606
1638,金阳华大医院对坪分院,0.187913022555902
1639,金阳县人民医院,0.7578991175348966
1640,长宁县中医医院,0.6855331137617607
1641,长宁县人民医院,0.7078725895886
1642,长宁县双河镇中心卫生院,0.40048762322283665
1643,长宁县妇幼保健计划生育服务中心（长宁县妇幼保健院）,0.29687082621679556
1644,长宁县花滩镇中心卫生院,1.0944816673764317
1645,长宁县长宁镇中心卫生院,0.4208869712379965
1646,长宁舒之康妇产医院,0.2901860996211576
1647,阆中元华祥医院,0.31517598321938284
1648,阆中博杨中医医院,4.243734229089353
1649,阆中名城医院,0.8901919877136334
1650,阆中市中医医院,0.6691027295472051
1651,阆中市二龙镇中心卫生院,0.3747695216329091
1652,阆中市人民医院,0.8283997189981255
1653,阆中市千佛镇中心卫生院,0.3049690857421825
1654,阆中市妇幼保健计划生育服务中心,0.270868722509838
1655,阆中市柏垭镇中心卫生院,0.12263675327383339
1656,阆中市河溪街道中心卫生院（阆中市第四人民医院）,0.28084702393583016
1657,阆中市第二人民医院,0.6382947008758989
1658,阆中市精神卫生中心,0.2238349266962393
1659,阆中慈念医院,0.6890016919126547
1660,阆中明康医院,1.4917988261321855
1661,阆中益民医院,0.7149314262623107
1662,阆中眼耳鼻喉专科医院,0.8873896405609214
1663,阿坝兴富医院,0.6808269357780796
1664,阿坝县人民医院,0.4217264503520371
1665,阿坝县藏医院,0.21376119948722083
1666,阿坝州林业中心医院,0.29149339782399125
1667,阿坝藏族羌族自治州人民医院,0.6831762025150092
1668,隆昌市中医医院,0.2754083622924075
1669,隆昌市人民医院,0.7712116602308323
1670,隆昌市妇幼保健院,0.2532947826125744
1671,隆昌通康医院,0.898059699939334
1672,雅安仁康医院（雅安结石病医院）,0.9071567433478148
1673,雅安博爱医院,0.2671816884374434
1674,雅安唐氏肛肠专科医院,0.25431271574159303
1675,雅安市中医医院(雅安市中医医院互联网医院）,0.9041417286814695
1676,雅安市人民医院（雅安市人民医院互联网医院）,1.12409138594933
1677,雅安市名山区中医医院,0.7096647806796553
1678,雅安市名山区人民医院,0.6680158474860418
1679,雅安市名山区妇幼保健计划生育服务中心,0.2349181034564528
1680,雅安市第四人民医院（雅安市精神病医院、雅安市精神卫生中心）,0.2880271051548792
1681,雅安市雨城区人民医院.雅安市第二人民医院,0.9660819665051089
1682,雅安市雨城区草坝镇中心卫生院,0.385602869543848
1683,雅安德仁医院,0.2079872602360832
1684,雅安恒博医院,0.656213418736273
1685,雅安民康医院,0.2910870890953091
1686,雅安河北医院,0.37415976006984214
1687,雅安职业技术学院附属医院,0.3570593192585973
1688,雅安雨城容大医院,0.4846391097456831
1689,雅江县人民医院,1.3220036761301532
1690,雷波县人民医院,0.4358841450935355
1691,雷波百信医院,0.7973486161765541
1692,雷波祥和医院,0.8910430628629223
1693,青川县中医医院,0.4898687133538513
1694,青川县人民医院,0.43454860758593594
1695,青川县妇幼保健院,0.41052065802841275
1696,青川县第一人民医院,0.6298508782305857
1697,青白江日鑫老年病医院,0.2347713876272661
1698,青神县中医医院,0.4373356632246304
1699,青神县人民医院,0.6408637167056545
1700,青神康达骨科医院,0.44176661011008
1701,马边创骨医院,0.7034644398233388
1702,马边彝族自治县人民医院,0.5676601720255721
1703,马边彝族自治县妇幼保健计划生育服务中心,0.33128437522579257
1704,高县中医医院,0.5990263520073242
1705,高县人民医院,0.08866558999503482
1706,高县妇幼保健院,0.21163772731548483
1707,高县文江镇中心卫生院（高县第二人民医院）,0.4243990143190692
1708,高县来复镇中心卫生院,0.458543536371984
1709,高县沙河镇中心卫生院,0.3917329623782186
1710,高县罗场镇中心卫生院,0.43309442099335
1711,高坪太禾医院,0.5778009300619269
1712,黑水县中藏医院,0.24900171187269468
1713,黑水县人民医院,0.2119770248840969
1714,龙马潭区胡市中心卫生院(泸州市龙马潭区第三人民医院）,0.3726272358712576
1715,龙马潭区金龙镇卫生院,0.5783999705035336
1716,龙马潭区鱼塘街道社区卫生服务中心,0.46392103011100516
