,basy_caption
0,万华医院
1,万源健安医院
2,万源市中心医院
3,万源市大竹中心卫生院
4,万源市庙子乡卫生院
5,万源市永宁镇卫生院
6,万源市竹峪中心卫生院
7,万源市罗文中心卫生院
8,万源市黄钟中心卫生院
9,三台华厦眼科医院
10,三台华康医院
11,三台县妇幼保健院
12,三台县富顺镇中心卫生院
13,三台县新德镇卫生院
14,三台县新鲁镇卫生院
15,三台怀康精神病院
16,中江县东北镇卫生院
17,中江县人民医院
18,中江县广福中心卫生院
19,中江县普兴镇卫生院
20,中江县永兴中心卫生院
21,中江县精神病医院（中江县安康医院，中江县第三人民医院）
22,中江悦乐精神病医院
23,丹巴县中藏医医院
24,丹巴县妇幼保健计划生育服务中心
25,丹棱县妇幼保健服务中心
26,丹棱百姓医院
27,乐山市五通桥区冠英镇卫生院
28,乐山市五通桥区西坝镇中心卫生院
29,乐山市五通桥区金粟镇卫生院
30,乐山市人民医院
31,乐山市市中区平兴镇卫生院
32,乐山市市中区水口镇卫生院
33,乐山市市中区青平镇卫生院
34,乐山明简医院
35,乐山沙湾管山医院
36,乐至为民精康医院有限公司
37,乐至县东山镇卫生院
38,乐至县南塔街道社区卫生服务中心
39,乐至县盛池镇卫生院
40,乐至县童家镇中心卫生院
41,乐至县良安镇全胜卫生院
42,井研县东林镇卫生院
43,井研县研经镇中心卫生院
44,什邡丽人医院
45,什邡市人民医院（什邡市人民医院互联网医院）
46,什邡市元石卫生院
47,什邡市回澜卫生院
48,什邡第二医院
49,仁寿县城北社区卫生服务中心
50,仁寿县宝马镇卫生院
51,仁寿县慈航镇卫生院
52,仁寿县视高街道清水社区卫生服务中心
53,仁寿县视高街道社区卫生服务中心
54,仁寿海微眼科医院
55,仁寿长生众康医院
56,仁寿鳌峰外科医院
57,仪陇县二道镇卫生院
58,仪陇县度门街道光华社区卫生服务中心
59,仪陇县柴井乡卫生院
60,仪陇县永乐中心卫生院
61,仪陇县瓦子镇卫生院
62,会东县中医医院
63,会东县淌塘镇中心卫生院
64,会理市云甸镇卫生院
65,会理市内东乡卫生院
66,会理市新安傣族乡卫生院
67,会理阳光医院
68,兴文县五星镇卫生院
69,兴文康乐苑医养结合医院
70,内江市东兴区新江社区卫生服务中心
71,内江市市中区中医医院
72,内江市市中区交通镇卫生院
73,内江市市中区凌家镇中心卫生院
74,内江惠康医院
75,冕宁县人民医院
76,冕宁县巨龙康美医院
77,凉山州喜德县光明镇中心卫生院（光明社区卫生服务中心）
78,凉山州喜德县北山乡卫生院
79,凉山州喜德县洛哈镇卫生院
80,凉山骨科医院
81,前锋民生医院
82,剑阁县义兴镇卫生院
83,剑阁县杨村镇卫生院
84,剑阁县龙源镇卫生院
85,勃林格殷格翰霁达（成都）康复医疗中心
86,北川羌族自治县坝底乡中心卫生院
87,北川羌族自治县曲山镇卫生院
88,北川羌族自治县禹里镇中心卫生院
89,北川羌族自治县都贯乡卫生院
90,华蓥市华龙社区卫生服务中心
91,南充市嘉陵区世阳镇卫生院
92,南充市嘉陵区人民医院
93,南充市嘉陵区妇幼保健计划生育服务中心
94,南充市嘉陵区西兴街道花园社区卫生服务中心
95,南充市嘉陵区都尉街道木老社区卫生服务中心
96,南充市第四人民医院
97,南充旭洲医院
98,南充永康医院
99,南充罾康医院
100,南江云山骨科医院
101,南江仁爱医院
102,南江县中医医院
103,南江县关路镇卫生院
104,南江县团结乡卫生院
105,南江县杨坝镇中心卫生院
106,南江县神门乡卫生院
107,南江县集州街道春场坝社区卫生服务中心
108,南溪仁爱医院
109,南部仁博耳鼻喉医院
110,南部仁爱胃肠医院
111,南部县中医医院
112,南部县双峰乡卫生院
113,南部县大王镇卫生院
114,南部县妇幼保健计划生育服务中心（南部县妇幼保健院、南部县妇女儿童医院）
115,南部县小元乡卫生院
116,南部县神坝镇卫生院
117,南部县金葫社区卫生服务中心
118,南部精诚眼科医院
119,叙永县向林镇卫生院
120,叙永县枧槽苗族乡卫生院
121,叙永县黄坭镇卫生院
122,叙永天星桥医院
123,叙永海内胜中医医院
124,古蔺县皇华镇卫生院
125,古蔺县金兰街道护家社区卫生服务中心
126,古蔺县龙山中心卫生院
127,古蔺康兴妇产医院
128,古蔺蜀南医院
129,合江县先市中心卫生院
130,合江县先滩中心卫生院
131,合江县大桥中心卫生院（合江县第四人民医院）
132,合江县望龙中心卫生院
133,合江县白米镇卫生院
134,合江普仁医院
135,喜德新区医院
136,四川友好医院
137,四川大学华西第四医院
138,四川天府新区万安社区卫生服务中心
139,四川天府新区籍田中心卫生院
140,四川省中西医结合医院（四川省中医药科学院附属医院）
141,四川省儿童医院（四川省儿童医学中心）
142,四川省生殖健康研究中心附属生殖专科医院（四川省生殖健康研究中心附属生殖专科医院互宜达互联网医院）
143,四川眼科医院
144,四川绿色歧黄医院管理有限公司洞子口医院（四川绿色歧黄医院管理有限公司洞子口医院绿源集互联网医院）
145,大安区三多寨镇卫生院
146,大竹县杨通乡卫生院
147,大竹县高穴中心卫生院
148,大竹德康精神病医院
149,大竹济民医院
150,大竹诚济医院
151,大英君珉骨科医院
152,大英康成精神病专科医院
153,大邑县第二人民医院
154,大邑县鹤鸣镇公立卫生院
155,大邑民仁医院
156,大邑阴接骨医院
157,天全天翔医院
158,夹江县妇幼保健计划生育服务中心（夹江县妇幼保健院、夹江县妇女儿童医院）
159,夹江县甘江镇中心卫生院
160,威远县向义镇卫生院
161,威远县连界镇卫生院
162,威远县龙会镇卫生院
163,威远同心医院
164,宁南县妇幼保健计划生育服务中心（宁南县妇幼保健院）
165,宁南县白鹤滩镇卫生院（白鹤滩镇妇幼保健计划生育服务站）
166,安大医院
167,安居万木春精神病医院
168,安居弘生医院
169,安岳县东胜乡卫生院
170,安岳县两板桥镇卫生院
171,安岳县文化镇卫生院
172,安岳康肤皮肤病医院
173,宜宾和美妇产医院
174,宜宾大塔医院
175,宜宾市南溪区仙源街道社区卫生服务中心
176,宜宾市南溪区妇幼保健计划生育服务中心、宜宾市南溪区妇幼保健院
177,宜宾市叙州区凤仪乡卫生院
178,宜宾市叙州区华盛社区卫生服务中心
179,宜宾市叙州区蕨溪镇中心卫生院
180,宜宾市妇幼保健计划生育服务中心
181,宜宾盛德医院
182,宜宾目乐眼科医院
183,宝兴县中医医院
184,宣汉县中医院
185,宣汉县南坪镇观山卫生院
186,宣汉县桃花镇卫生院
187,宣汉县残联附属医院
188,宣汉县马渡关镇卫生院
189,宣汉县黄石乡卫生院
190,宣汉县黄金镇卫生院
191,宣汉县龙泉土家族乡卫生院
192,富顺华英医院
193,富顺县代寺镇中心卫生院
194,富顺县童寺镇中心卫生院
195,射洪市妇幼保健院（射洪市妇幼保健卫生服务中心）
196,射洪市康复保健医院（射洪市平安街道社区卫生服务中心）
197,射洪市洋溪中心卫生院
198,射洪市青岗中心卫生院
199,射洪市香山镇卫生院
200,屏山县中都镇中心卫生院
201,屏山怡宁精神病医院
202,岳池同信医院
203,岳池川东医院（岳池红十字川东医院）
204,岳池爱康精神病专科医院
205,崇州崇爱医院
206,崇州市妇幼保健计划生育服务中心（崇州市妇幼保健院）
207,崇州市羊马街道社区卫生服务中心
208,崇州普爱医院
209,崇州民仁汾州医院
210,崇州济民医院
211,巴中仁和医院
212,巴中市恩阳区上八庙镇卫生院
213,巴中市恩阳区茶坝镇中心卫生院
214,巴中鸿福妇产科医院
215,巴州六六六医院
216,巴州北门医院
217,巴州区鼎山中心卫生院
218,布拖县牛角湾镇卫生院
219,平昌县中医医院
220,平昌县云台镇中心卫生院
221,平昌县小桥街社区卫生服务中心
222,平昌县岳家镇卫生院
223,平昌县江家口镇卫生院
224,平昌县涵水镇卫生院
225,平昌县白衣镇中心卫生院
226,平昌县驷马镇中心卫生院
227,平武县豆叩羌族乡中心卫生院
228,广元九龙骨科医院
229,广元佑安中医医院
230,广元宝轮二医院
231,广元市利州区河西街道社区卫生服务中心
232,广元市利州区盘龙镇卫生院
233,广元市利州区龙潭乡卫生院
234,广元市昭化区人民医院
235,广元市昭化区昭化镇中心卫生院
236,广元市昭化区王家镇中心卫生院
237,广元市昭化区磨滩镇卫生院
238,广元市朝天区临溪乡卫生院
239,广元市朝天区水磨沟镇卫生院
240,广元曾家山老年病专科医院
241,广元湘康医院
242,广元爱尔眼科医院
243,广元皮肤泌尿专科医院
244,广安市广安区人民医院
245,广安市广安区花桥中心卫生院
246,广汉市汉州街道社区卫生服务中心
247,广汉市精神病医院
248,广汉市金雁街道社区卫生服务中心
249,广汉市雒城街道顺德路社区卫生服务中心
250,广汉市高坪镇中心卫生院
251,开元医院
252,开江民德医院有限责任公司
253,彭州北君平医院
254,彭州宗德医院
255,彭州市九尺镇卫生院
256,彭州市天彭街道社区卫生服务中心
257,彭州市白鹿镇卫生院
258,彭州市第二人民医院
259,彭州市葛仙山镇卫生院
260,彭州市龙门山镇卫生院
261,彭州罗万医院
262,德昌县中医医院
263,德昌县巴洞镇中心卫生院
264,德昌县茨达镇卫生院
265,德阳乐龄精神病医院
266,德阳市中西医结合医院
267,德阳市旌阳区八角井镇卫生院
268,德阳市旌阳区旌西社区卫生服务中心
269,德阳第五医院（德阳第五医院互联网医院）
270,德阳肿瘤医院
271,成都世博医院
272,成都东部新区三岔中心卫生院（成都东部新区第三人民医院）
273,成都东部新区周家卫生院
274,成都东部新区清风卫生院
275,成都东部新区高明卫生院
276,成都九如城康复医院
277,成都亲睦家爱立康老年病医院
278,成都体育学院附属体育医院
279,成都八大处医疗美容医院
280,成都军大整形外科医院
281,成都博仕胃肠病医院
282,成都双流仁港医院
283,成都双流柏林医院
284,成都天使之翼整形美容医院
285,成都天府新区希华医院
286,成都市双流区东升社区卫生服务中心
287,成都市双流区公兴社区卫生服务中心
288,成都市双流区金桥社区卫生服务中心
289,成都市双流区黄水镇卫生院
290,成都市成华区双水碾社区卫生服务中心
291,成都市新津区五津社区卫生服务中心
292,成都市新津区永商镇公立卫生院
293,成都市新津区花源街道中心卫生院
294,成都市新都区斑竹园街道社区卫生服务中心
295,成都市温江区中医医院
296,成都市温江区金马街道社区卫生服务中心
297,成都市金牛区沙河源社区卫生服务中心（成都市金牛区金建人民医院）
298,成都市青白江区福洪镇卫生院
299,成都市龙泉驿区大面公立卫生院
300,成都市龙泉驿区第一人民医院
301,成都市龙泉驿区龙泉平安社区卫生服务中心
302,成都康福肾脏病医院
303,成都成华南光医院
304,成都成华泰兴医院
305,成都成华龙港医院
306,成都新都桂湖医院
307,成都普瑞眼科医院
308,成都武侯九星肾病医院
309,成都武侯军盛医院
310,成都武侯华生铂悦美容医院
311,成都泰兴医院
312,成都温江仁安医院
313,成都珍君医院
314,成都神康癫痫医院
315,成都第一骨科医院（青羊区医疗中心医院）
316,成都郫都川电医院
317,成都郫都蜀馨医院
318,成都金沙医院（成都妇女儿童医院）
319,成都锦江安吉拉医疗美容医院
320,成都附大强直类凤湿骨科医院
321,成都青羊兴光明眼科医院
322,成都风湿医院（成都风湿医院互联网医院）
323,成都骨伤医院（成都市金牛区骨伤医院）
324,成都高新区中和社区卫生服务中心
325,成都高新区新北社区卫生服务中心
326,成都高新区肖家河社区卫生服务中心
327,成都高新区芳草社区卫生服务中心
328,成都黄再军医院
329,成都龙泉驿锦欣慢性病医院
330,攀枝花市仁和区大田医院（攀枝花市仁和区大田镇妇幼保健站）
331,新津岷江颐养居康复医疗中心
332,旺苍县三江镇中心卫生院
333,旺苍县五权镇中心卫生院
334,旺苍县嘉川镇中心卫生院
335,旺苍县黄洋镇卫生院
336,旺苍青林医院
337,昭觉县三岔河镇中心卫生院
338,昭觉县四开镇中心卫生院
339,普格县日都迪萨镇卫生院
340,普格县花山镇卫生院
341,木里博爱医院
342,木里县固增乡卫生院
343,梓潼县人民医院
344,梓潼县观义镇中心卫生院
345,梓潼鸣兴精神病医院
346,武胜县中心镇中心卫生院（武胜县第三人民医院）
347,武胜县清平镇卫生院
348,武胜县金牛镇卫生院
349,汉源县唐家镇卫生院
350,汉源县坭美乡卫生院
351,江安县五矿镇卫生院
352,江安县四面山镇中心卫生院
353,江安县大妙镇卫生院
354,江安县江安镇卫生院
355,江安县铁清镇卫生院
356,江油市三合镇卫生院
357,江油市双河镇卫生院
358,江油市妇幼保健计划生育服务中心
359,江油市雁门镇中心卫生院
360,江油让水医院
361,江阳区丹林镇卫生院
362,江阳区分水岭镇卫生院
363,江阳区南城街道社区卫生服务中心
364,江阳区黄舣中心卫生院（泸州市江阳区第二中医医院）
365,沐川县黄丹镇卫生院
366,泸县云龙中心卫生院
367,泸县曹市寿康医院
368,泸县潮河福康医院
369,泸县贵锋医院
370,泸县雨坛龙洞山医院
371,泸州东大肛肠医院
372,泸州丽人妇产医院
373,泸州川蓝康复专科医院
374,泸州市龙马潭区妇幼保建计划生育服务中心（泸州市龙马潭区妇幼保健院）
375,泸州爱尔眼科医院
376,泸州纳溪乐和医院
377,泸州纳溪护民医院
378,泸州骨康骨科医院
379,洪雅县槽渔滩中心卫生院（洪雅县槽渔滩镇妇幼保健计划生育服务站）
380,涪城加华护理院
381,渠县乐康中医医院
382,渠县博仁医院
383,渠县天星街道社区卫生服务中心
384,渠县崇康医院
385,渠县庆康医院
386,渠县康宁中西医结合医院
387,渠县德善中医医院
388,渠县涌兴镇中心卫生院
389,炉霍县妇幼保健计划生育服务中心
390,炉霍县藏医院
391,犍为新城医院
392,珙县妇幼保健计划生育服务中心
393,珙县底洞镇中心卫生院
394,甘孜州泸定县德威镇卫生院
395,甘洛博爱医院
396,甘洛县吉米镇卫生院
397,甘洛县新市坝镇卫生院
398,甘洛县田坝镇卫生院
399,甘洛县苏雄镇卫生院
400,电子科技大学医院
401,白玉县藏医院
402,盐亭县鹅溪镇卫生院
403,盐边县第二人民医院
404,眉山东坡博康医院
405,眉山东坡胜奥医院
406,眉山市东坡区大石桥街道社区卫生服务中心
407,眉山市东坡区妇幼保健计划生育服务中心
408,眉山市中医医院（眉山市东坡区人民医院）
409,眉山市彭山区公义镇卫生院
410,眉山市彭山区江口街道社区卫生服务中心
411,眉山德康健医院有限责任公司
412,眉山蕴缨妇产医院
413,石棉县中医医院
414,石棉县安顺场中心卫生院
415,石棉县栗子坪彝族乡卫生院
416,石棉县王岗坪彝族藏族乡卫生院
417,石棉县迎政乡卫生院
418,石棉容大医院
419,科学城医院航空城分院
420,筠连县团林苗族乡卫生院
421,筠连县妇幼保健计划生育服务中心
422,筠连现黛眼科医院
423,简阳家乐精神康复医院
424,简阳市平武镇卫生院
425,简阳市新市街道社区卫生服务中心
426,简阳康城中西医结合医院
427,简阳玛莉亚妇产医院
428,简阳绛溪医院
429,米易县丙谷镇中心卫生院
430,米易县中医医院
431,米易县妇幼保健服务中心
432,米易县得石镇中心卫生院
433,米易老年病医院
434,红原县瓦切镇中心卫生院
435,经开综合医院
436,绵竹川西医院
437,绵竹市九龙镇卫生院
438,绵竹市剑南街道社区卫生服务中心
439,绵竹市富新镇卫生院
440,绵竹市广济镇卫生院
441,绵竹市第二中医医院
442,绵竹市肛肠专科医院
443,绵竹市麓棠镇卫生院
444,绵阳市安州区界牌社区卫生服务中心
445,绵阳市游仙区富乐街道社区卫生服务中心
446,绵阳市骨科医院
447,绵阳肾病医院
448,罗江区万安镇景乐社区卫生服务站
449,美姑县候播乃拖镇中心卫生院
450,美姑县典补乡卫生院
451,美姑县拉马镇中心卫生院
452,自流井区第二人民医院
453,自贡云山骨科医院
454,自贡名扬医院
455,自贡市大安区回龙镇卫生院
456,自贡市大安区团结镇卫生院
457,自贡市沿滩区九洪乡卫生院
458,自贡市沿滩区升坪街社区卫生服务中心
459,自贡市沿滩区黄市镇卫生院
460,自贡市第三人民医院
461,自贡市第六人民医院
462,自贡市精神卫生中心
463,自贡市贡井区成佳中心卫生院
464,自贡市贡井区长土街道社区卫生服务中心
465,自贡康桥医院
466,色达县人民医院
467,芦山县芦阳街道卫生院
468,苍溪县云峰镇卫生院
469,苍溪县月山乡卫生院
470,苍溪县永宁镇卫生院
471,苍溪县河地镇卫生院
472,苍溪县高坡镇卫生院
473,苍溪康复医院
474,苍溪新友好医院
475,荣县东佳镇卫生院
476,荣县东兴镇卫生院
477,荣县中医医院（荣县第二人民医院、荣县老年病医院）
478,荣县河西中西医结合医院
479,荣州慧康精神病医院
480,营山博康肾病医院
481,营山县太蓬乡卫生院
482,营山县朗池街道西月湖社区卫生服务中心
483,营山县绥安街道东城社区卫生服务中心
484,营山县西桥镇卫生院
485,营山县骆市中心卫生院
486,营山民生医院
487,蒲江县大兴镇公立卫生院
488,蒲江县甘溪镇公立卫生院
489,蒲江县鹤山街道天华社区卫生服务中心
490,蓬安中仁医院
491,蓬安县城南社区卫生服务中心
492,蓬安县妇幼保健计划生育服务中心
493,蓬安县睦坝镇卫生院
494,蓬安县福德镇卫生院
495,蓬安县锦屏中心卫生院
496,蓬溪县三凤中心卫生院
497,蓬溪县宝梵镇卫生院
498,蓬溪县槐花镇新胜卫生院
499,蓬溪县高升乡卫生院
500,西充县中医医院
501,西充县关文镇卫生院
502,西充县南台街道永清卫生院
503,西华大学医院
504,西南医科大学附属医院
505,西昌市安哈镇中心卫生院
506,西昌市樟木箐镇中心卫生院
507,西昌市海南社区卫生服务中心
508,西昌康立医院
509,资中县人民医院
510,资中县孟塘镇卫生院
511,资中县狮子镇卫生院
512,资中新区医院
513,资阳市第一人民医院
514,资阳市雁江区松涛镇卫生院
515,资阳市雁江区莲花社区卫生服务中心
516,资阳市雁江区迎接镇卫生院
517,资阳雁江雁北医院
518,资阳雁江黄添医院
519,越西县中所镇中心卫生院
520,越西县书古镇中心卫生院
521,越西县第一人民医院
522,达州华普医院
523,达州市达川区南坝社区卫生服务站
524,达州市达川区堡子镇中心卫生院
525,达州市达川区大树镇中心卫生院
526,达州市达川区安仁乡卫生院
527,达州市达川区梧桐梁社区卫生服务站
528,达州市达川区福善镇卫生院
529,通川区北山镇卫生院
530,通江县中医医院
531,通江县妇幼保健院
532,通江县民胜中心卫生院
533,遂宁安居济康医院
534,遂宁市安居区东禅镇中心卫生院
535,遂宁市安居区白马镇中心卫生院
536,遂宁市船山区保升中心卫生院
537,遂宁弘扬医院
538,遂宁新华中西医结合医院
539,邛崃市天台山镇中心卫生院（邛崃市第五人民医院）
540,邛崃普济民生医院
541,邛崃通康医院
542,邻水仁爱医院
543,邻水县太和镇卫生院
544,邻水县御临镇卫生院
545,邻水县王家镇卫生院
546,都江堰协康医院
547,都江堰南桥医院
548,都江堰市中医医院
549,都江堰市石羊镇中心卫生院
550,都江堰市蒲阳街道卫生院
551,都江堰福翔医院
552,都江堰窍康医院
553,都江堰糖尿荣信中医医院
554,都江堰誉康医院
555,都江堰阳都医院
556,金堂县中医医院
557,金堂县妇幼保健院（金堂县妇女儿童医院）
558,金堂家兴结石病医院
559,金川县中藏医院
560,金川县泰安医院
561,金阳县天地坝镇马依足卫生院
562,金阳县小银木乡卫生院
563,长宁县梅白镇卫生院
564,长宁县铜鼓镇中心卫生院
565,长河护理院
566,阆中博爱医院
567,阆中市七里街道双龙卫生院
568,阆中市二龙镇中心卫生院
569,阆中市妙高镇卫生院
570,阆中市河溪街道石龙卫生院
571,阆中市精神卫生中心
572,阆中慈念医院
573,阳平医院
574,阿坝县柯河乡卫生院
575,隆昌市云顶镇中心卫生院
576,隆昌市双凤镇中心卫生院
577,雅安唐氏肛肠专科医院
578,雅安安定医院
579,雅安市名山区人民医院
580,雅安市名山区茅河镇卫生院
581,雅安市名山区马岭镇卫生院
582,雅安市雨城区多营镇中心卫生院
583,雅安市雨城区晏场镇中心卫生院
584,雅安恒博医院
585,雅江县人民医院
586,雷波县中彝医院
587,雷波县永盛镇卫生院
588,雷波县汶水镇卫生院
589,雷波心诚医院
590,雷波百信医院
591,青川县关庄镇中心卫生院
592,青川县凉水镇中心卫生院
593,青川县茶坝乡卫生院
594,青神东成康医院
595,青神县人民医院
596,青神县西龙镇中心卫生院
597,高县庆岭镇卫生院
598,高县康诺医院（高县罗场镇卫生院）
599,高县来复镇中心卫生院
600,高县高洲医院
601,高坪健民医院
602,高坪区擦耳镇卫生院
603,龙泉驿华桥医院
604,龙马潭区小市街道社区卫生服务中心
605,龙马潭区鱼塘街道社区卫生服务中心
606,龙马潭建平中医医院
607,万源市中医院
608,万源市河口中心卫生院
609,万源市第二人民医院（万源市精神病医院）
610,万源市青花中心卫生院
611,三台县中医骨科医院
612,三台县人民医院
613,三台县建平镇中心卫生院
614,三台县老马镇卫生院
615,三台县芦溪镇中心卫生院  （三台县第二人民医院）
616,三台县郪江镇中心卫生院
617,三台县金石镇中心卫生院
618,三台康喜旺医院
619,三台芦桥医院
620,中江县冯店中心卫生院
621,中江县回龙中心卫生院
622,中铁二局集团医院
623,乐山五通桥亚西医院
624,乐山嘉仁医院
625,乐山嘉华医院
626,乐山市五通桥区中医医院
627,乐山市五通桥区人民医院
628,乐山市五通桥区竹根社区卫生服务中心
629,乐山市市中区人民医院（乐山市第二人民医院）
630,乐山市市中区妇幼保健计划生育服务中心
631,乐山市沙湾区福禄镇中心卫生院
632,乐山爱尔眼科医院
633,乐山绿心肖坝社区卫生服务中心（成都理工大学工程技术学院卫生所）
634,九〇三医院
635,九龙县人民医院
636,乡城县藏医院
637,井研县宝五镇卫生院
638,井研惠康精神病医院
639,什邡市第四人民医院
640,仁寿县北斗镇卫生院
641,仁寿县板桥镇卫生院
642,仁寿县禄加镇卫生院
643,仁寿喜稚来妇产医院
644,仁寿运长医院
645,仁寿钟祥益民医院
646,仪陇华川护理院
647,仪陇县五福镇卫生院
648,仪陇县双胜镇卫生院
649,仪陇县永光镇卫生院
650,仪陇县芭蕉乡卫生院
651,仪陇脑康精神病医院
652,会东县姜州镇中心卫生院
653,会东县鲹鱼河镇中心卫生院
654,会理市城北街道中心卫生院（会理市城北街道社区卫生服务中心）
655,会理市妇幼保健计划生育服务中心（会理市妇幼保健院）
656,兴文县仙峰苗族乡中心卫生院
657,兴文县莲花镇卫生院
658,兴文阳光医院
659,内江市东兴区富溪镇卫生院
660,内江市东兴区平坦镇卫生院
661,内江市东兴区永兴镇卫生院
662,内江市东兴区永福镇卫生院
663,内江市东兴区白合中心卫生院
664,内江市东兴区胜利中心卫生院
665,内江市东兴区高梁中心卫生院
666,内江市市中区史家镇中心卫生院
667,内江市市中区龙门镇卫生院
668,内江怡宁医院
669,内江锦欣康养护理院
670,冕宁县大桥中心卫生院
671,冕宁县泸沽凌华医院
672,冕宁县漫水湾友松医院
673,凉山州喜德县尼波镇卫生院
674,凉山州喜德县米市镇卫生院
675,凉山州喜德县红莫镇中心卫生院
676,凉山彝族自治州第五人民医院（州精神卫生中心）
677,剑阁光明医院
678,剑阁县剑门关镇中心卫生院
679,剑阁县木马镇卫生院
680,剑阁县汉阳镇卫生院
681,剑阁县鹤龄镇中心卫生院
682,北川羌族自治县桂溪镇卫生院
683,华蓥市天池镇中心卫生院
684,华蓥市庆华镇中心卫生院
685,华蓥市永兴镇中心卫生院
686,南充五福堂颐养康复医院
687,南充养康康复医疗中心
688,南充嘉陵济生中西医结合医院
689,南充市嘉陵区三会镇卫生院
690,南充市嘉陵区西兴中心卫生院
691,南充市嘉陵区龙岭镇卫生院
692,南充市顺庆区芦溪镇中心卫生院
693,南充市顺庆区金台镇卫生院
694,南充市高坪区长乐中心卫生院（高坪区人民医院长乐分院）
695,南充李家安康医院
696,南充民康医院
697,南充顺庆馨康医院
698,南江县云顶镇卫生院
699,南江县八庙镇卫生院
700,南江县民康医院（南江县民卫医院）
701,南江县集州中心卫生院
702,南部三六五医院
703,南部中仁医院
704,南部县东坝中心卫生院
705,南部县大坪中心卫生院
706,南部县滨江社区卫生服务中心
707,南部县王家中心卫生院
708,南部县石河镇卫生院
709,南部明珠医院
710,南部良骨医院
711,南部骨科医院
712,双流贸园医院
713,叙永县后山镇卫生院
714,叙永县摩尼中心卫生院
715,叙永县龙凤镇兴隆卫生院
716,叙永德中医院
717,古蔺县金兰街道社区卫生服务中心
718,古蔺树强骨科医院
719,合江县临港街道社区卫生服务中心（合江县第三人民医院）
720,四川地质医院
721,四川天府新区人民医院
722,四川天府新区第二人民医院（四川天府新区精神卫生中心）
723,四川护理职业学院附属医院（四川省第三人民医院）
724,四川现代医院
725,四川省医学科学院·四川省人民医院
726,四川省南充卫生学校附属医院
727,四川省宜宾监狱医院
728,四川省第二中医医院
729,壤塘县上寨中心卫生院
730,壤塘县人民医院
731,大安区何市中心卫生院
732,大安区庙坝镇卫生院
733,大竹县乌木镇卫生院
734,大竹县合协医院
735,大竹县四合镇卫生院
736,大竹县团坝镇卫生院
737,大竹县朝阳乡卫生院
738,大竹县永胜镇卫生院
739,大竹县石桥铺中心卫生院
740,大竹县童家镇卫生院
741,大英县中医医院
742,大英县金元镇卫生院
743,大英平安医院
744,大英瑞康医院
745,大邑县安仁镇公立卫生院
746,大邑县花水湾镇公立卫生院
747,大邑志昌骨科医院
748,大邑慈安医院
749,天全华协医院
750,天全县乐英乡卫生院
751,天全县人民医院
752,夹江县吴场镇中心卫生院
753,夹江县新场镇中心卫生院
754,夹江张氏医院
755,威远县人民医院
756,威远县新店镇卫生院
757,威远县第三人民医院
758,威远县观英滩镇卫生院
759,威远康宁医院
760,威远正和医院
761,宁南县中医医院
762,宁南县六铁镇卫生院（六铁镇妇幼保健计划生育服务站）
763,宁南县大同镇卫生院（大同镇妇幼保健计划生育服务站）
764,安岳县天马乡卫生院
765,安岳县忠义镇卫生院
766,宏州医院
767,宜宾三松医院
768,宜宾三江新区宋家镇卫生院
769,宜宾二二四医院
770,宜宾卫兴医院
771,宜宾和康骨科医院
772,宜宾安民医院
773,宜宾市南溪区刘家镇卫生院
774,宜宾市叙州区妇幼保健计划生育服务中心
775,宜宾市叙州区精神病医院
776,宜宾市叙州区龙池乡卫生院
777,宜宾市矿山急救医院
778,宜宾市第二中医医院
779,宜宾市翠屏区白花镇中心卫生院
780,宜宾康真医院
781,宜宾惠康医院
782,宜宾正川医院
783,宜宾瑞康医院
784,宜宾肛泰肛肠医院
785,宣汉县三墩土家族乡卫生院
786,宣汉县人民医院
787,宣汉县柏树镇卫生院
788,宣汉县樊哙镇中心卫生院
789,宣汉县胡家镇中心卫生院
790,宣汉双桥医院
791,宣汉同盛医院
792,富顺县中医医院
793,富顺县古佛镇卫生院
794,富顺县板桥镇中心卫生院
795,富顺县长滩镇卫生院
796,富顺和健肾病医院
797,富顺济民医院
798,富顺爱心医院
799,射洪兴建医院
800,射洪市太乙中医院
801,射洪市太和街道城西社区卫生服务中心
802,射洪市官升镇卫生院
803,射洪市金华中心卫生院
804,射洪市金家中心卫生院
805,屏山仁爱精神病医院
806,屏山县中医医院
807,屏山县大乘镇卫生院
808,屏山县新市镇民族中心卫生院
809,屏山县龙华镇卫生院
810,岳池人仁医院
811,岳池县中医医院
812,岳池县临溪镇卫生院
813,岳池县人民医院
814,岳池县花园镇卫生院
815,岳池县酉溪镇中心卫生院
816,岳池县龙孔镇卫生院
817,峨眉山市九里镇中心卫生院
818,峨眉山市双福镇中心卫生院
819,峨眉山市龙池镇中心卫生院
820,崇州市廖家镇卫生院
821,崇州长征医院
822,巴中仁达医院
823,巴中市巴州区凤溪镇卫生院
824,巴中市恩阳区玉山中心卫生院
825,巴中市恩阳区群乐镇卫生院
826,巴中市恩阳区花丛中心卫生院
827,巴中平安内分泌专科医院
828,巴州丽人医院
829,巴州区回风街道社区卫生服务中心
830,布拖县特木里镇中心卫生院
831,平昌县元山镇中心卫生院
832,平昌县响滩镇中心卫生院
833,平昌县得胜镇五木卫生院
834,平昌县望京镇中心卫生院
835,平昌县邱家镇中心卫生院
836,平昌县龙岗镇中心卫生院
837,平武县土城藏族乡卫生院
838,平武县大桥镇中心卫生院
839,平武县虎牙藏族乡卫生院
840,平武县锁江羌族乡卫生院
841,平武县阔达藏族乡卫生院
842,广元万缘医院
843,广元东晨医院
844,广元回龙河医院
845,广元市中医医院
846,广元市利州区嘉陵街道千佛社区卫生服务中心
847,广元市利州区河西街道天曌社区卫生服务中心
848,广元市朝天区中医医院
849,广元市朝天区李家镇卫生院
850,广元市朝天区沙河镇中心卫生院
851,广元德新肾病医院
852,广安市广安区妇幼保健计划生育服务中心
853,广安市广安区广福社区卫生服务中心（枣山园区）
854,广安市广安区浓洄社区卫生服务中心
855,广旺矿区宝轮院医院
856,广汉乐龄精神病医院
857,广汉圣心妇女儿童医院
858,开江复康医院有限公司
859,彭州一康中医医院
860,彭州丰乐医院
861,彭州市丹景山镇卫生院
862,彭州欣元慢性病医院
863,德昌县乐跃镇中心卫生院
864,德昌县德州街道第二社区卫生服务中心
865,德阳博爱耳鼻喉专科医院
866,德阳市旌阳区东山社区卫生服务中心
867,德阳市旌阳区中医院（旌阳区人民医院）
868,德阳市旌阳区城南社区卫生服务中心
869,德阳市罗江区中医医院
870,成都东大肛肠医院
871,成都东部新区坛罐卫生院
872,成都东部新区莲花医院
873,成都中医大银海眼科医院（成都中医大银海眼科医院互联网医院）
874,成都九龙医院（成都九龙中医医院）
875,成都交通医院
876,成都保髋股骨头骨科医院（成都保髋股骨头骨科医院互联网医院）
877,成都军大医院（成都军大医院互联网医院）
878,成都双流贸园医仁医院
879,成都同沁医院
880,成都天府新区东山佑安医院
881,成都天府新区慈道医院
882,成都川蜀血管病医院
883,成都市武侯区第三人民医院
884,成都市温江区和盛镇中心卫生院（成都市温江区第二人民医院）
885,成都市第二社会福利院福康医院
886,成都市第六人民医院
887,成都市郫都区妇幼保健院(成都市郫都区妇幼保健计划生育服务中心）
888,成都市郫都区德源街道社区卫生服务中心
889,成都市郫都区犀浦街道社区卫生服务中心（成都市郫都区中西医结合医院）
890,成都市郫都区骨科医院
891,成都市金牛区人民北路社区卫生服务中心（成都市金牛区第二人民医院、成都市金牛区嗓音专科门诊部）
892,成都市金牛区天回社区卫生服务中心
893,成都市金牛区荷花池社区卫生服务中心
894,成都市锦江区第七人民医院
895,成都市青白江区大弯社区卫生服务中心
896,成都市青白江区龙王镇卫生院
897,成都市青羊区新华少城社区卫生服务中心
898,成都市龙泉驿区山泉镇公立卫生院
899,成都弘成和众中医医院
900,成都新农医院
901,成都暄妍医学美容医院
902,成都本草堂康复医院
903,成都棕南医院
904,成都欣元医院
905,成都泰康蜀园医院
906,成都瑞恩糖尿病医院
907,成都老年康疗院
908,成都西部痛风风湿医院（成都西部痛风风湿医院互联网医院）
909,成都郫都新华综合医院
910,成都金桥医院
911,成都金牛怡宁精神病医院
912,成都金牛驷马桥中医医院
913,成都锦欣老年病医院
914,成都锦江泰三堂德康医院
915,成都长济老年病专科医院
916,成都青城山医院
917,成都青白江海灵精神病医院
918,成都青白江蓉立兴医院
919,成都青羊厚济医院
920,成都青羊成航医院
921,成都顺和医院
922,成都顾连天辰老年病医院
923,成都高新中和中医医院
924,成都高新区锦城社区卫生服务中心
925,成都高新普康医院
926,攀枝花市仁和区人民医院
927,攀枝花市仁和区太平乡卫生院（攀枝花市仁和区太平乡妇幼保健站）
928,旌阳华仁医院
929,旌阳善成中医医院
930,旺苍仁康医院
931,旺苍佳士康养医院
932,旺苍德慈精神病医院
933,昭觉县地莫镇中心卫生院
934,昭觉县金曲乡卫生院
935,木里县克尔乡卫生院
936,木里县唐央乡卫生院
937,核工业四一六医院
938,梓潼佳士老年病医院
939,梓潼县双板镇卫生院
940,梓潼县宝石乡卫生院
941,梓潼潼城医院
942,武胜县沿口镇卫生院
943,武胜县礼安镇卫生院
944,武胜县街子镇卫生院
945,武胜县龙女镇卫生院
946,武胜爱尔眼科医院
947,汉密尔顿美容医院
948,汉源县前域镇卫生院
949,汉源县大树中心卫生院
950,汉源县富庄镇卫生院
951,江油市城东医院
952,江油市彰明镇卫生院
953,江油市青莲镇中心卫生院
954,江阳区况场街道社区卫生服务中心（泸州市江阳区第三人民医院）
955,江阳区通滩中心卫生院（泸州市江阳区第二人民医院）
956,沐川县富新镇卫生院
957,沐川县武圣乡卫生院
958,沐川县舟坝镇卫生院
959,沐川新区中医医院
960,沙湾神安精神病医院
961,泸县人民医院
962,泸县家仁医院
963,泸县新兴医院
964,泸县杨九祥和医院
965,泸县温馨医院
966,泸州久正骨科医院
967,泸州慈善路中医医院
968,泸州泰康精神专科医院
969,泸州福欣医院
970,泸州纳溪健洪医院
971,泸州纳溪凤仁中医医院
972,泸州纳溪康态中医医院
973,泸州纳溪篮山郡精神病医院
974,洪雅县中医医院
975,洪雅县人民医院
976,洪雅县妇幼保健计划生育服务中心
977,洪雅县柳江中心卫生院
978,洪雅县止戈镇卫生院
979,渠县人民医院
980,渠县岩峰镇中心卫生院
981,渠县新市镇卫生院
982,渠县李渡镇卫生院
983,渠县李馥镇卫生院
984,渠县清溪场镇中心卫生院
985,渠县渠北镇卫生院
986,渠县第四人民医院（渠县有庆镇中心卫生院）
987,犍为县中医医院
988,犍为县定文镇中心卫生院
989,犍为县玉屏镇卫生院
990,犍为县罗城镇中心卫生院
991,犍为昌达医院
992,珙县慧民中医医院
993,珙县洛亥镇卫生院
994,理县薛城中心卫生院
995,盐亭仁康医院
996,盐亭县云溪镇中心卫生院
997,盐亭县金孔镇中心卫生院
998,盐亭康复医院
999,盐亭福缘医院
1000,盐源王氏医院
1001,盐边县中医院
1002,盐边县红果中心卫生院
1003,眉山东坡东方医院
1004,眉山东坡石康医院
1005,眉山市东坡区太和镇卫生院
1006,眉山市东坡区崇礼镇卫生院
1007,眉山市东坡区苏祠街道社区卫生服务中心
1008,眉山市妇幼保健院
1009,眉山精康医院
1010,石棉县新棉街道社区卫生服务中心
1011,筠连县丰乐乡卫生院
1012,筠连县巡司镇中心卫生院
1013,筠连应氏骨科医院
1014,简阳北门医院
1015,简阳国康中医医院
1016,简阳市雷家镇卫生院
1017,米易开旭医院
1018,纳溪区天仙镇卫生院(泸州市纳溪区第七人民医院)
1019,纳溪区白节中心卫生院（泸州市纳溪区第六人民医院）
1020,绵竹天河医院
1021,绵竹市孝德镇卫生院
1022,绵竹市清平镇卫生院
1023,绵阳仁爱康复医院
1024,绵阳市安州区塔水镇中心卫生院
1025,绵阳市安州区黄土镇中心卫生院
1026,绵阳市涪城区妇幼保健计划生育服务中心
1027,绵阳市游仙区中医医院
1028,绵阳市游仙区人民医院
1029,绵阳市游仙区沉抗镇卫生院
1030,绵阳顾连康复医院
1031,绵阳高新区永兴镇中心卫生院
1032,罗江民安医院
1033,美姑县人民医院
1034,美姑县洪溪镇中心卫生院
1035,自贡三松汇兴医院
1036,自贡佳德安宁疗护医院（高新区）
1037,自贡市传染病医院
1038,自贡市光大医院
1039,自贡市沿滩区永安镇中心卫生院
1040,自贡市自流井区五星街社区卫生服务中心
1041,自贡市自流井区仲权镇中心卫生院
1042,自贡市自流井区荣边镇卫生院
1043,自贡市贡井区桥头镇卫生院
1044,自贡高新区学苑街社区卫生服务中心（高新区）
1045,色达县泥朵镇卫生院
1046,色达县翁达镇卫生院
1047,芦山县太平镇中心卫生院
1048,芦山县龙门镇中心卫生院
1049,苍溪县彭店乡卫生院
1050,苍溪县白山乡卫生院
1051,苍溪县白驿镇卫生院
1052,苍溪县白鹤乡卫生院
1053,苍溪县陵江社区卫生服务中心
1054,苍溪县陵江镇中心卫生院（苍溪县第三人民医院）
1055,苍溪县陵江镇回水社区卫生服务中心
1056,苍溪县龙王镇中心卫生院
1057,若尔盖博爱医院
1058,若尔盖县藏医院
1059,荣县旭阳中心卫生院
1060,荣县正紫镇卫生院
1061,荣县河口镇卫生院
1062,荣县观山镇卫生院
1063,营山华慷医院
1064,营山县妇幼保健计划生育服务中心
1065,营山县悦中乡卫生院
1066,营山县星火中心卫生院
1067,营山县木顶乡卫生院
1068,营山县黄渡镇卫生院
1069,营山祥润康复医院
1070,蒲江西南任氏骨科医院
1071,蒲江通康中西医结合医院
1072,蓬安县人民医院
1073,蓬安县新园乡卫生院
1074,蓬安县正源镇卫生院
1075,蓬安县石孔乡卫生院
1076,蓬安康爱医院
1077,蓬安颐康医院
1078,蓬溪东罐精神病医院
1079,蓬溪县明月中心卫生院
1080,蓬溪县槐花镇卫生院
1081,蓬溪县金桥镇高坪卫生院
1082,蓬溪县鸣凤镇吉星卫生院
1083,蓬溪康宁精神病医院
1084,蓬溪忠仁老年病医院
1085,蓬溪恒道中医（骨科）医院
1086,西充养康康复医院
1087,西充县城北新区社区卫生服务中心
1088,西充县妇幼保健计划生育服务中心
1089,西昌市川兴镇中心卫生院
1090,西昌市阿七镇中心卫生院
1091,西昌市高草回族乡卫生院
1092,西昌礼州张勇医院
1093,资中县发轮镇卫生院
1094,资中县龙结镇卫生院
1095,资阳中欣肛肠医院
1096,资阳市雁江区保和镇中心卫生院
1097,资阳忠华康复医院
1098,赵春中医院
1099,越西县马拖镇中心卫生院
1100,越西王氏医院
1101,达川区石板街道社区卫生服务中心
1102,达川区麻柳镇檀木卫生院
1103,达川贝康医院
1104,达州市中西医结合医院
1105,达州市达川区中医医院
1106,达州市达川区仰天湾社区卫生服务站
1107,达州市达川区幺塘乡卫生院
1108,达州市达川区河市镇社区卫生服务中心
1109,达州市达川区金华社区卫生服务站
1110,达州市达川区金垭镇卫生院
1111,达州市达川区龙会乡卫生院
1112,通川双龙骨科医院
1113,通江县杨柏镇卫生院
1114,通江县松溪乡卫生院
1115,通江县洪口中心卫生院
1116,通江县火炬镇卫生院
1117,通江大椿医院
1118,通江松明医院
1119,通江老区民生医院
1120,遂宁市安居区中兴镇卫生院
1121,遂宁市安居区拦江镇中心卫生院
1122,遂宁市安居区横山镇中心卫生院
1123,遂宁市第一人民医院
1124,邛崃市高埂街道卫生院
1125,邛崃本草堂医院
1126,邛崃段关刀骨科医院
1127,邻水县人民医院
1128,邻水县合流镇卫生院
1129,邻水县坛同镇卫生院
1130,邻水县石滓镇卫生院
1131,邻水县鼎屏社区卫生服务中心
1132,邻水学仕医院
1133,邻水安康医院
1134,都江堰安南医院
1135,都江堰爱尔眼科医院
1136,金堂仁友骨科医院
1137,金堂县白果社区卫生服务中心（金堂县白果街道公共卫生所）
1138,金堂县第一人民医院
1139,金堂县转龙镇中心卫生院
1140,金堂大同医院
1141,金堂宸迹医院
1142,金堂瑞辰仁爱医院
1143,金堂纺织妇产医院
1144,金阳县洛觉镇卫生院
1145,长宁县竹海镇中心卫生院
1146,阆中市中医医院
1147,阆中市博树回族乡卫生院
1148,阆中市飞凤镇卫生院
1149,隆昌佳德医院
1150,隆昌市响石镇中心卫生院
1151,隆昌市普润镇中心卫生院
1152,隆昌市界市镇中心卫生院
1153,隆昌市精神病医院（隆昌市第二人民医院）
1154,隆昌曾德立医院
1155,雁江伲西娅医院
1156,雅安市中医医院(雅安市中医医院互联网医院）
1157,雅安市名山区妇幼保健计划生育服务中心
1158,雅安市雨城区周公山镇中心卫生院
1159,雅安市雨城区碧峰峡镇中心卫生院
1160,雅安河北医院
1161,雅安职业技术学院附属医院
1162,雅安雨城川西医院
1163,雷波县上田坝镇卫生院
1164,雷波县千万贯乡卫生院
1165,雷波县马颈子镇卫生院
1166,青川众康医院
1167,青川县木鱼镇中心卫生院
1168,马边创骨医院
1169,马边嘉邻医院
1170,马边彝族自治县妇幼保健计划生育服务中心
1171,高县精神病医院
1172,高县蕉村镇卫生院
1173,高坪区都京社区卫生服务中心
1174,高坪区长乐镇南江卫生院
1175,龙泉驿智道美奥医院
1176,龙马潭区红星街道社区卫生服务中心
1177,龙马潭区胡市中心卫生院(泸州市龙马潭区第三人民医院）
1178,龙马潭区金龙镇卫生院
1179,万源市古东关街道社区卫生服务中心
1180,万源市妇幼保健计划生育服务中心
1181,万源市黑宝山镇卫生院
1182,三台县三元镇卫生院
1183,三台县中太镇中心卫生院
1184,三台县立新镇中心卫生院
1185,三台县鲁班镇卫生院
1186,三台民谊医院
1187,中江县凯江中心卫生院
1188,中江县南华镇卫生院
1189,中江县城北社区卫生服务中心
1190,中江县永丰乡卫生院
1191,丹棱县仁美镇卫生院
1192,丹棱县杨场镇中心卫生院
1193,丹棱康复医院
1194,乐山中西医结合医院
1195,乐山市市中区剑峰镇卫生院
1196,乐山市市中区苏稽镇中心卫生院
1197,乐山市市中区通江街道柏杨社区卫生服务中心
1198,乐山昶康心血管病医院
1199,乐山现代妇产医院
1200,乐山骨科医院
1201,乐至上好医院
1202,乐至县中天镇卫生院
1203,乐至县回澜镇龙溪卫生院
1204,乐至县宝林镇中心卫生院
1205,乐至县通旅镇卫生院
1206,乐至和信医院（普通合伙）
1207,九寨沟县南坪镇社区卫生服务中心
1208,九龙县民族医院
1209,井研县研城街道城南社区卫生服务中心
1210,井研县竹园镇中心卫生院
1211,井研县门坎镇卫生院
1212,井研县集益镇卫生院
1213,井研城南医院
1214,什邡市中医医院
1215,什邡市妇幼保健院（什邡市妇女儿童医院、什邡市妇幼保健计划生育中心）
1216,什邡市师古中心卫生院
1217,什邡市洛水中心卫生院
1218,什邡成南康复医院
1219,仁寿县妇幼保健院
1220,仁寿县曹家镇卫生院
1221,仁寿县满井镇卫生院
1222,仁寿县第七人民医院（仁寿县钟祥镇卫生院）
1223,仁寿惠仁医院有限公司
1224,仁寿文宫爱岷医院有限责任公司
1225,仁寿爱尔眼科医院
1226,仪陇县义路镇卫生院
1227,仪陇县回春镇卫生院
1228,仪陇县土门中心卫生院
1229,仪陇县度门社区卫生服务中心
1230,仪陇县新政镇第二社区卫生服务中心
1231,仪陇县日兴中心卫生院
1232,仪陇县第二人民医院
1233,仪陇县赛金镇卫生院
1234,仪陇县铜鼓乡卫生院
1235,仪陇方济医院
1236,会东县堵格镇中心卫生院
1237,会东县妇幼保健计划生育服务中心会东县妇幼保健院
1238,会东县溜姑乡卫生院
1239,会东县满银沟镇中心卫生院
1240,会东康和医院
1241,会理市人民医院
1242,会理市彰冠镇中心卫生院
1243,会理市木古镇中心卫生院
1244,会理市益门镇中心卫生院
1245,兴文利民医院
1246,兴文县中医医院
1247,兴文县僰王山镇中心卫生院
1248,兴文县石海镇中心卫生院
1249,内江中康医院
1250,内江大芊医院
1251,内江市东兴区中医医院
1252,内江市东兴区田家中心卫生院
1253,内江市东兴区石子镇卫生院
1254,内江市东兴区顺河中心卫生院
1255,内江臻源精神病医院
1256,内江骅康医院
1257,冕宁县惠兴医院
1258,冕宁县沙坝中心卫生院
1259,冕宁县河边镇卫生院
1260,冕宁县若水镇卫生院
1261,冕宁县高阳街道社区卫生服务中心
1262,凉山彝族自治州第七人民医院
1263,前锋华康医院
1264,剑阁县元山镇中心卫生院
1265,剑阁县公兴镇中心卫生院
1266,剑阁县店子镇卫生院
1267,剑阁县开封镇中心卫生院
1268,剑阁县樵店乡卫生院
1269,剑阁县白龙镇中心卫生院
1270,剑阁县盐店镇西庙卫生院
1271,北城医院
1272,北川羌族自治县妇幼保健计划生育服务中心
1273,华蓥市古桥社区卫生服务中心
1274,南充东大肛肠医院
1275,南充东方医院
1276,南充交通职工医院
1277,南充佑安医院
1278,南充友爱康复医院西充分院
1279,南充友谊医院
1280,南充天乐谷护理院
1281,南充市嘉陵区盐溪乡卫生院
1282,南充市顺庆区共兴镇卫生院
1283,南充市顺庆区北城社区卫生服务中心
1284,南充市顺庆区妇幼保健计划生育服务中心(南充市顺庆区妇幼保健院)
1285,南充市高坪区人民医院
1286,南充果城骨科医院
1287,南充百姓医院
1288,南充龙医官医院
1289,南江县下两镇中心卫生院
1290,南江县光雾山镇中心卫生院
1291,南江县双流镇卫生院
1292,南江县和平镇卫生院
1293,南江县石滩镇卫生院
1294,南江同创医院
1295,南江坤石医院
1296,南部县大河镇卫生院
1297,南部县建兴中心卫生院（南部县第三人民医院）
1298,南部县杰龄门诊部
1299,南部县西水镇卫生院
1300,南部县谢河镇卫生院
1301,叙永县龙凤镇卫生院
1302,古蔺县东新镇卫生院
1303,古蔺县人民医院
1304,古蔺县德耀镇卫生院
1305,古蔺县白泥镇卫生院
1306,古蔺县龙山镇鱼化卫生院
1307,古蔺德康医院
1308,古蔺易视眼科医院
1309,合江县尧坝镇卫生院
1310,四川华大遗传学研究院附属华大医院
1311,四川大学华西口腔医院
1312,四川电力医院
1313,四川省南充精神卫生中心
1314,四川省第二退役军人医院
1315,四川省肿瘤医院
1316,四川结石病医院
1317,四川蓝生脑科医院
1318,四川赫尔森康复医院
1319,大竹众幸医院
1320,大竹县东柳街道社区卫生服务中心
1321,大竹县妇幼保健计划生育服务中心
1322,大竹县文星中心卫生院
1323,大竹县第三人民医院
1324,大英兴奎医院
1325,大英县回马镇卫生院
1326,大邑元兴卫生院
1327,大邑县西岭镇公立卫生院
1328,大邑县青霞街道社区卫生服务中心
1329,大邑希尔医院
1330,夹江康桥医院
1331,威远县中医医院
1332,威远县小河镇卫生院
1333,威远大生医院
1334,威远民康医院
1335,宁南县人民医院
1336,宁南县石梨镇卫生院（石梨镇妇幼保健计划生育服务站）
1337,宁南县西瑶镇卫生院（西瑶镇妇幼保健计划生育服务站）
1338,宁南康达医院
1339,安居千锦医院
1340,安岳县天林镇天宝卫生院
1341,安岳县拱桥乡卫生院
1342,安岳县通贤镇人和卫生院
1343,安岳县镇子镇中心卫生院
1344,安岳县长河源镇卫生院
1345,安州仁晨医院
1346,安州刘世医院
1347,宜宾三江新区罗龙社区卫生服务中心
1348,宜宾中山医院
1349,宜宾兴添医院
1350,宜宾市南溪区汪家镇卫生院
1351,宜宾市叙州区商州镇中心卫生院
1352,宜宾市叙州区横江镇中心卫生院
1353,宜宾市叙州区观音镇中心卫生院
1354,宜宾市叙州区赵场西区社区卫生服务中心
1355,宜宾市第二人民医院
1356,宜宾市第五人民医院、宜宾市南溪区人民医院
1357,宜宾市第四人民医院
1358,宜宾市翠屏区菜坝镇卫生院
1359,宜宾市翠屏区西郊社区卫生服务中心
1360,宜宾康宁精神病医院
1361,宜宾民心创伤骨科医院
1362,宣汉县五宝镇卫生院
1363,宣汉县天生镇中心卫生院
1364,宣汉县妇幼保健计划生育服务中心
1365,宣汉县峰城镇中心卫生院
1366,宣汉县毛坝镇卫生院
1367,宣汉县渡口土家族乡卫生院
1368,宣汉县精神病医院
1369,宣汉爱康仁和医院
1370,富顺县东湖街道社区卫生服务中心
1371,富顺县妇幼保健院
1372,富顺县安溪镇卫生院
1373,富顺县怀德镇中心卫生院
1374,富顺县永年镇中心卫生院
1375,富顺县福善镇卫生院
1376,富顺县骑龙镇卫生院
1377,富顺县龙万乡卫生院
1378,富顺天善眼科医院
1379,射洪市瞿河镇卫生院
1380,射洪老年病医院
1381,小金县四姑娘山镇卫生院
1382,小金县结斯乡卫生院
1383,屏山县书楼镇卫生院
1384,岳池县苟角镇中心卫生院
1385,岳池县顾县镇中心卫生院
1386,岳池友安医院
1387,岳池百兴医院
1388,岳池红兴医院
1389,峨眉山正固医院
1390,峨边彝族自治县新场乡卫生院
1391,崇州市道明镇卫生院
1392,崇州正源中医医院
1393,崇州浩康疼痛康复医院
1394,崇州金鸡医院
1395,巴中三和医院
1396,巴中仁爱中医康复医院
1397,巴中市巴州区东城街道大东社区卫生服务中心
1398,巴中市巴州区大和乡卫生院
1399,巴中市恩阳区人民医院
1400,巴州区三江镇卫生院
1401,巴州区东城社区卫生服务中心
1402,巴州回风医院
1403,布拖县俄里坪镇中心卫生院
1404,平昌县云台镇澌滩卫生院
1405,平昌县人民医院
1406,平昌县岩口镇卫生院
1407,平昌县板庙镇青凤卫生院
1408,平昌县江家口镇喜神卫生院
1409,平昌县西兴镇中心卫生院
1410,平昌新区医院
1411,广元万江眼科医院
1412,广元市利州区嘉陵街道社区卫生服务中心
1413,广元市利州区雪峰街道社区卫生服务中心
1414,广元市昭化区红岩镇卫生院
1415,广元市朝天区两河口镇卫生院
1416,广安市人民医院/四川大学华西医院广安医院/广安市人民医院互联网医院
1417,广安市前锋区代市中心卫生院
1418,广安市前锋区观塘中心卫生院
1419,广安市前锋区观阁中心卫生院
1420,广安市精神病院
1421,广安星华星医院
1422,广汉市三水镇卫生院
1423,广汉市小汉镇中心卫生院
1424,广汉鸿疗医院
1425,开江县人民医院
1426,开江县回龙中心卫生院
1427,开江县永兴中心卫生院
1428,开江县灵岩镇卫生院
1429,开江民升中医医院
1430,开江齐悦华康医院
1431,彭州仁河医院
1432,彭州博泓瑞中医医院
1433,彭州市中西医结合医院
1434,彭州市天彭街道安康护理院
1435,彭州市敖平镇卫生院（彭州市第三人民医院）
1436,彭州市濛阳街道三界社区卫生服务中心
1437,彭州市通济镇卫生院
1438,得荣县中藏医院
1439,得荣县人民医院
1440,德昌县人民医院
1441,德昌县永郎镇中心卫生院
1442,德阳市旌阳区和新镇卫生院
1443,德阳市旌阳区孝泉镇卫生院
1444,德阳市第二人民医院
1445,德阳市罗江区略坪镇中心卫生院
1446,德阳市罗江区金山镇中心卫生院（德阳市罗江区第二人民医院）
1447,慈音社区卫生服务中心
1448,成都上锦南府医院
1449,成都京东方医院
1450,成都仁品耳鼻喉专科医院
1451,成都八一骨科医院
1452,成都博润白癜风医院、成都博润白癜风医学研究院附属医院
1453,成都双华骨科医院
1454,成都双流华府医院
1455,成都双流爱民综合医院
1456,成都台双医院
1457,成都大华韩艺整形美容医院
1458,成都市双流区妇幼保健院
1459,成都市双流区怡心街道社区卫生服务中心
1460,成都市成华区猛追湾建设路社区卫生服务中心、成都通用锦电医院（第二名称）
1461,成都市成华区第七人民医院
1462,成都市新津区安西镇公立卫生院
1463,成都市新津区宝墩镇公立卫生院
1464,成都市武侯区人民医院
1465,成都市温江区第三人民医院
1466,成都市第二人民医院
1467,成都市郫都区安靖街道社区卫生服务中心
1468,成都市青白江区城厢镇公立中心卫生院
1469,成都市青白江区大同镇卫生院
1470,成都市青白江区妇幼保健院
1471,成都市青羊区妇幼保健计划生育服务中心（成都市青羊区妇幼保健院）
1472,成都市青羊区文家社区卫生服务中心（成都市青羊区文家社区医院）
1473,成都市龙泉驿区东安社区卫生服务中心
1474,成都慈爱肿瘤医院
1475,成都成华成量医院
1476,成都新都颐宁医院
1477,成都温江京良医院
1478,成都温江名方医院
1479,成都温江民生医院
1480,成都温江赛灵医院
1481,成都温江鱼凫医院
1482,成都爱迪眼科医院
1483,成都理工大学医院
1484,成都美容整形医院
1485,成都蒲江颐养居老年病医院
1486,成都西南脑科医院
1487,成都郫都犀城医院
1488,成都铁路通信设备厂职工医院
1489,成都锦江瑞康医院
1490,成都长江医院
1491,成都青白江友爱医院
1492,成都青白江正福医院
1493,成都顾连锦宸康复医院
1494,成都高新华南医院
1495,成都龙泉驿锦欣老年病医院
1496,攀枝花市仁和区中坝乡卫生院（攀枝花市仁和区中坝乡妇幼保健站）
1497,攀枝花市仁和区务本乡卫生院（攀枝花市仁和区务本乡妇幼保健站）
1498,攀枝花市第三人民医院
1499,攀钢集团成都医院
1500,新津精准肿瘤医院
1501,旺苍县东河镇中心卫生院
1502,旺苍县九龙镇卫生院
1503,旺苍县檬子乡卫生院
1504,旺苍县白水镇静乐寺卫生院
1505,旺苍县高阳镇卫生院
1506,春林医院
1507,昭觉县妇幼保健计划生育服务中心
1508,昭觉县新城镇中心卫生院
1509,昭觉县美甘乡卫生院
1510,普格县人民医院
1511,木里县列瓦镇卫生院
1512,木里藏族自治县倮波乡卫生院
1513,梓潼县金龙镇卫生院
1514,梓潼崇文医院
1515,梓潼工人医院
1516,武胜县人民医院
1517,武胜县第二人民医院（武胜县烈面镇中心卫生院）
1518,武胜县飞龙镇中心卫生院
1519,武胜巴蜀精神病专科医院
1520,武胜星华星医院
1521,民安精神康复医院
1522,汉源万隆康宁专科医院
1523,汉源县唐家镇河西卫生院
1524,汉源县宜东中心卫生院
1525,万源市白果镇卫生院
1526,万源市紫溪乡卫生院
1527,万源民生医院
1528,万源联海精神病医院
1529,三台县八洞镇卫生院
1530,三台县建中镇卫生院
1531,三台县秋林镇卫生院
1532,三台县精神病院
1533,三台同德医院
1534,三台四平医院
1535,三台建林医院
1536,三台梓爱医院
1537,中国五冶集团有限公司医院
1538,中江县城南社区卫生服务中心
1539,中江县玉兴镇卫生院
1540,中江县通山乡卫生院
1541,乐山五通桥济安医院
1542,乐山友谊医院
1543,乐山市五通桥区金粟镇桥沟卫生院
1544,乐山市市中区全福街道社区卫生服务中心
1545,乐山市市中区海棠街道泊水社区卫生服务中心
1546,乐山市市中区白马镇卫生院
1547,乐山市沙湾区人民医院
1548,乐山市沙湾区福禄镇中心卫生院（牛石分院）
1549,乐山市沙湾区踏水镇中心卫生院
1550,乐山市沙湾区轸溪镇中心卫生院
1551,乐山市精神病医院
1552,乐山张友谊疼痛康复医院
1553,乐山德胜医院
1554,乐山沙湾民升医院
1555,乐山熙雍医院
1556,乐至县东山镇孔雀卫生院
1557,乐至县佛星镇卫生院
1558,乐至县石佛镇中心卫生院
1559,乐至县石湍镇中心卫生院
1560,九寨沟县中藏医院
1561,九寨沟县大录乡卫生院
1562,九寨沟县永和乡卫生院
1563,井研县人民医院
1564,井研县千佛镇卫生院
1565,井研县研城街道社区卫生服务中心
1566,井研县高凤镇卫生院
1567,什邡华誉精神病医院
1568,什邡市南泉镇卫生院
1569,什邡市精神卫生中心
1570,仁寿县城南社区卫生服务中心
1571,仁寿县方家镇卫生院
1572,仁寿县珠嘉镇卫生院
1573,仁寿县禾加镇卫生院
1574,仁寿县第三人民医院（仁寿县汪洋镇卫生院）
1575,仁寿县第六人民医院（仁寿县彰加镇卫生院）
1576,仁寿县精神卫生保健院
1577,仁寿县藕塘镇卫生院
1578,仁寿县虞丞乡卫生院
1579,仁寿汪洋肛肠医院
1580,仪陇县丁字桥镇卫生院
1581,仪陇县三蛟镇卫生院
1582,仪陇县保平镇卫生院
1583,仪陇县妇幼保健计划生育服务中心
1584,仪陇县张公镇卫生院
1585,仪陇县思德镇卫生院
1586,仪陇县新政镇社区卫生服务中心
1587,仪陇县柳垭中心卫生院
1588,仪陇县立山中心卫生院
1589,仪陇县观紫中心卫生院
1590,仪陇德慈精神病专科医院
1591,仪陇欣兴中康医院
1592,会东县人民医院
1593,会东县嘎吉镇中心卫生院
1594,会理市中医医院
1595,会理市古城街道中心卫生院(会理市古城街道社区卫生服务中心)
1596,会理市通安镇中心卫生院
1597,会理润康医院
1598,佛都老年病医院
1599,兴文县周家镇卫生院
1600,兴文县妇幼保健计划生育服务中心
1601,兴文普照精神病医院
1602,内江万晟城医院
1603,内江市东兴区双才中心卫生院
1604,内江市市中区妇幼保健院
1605,内江市第二人民医院
1606,内江市第六人民医院
1607,内江弘心医院
1608,内江爱尔眼科医院
1609,冕宁县巨龙中心卫生院
1610,凉山州喜德县冕山镇中心卫生院
1611,凉山州喜德县李子乡卫生院
1612,凉山州喜德县鲁基乡卫生院
1613,凉山彝族自治州第二人民医院
1614,凉山视康眼科医院
1615,剑阁县人民医院
1616,剑阁县姚家镇卫生院
1617,剑阁县王河镇卫生院
1618,北川民康医院
1619,北川羌族自治县陈家坝镇中心卫生院
1620,北川羌族自治县青片乡卫生院
1621,华蓥市妇幼保健计划生育服务中心
1622,华蓥市明月镇卫生院
1623,华蓥市阳和镇卫生院
1624,华蓥市高兴镇中心卫生院
1625,华蓥永健医院
1626,南充友爱康复医院
1627,南充友爱康复医院蓬安分院
1628,南充地调处医院
1629,南充市嘉陵区安平镇中心卫生院
1630,南充市嘉陵区安福镇卫生院
1631,南充市顺庆区人民医院
1632,南充市顺庆区舞凤社区卫生服务中心
1633,南充市高坪区龙门社区卫生服务中心
1634,南充爱邻医院
1635,南江县关门镇卫生院
1636,南江县大河镇中心卫生院
1637,南江县天池镇卫生院
1638,南江县桥亭镇中心卫生院
1639,南江县沙河镇中心卫生院
1640,南江县红光镇卫生院
1641,南江县长赤镇中心卫生院
1642,南部县大桥中心卫生院
1643,南部县定水中心卫生院
1644,南部县永定镇卫生院
1645,南部县盘龙中心卫生院
1646,南部县石龙镇卫生院
1647,南部县老鸦镇卫生院
1648,南部县黄金镇卫生院
1649,南部康乐医院
1650,南部顺康医院
1651,双流复馨康复医院
1652,叙永县大石镇卫生院
1653,叙永县水尾中心卫生院
1654,叙永县江门镇卫生院
1655,叙永县白腊苗族乡卫生院
1656,叙永县观兴镇卫生院
1657,叙永县麻城镇卫生院
1658,叙永西瑚医院
1659,古蔺县太平中心卫生院
1660,古蔺县石宝中心卫生院
1661,古蔺县观文中心卫生院
1662,古蔺巴泸精神康复医院
1663,合江县妇幼保健院
1664,合江县榕山镇卫生院
1665,合江县白沙中心卫生院
1666,合江县车辋镇卫生院
1667,合江康城肾病专科医院
1668,合江张氏骨科医院
1669,喜德县妇幼保健计划生育服务中心
1670,喜德长庚医院（普通合伙）
1671,四川天府新区兴隆社区卫生服务中心（四川天府新区兴隆中医医院）
1672,四川天府新区新兴卫生院
1673,四川天府新区煎茶卫生院
1674,四川巴中经济开发区人民医院（四川巴中经济开发区兴文中心卫生院）
1675,四川泌尿外科医院
1676,四川省乐至县中医医院
1677,四川省交通医院
1678,四川省建筑医院
1679,四川绵阳四0四医院
1680,大竹东方医院
1681,大竹县八渡乡卫生院
1682,大竹县天城镇卫生院
1683,大竹县妈妈镇卫生院
1684,大竹县欧家镇卫生院
1685,大竹县清水中心卫生院
1686,大竹县白塔街道社区卫生服务中心
1687,大竹县高明镇卫生院
1688,大竹爱尔眼科医院
1689,大邑县悦来镇公立卫生院（大邑县第六人民医院）
1690,大邑建国医院
1691,天全县小河镇卫生院
1692,天全县思经镇卫生院
1693,夹江县中医医院
1694,夹江县木城镇中心卫生院
1695,夹江县马村镇中心卫生院
1696,夹江县黄土镇卫生院
1697,威远县高石镇卫生院
1698,威远川康医院
1699,威远王氏正骨中西医结合医院
1700,威远迪森医院
1701,江安县下长镇卫生院
1702,江安县妇幼保健院
1703,江安县留耕镇中心卫生院
1704,江安县红桥镇中心卫生院
1705,江安爱民医院
1706,江油华厦眼科医院
1707,江油宝石花医院
1708,江油市二郎庙镇卫生院
1709,江油市传染病医院（江油市老年病医院）
1710,江油市厚坝镇卫生院
1711,江油市大堰镇卫生院
1712,江油市第五人民医院
1713,江油市西屏镇卫生院
1714,江油怡康老年病医院
1715,江阳区茜草街道社区卫生服务中心
1716,汶川县中医医院
1717,汶川县人民医院
1718,汶川县映秀镇中心卫生院
1719,汶川县漩口镇中心卫生院
1720,沐川县沐溪镇卫生院
1721,沐川县高笋乡卫生院
1722,泸县中医医院
1723,泸县康诺医院
1724,泸县济民医院
1725,泸县海潮镇卫生院
1726,泸县立石中心卫生院
1727,泸州久宁精神病康复医院
1728,泸州市龙马潭区人民医院
1729,泸州平安中医骨科医院
1730,泸州江阳福音医院
1731,泸州现代耳鼻喉专科医院
1732,泸州石油医院
1733,泸州纳溪康华医院
1734,泸州西南梅奥肾病医院
1735,泸州长江慢性病专科医院
1736,泸州龙马潭爱尔眼科医院
1737,渠县三江医院
1738,渠县东安镇卫生院（渠县流溪镇卫生院）
1739,渠县东方医院
1740,渠县宝城镇中心卫生院
1741,渠县渠江街道东区社区卫生服务中心
1742,渠县渠江街道北门社区卫生服务中心(渠县渠江镇卫生院)
1743,渠县爱视眼科医院
1744,犍为县石溪镇中心卫生院
1745,犍为县舞雩镇卫生院
1746,犍为芭石煤炭独立工矿区医院
1747,珙县大众医院
1748,珙县川洲医院
1749,珙县康怡精神病医院
1750,甘洛县中彝医院
1751,甘洛县海棠镇卫生院
1752,白玉县人民医院
1753,盐亭县人民医院
1754,盐亭县妇幼保健院
1755,盐亭县肿瘤医院
1756,盐亭县莲花湖乡卫生院
1757,盐亭县高渠镇中心卫生院
1758,盐亭同德医院
1759,盐亭民兴医院
1760,盐源县卫城镇卫生院
1761,盐源县梅子坪镇卫生院
1762,盐源县泸沽湖镇卫生院
1763,盐源县润盐镇卫生院
1764,盐源县盐塘镇卫生院
1765,盐边县红格中心卫生院
1766,眉山仁德精成中医骨伤医院
1767,眉山安和精神病医院有限公司
1768,眉山市东坡区万胜镇卫生院
1769,眉山市东坡区思蒙镇卫生院
1770,眉山市彭山区凤鸣街道余店社区卫生服务中心
1771,眉山心脑血管病医院
1772,眉山苏沈老年病医院有限公司
1773,眉山蜀唐肛肠医院
1774,石屏百姓医院
1775,石棉县人民医院
1776,石棉恒博医院
1777,福民医院
1778,筠连县乐义乡卫生院
1779,筠连县大雪山镇中心卫生院
1780,筠连县腾达镇卫生院
1781,筠连益民眼科医院
1782,简阳市云龙中心卫生院
1783,简阳市妇幼保健院
1784,简阳市平泉中心卫生院
1785,简阳市精神病医院
1786,米易县白坡彝族乡卫生院
1787,纳溪区大渡口中心卫生院（泸州市纳溪区第三人民医院）
1788,绵竹市中医医院
1789,绵竹市人民医院（绵竹市人民医院互联网医院）
1790,绵竹市新市镇卫生院
1791,绵竹市玉泉镇卫生院
1792,绵阳市中心医院
1793,绵阳市人民医院
1794,绵阳市安州区妇幼保健院（绵阳市安州区妇女儿童医院）
1795,绵阳市安州区桑枣镇中心卫生院
1796,绵阳市涪城区城郊社区卫生服务中心
1797,绵阳市涪城区新皂镇卫生院
1798,绵阳市游仙区忠兴中心卫生院
1799,绵阳市游仙区游仙街道社区卫生服务中心
1800,绵阳市游仙区盐泉中心卫生院
1801,绵阳市游仙区石马中心卫生院
1802,绵阳市肛肠病医院
1803,绵阳市肿瘤医院
1804,绵阳爱尔眼科医院
1805,绵阳高新雨辰护理院
1806,美姑县候古莫镇卫生院
1807,美姑县峨曲古乡中心卫生院
1808,美姑县巴普镇中心卫生院
1809,自贡市大安区凤凰镇卫生院
1810,自贡市妇幼保健院（自贡市妇女儿童医院）
1811,自贡市沿滩区仙市镇卫生院
1812,自贡市沿滩区王井镇卫生院
1813,自贡康立眼科医院（高新区）
1814,芦山县大川镇中心卫生院
1815,芦山县飞仙关镇中心卫生院
1816,苍溪县三川镇卫生院
1817,苍溪县中医医院
1818,苍溪县唤马镇卫生院
1819,苍溪县皮肤病性病防治院
1820,苍溪县石马镇卫生院
1821,苍溪县精神卫生防治院
1822,荣县乐德中心卫生院
1823,荣县保华镇卫生院
1824,荣县留佳中心卫生院
1825,荥经县人民医院
1826,荥经县花滩镇中心卫生院
1827,营山县大庙乡卫生院
1828,营山县安化乡卫生院
1829,营山县小桥镇四喜卫生院
1830,营山县绥安街道白塔社区卫生服务中心
1831,蒲江县第二人民医院（蒲江县寿安公立中心卫生院）
1832,蒲江鑫名老年病医院
1833,蓬安县巨龙中心卫生院
1834,蓬安县杨家镇卫生院
1835,蓬安县河舒中心卫生院
1836,蓬安县龙蚕镇卫生院
1837,蓬安盛泰医院
1838,蓬溪县大石中心卫生院
1839,蓬溪县妇幼保健计划生育服务中心（蓬溪县妇幼保健院）
1840,西充县义兴中心卫生院
1841,西充县人民医院
1842,西充县凤鸣镇卫生院
1843,西充县古楼镇卫生院
1844,西充县大全镇卫生院
1845,西充县祥龙乡卫生院
1846,西充县鸣龙镇卫生院
1847,西充康桥医院
1848,西昌市佑君镇中心卫生院
1849,西昌市大兴乡卫生院
1850,西昌市太和镇中心卫生院
1851,西昌市黄联关镇中心卫生院
1852,资中县高楼镇卫生院
1853,资中县龙江镇卫生院
1854,资中弘德医院
1855,资阳巴川精神病医院
1856,资阳市精神病医院
1857,资阳济民医院有限责任公司仁德西路医院
1858,资阳雁江济仁医院
1859,越西县乃托镇中心卫生院
1860,越西县尔觉镇中心卫生院
1861,越西县梅花镇中心卫生院
1862,越西康虹医院
1863,达川区杨柳街道社区卫生服务中心
1864,达州医科肿瘤医院
1865,达州南方医院
1866,达州市通川区蒲家中心卫生院
1867,达州禾平精神病医院
1868,达竹煤电集团公司医院
1869,通川区中医院
1870,通川区双龙镇卫生院
1871,通江县唱歌镇卫生院
1872,通江县至诚中心卫生院
1873,通江新区医院
1874,遂宁安居一帆医院
1875,遂宁市安居区保石镇卫生院
1876,遂宁康炜精神病医院
1877,邛崃东华医院
1878,邛崃华大医院
1879,邛崃市中医医院
1880,邛崃市大同镇卫生院
1881,邛崃市第二人民医院（成都市第三人民医院邛崃医院）
1882,邛崃广临医院
1883,邻水东方医院
1884,邻水华康医院
1885,邻水县八耳镇卫生院
1886,邻水县兴仁镇中心卫生院
1887,邻水天蓝眼科医院
1888,都江堰兴开医院
1889,都江堰宏惠医院
1890,都江堰市灌口平义社区卫生服务中心
1891,都江堰市灌口解放社区卫生服务中心
1892,都江堰市金江社区卫生服务中心
1893,酒城全科中医医院
1894,金堂县三溪镇卫生院(金堂县三溪镇公共卫生所）
1895,金堂正康老年病医院
1896,金川县人民医院
1897,金川县观音桥镇中心卫生院
1898,金阳县中彝医院
1899,金阳县天地坝镇卫生院
1900,金阳县德溪镇卫生院
1901,金阳县甲依乡卫生院
1902,长宁县梅硐镇中心卫生院
1903,长宁和平医院
1904,阆中元华祥医院
1905,阆中名城医院
1906,阆中市峰占乡卫生院
1907,阆中市望垭镇卫生院
1908,阆中市桥楼乡卫生院
1909,阆中市河溪街道中心卫生院（阆中市第四人民医院）
1910,阆中市洪山镇中心卫生院
1911,阆中市玉台镇卫生院
1912,阆中市第二人民医院
1913,阆中市郎家拐社区卫生服务中心
1914,阆中眼耳鼻喉专科医院
1915,阿坝县麦昆乡卫生院
1916,隆昌城南东华医院
1917,隆昌市圣灯镇中心卫生院
1918,隆昌市石燕桥镇中心卫生院
1919,隆昌市金鹅中心卫生院
1920,雅安康禾精神病医院
1921,雷波县黄琅镇卫生院
1922,青川县姚渡镇卫生院
1923,青川县蒿溪回族乡卫生院
1924,马边彝族自治县民主镇卫生院
1925,马边彝族自治县烟峰镇卫生院
1926,高县沙河驿医院
1927,高县罗场镇中心卫生院
1928,高县落润镇卫生院
1929,高坪区小龙社区卫生服务中心
1930,高坪区江陵镇卫生院
1931,高坪太禾医院
1932,黑水县人民医院
1933,龙马潭区特兴街道长安社区卫生服务中心
1934,龙马潭明康医院
1935,宁南县骑骡沟镇卫生院（骑骡沟镇妇幼保健计划生育服务站）
1936,安岳县协和乡卫生院
1937,安岳县周礼镇宝华卫生院
1938,安岳县姚市镇卫生院
1939,安岳县林凤镇卫生院
1940,安岳县白塔寺乡卫生院
1941,安岳县驯龙镇中心卫生院
1942,安岳县龙台镇中心卫生院（安岳县第四人民医院）
1943,安州民生医院
1944,宜宾三江新区双城社区卫生服务中心
1945,宜宾丞济医院
1946,宜宾乐龄精神病医院
1947,宜宾市中西医结合医院
1948,宜宾市南溪区南溪街道中心卫生院
1949,宜宾市叙州区高场镇中心卫生院
1950,宜宾市翠屏区大观楼社区卫生服务中心
1951,宜宾市翠屏区安阜社区卫生服务中心
1952,宜宾市翠屏区宗场镇卫生院
1953,宜宾市翠屏区李庄镇中心卫生院
1954,宜宾市翠屏区永兴镇中心卫生院
1955,宜宾戎南骨科医院
1956,宜宾旌宏眼科医院
1957,宜宾玛莉亚医院
1958,宝兴县穆坪镇卫生院
1959,实邻医院
1960,宣汉博仁医院有限公司
1961,宣汉县大成镇卫生院
1962,宣汉县漆树土家族乡漆碑卫生院
1963,宣汉县石铁乡卫生院
1964,宣汉县第二人民医院
1965,宣汉县马渡关镇庆云卫生院
1966,宣汉忠健医院
1967,富顺众信中医医院（个人独资）
1968,富顺侨兴医院
1969,富顺县人民医院
1970,富顺县晨光医院（富顺县第三人民医院）
1971,富顺县李桥镇卫生院
1972,富顺县邓井关街道社区卫生服务中心
1973,射洪佰信综合医院
1974,射洪市天仙中心卫生院
1975,射洪市太乙中心卫生院
1976,射洪市曹碑镇卫生院
1977,射洪市沱牌中心卫生院
1978,小金县人民医院
1979,小金县新桥乡卫生院
1980,小金县潘安乡卫生院
1981,屏山县清平彝族乡卫生院
1982,岳池县兴隆镇中心卫生院
1983,岳池县坪滩镇中心卫生院
1984,岳池县天平镇卫生院
1985,岳池县齐福镇卫生院
1986,峨眉山佛光医院
1987,峨眉山市妇幼保健院
1988,峨眉山市绥山镇卫生院
1989,峨眉山市高桥镇中心卫生院
1990,峨眉山瑞和医院有限公司峨眉山瑞和医院
1991,峨边彝族自治县新林镇中心卫生院
1992,峨边彝族自治县毛坪镇中心卫生院
1993,崇州健骨医院
1994,崇州宣怀骨科医院
1995,崇州寿康老年病医院
1996,崇州市中医医院
1997,崇州市人民医院
1998,巴中博济医院
1999,巴中市巴州区光辉镇卫生院
2000,巴中市恩阳区九镇卫生院
2001,巴中市恩阳区兴隆镇卫生院
2002,巴中市恩阳区尹家镇卫生院
2003,巴中市恩阳区柳林镇卫生院
2004,巴中市精神康复医院（巴中市第四人民医院）
2005,巴州区大茅坪镇卫生院
2006,巴州区曾口中心卫生院
2007,巴州区清江中心卫生院
2008,巴州区龙泉社区卫生服务中心
2009,布拖仁泽医院
2010,布拖县龙潭镇中心卫生院
2011,平昌县三十二梁镇卫生院
2012,平昌县得胜镇中心卫生院
2013,平昌县笔山镇中心卫生院
2014,平昌国平医院
2015,平昌安康医院
2016,平武县响岩镇卫生院
2017,平武县平通羌族乡中心卫生院（平武县第二人民医院）
2018,平武县江油关镇中心卫生院
2019,广元市利州区白朝乡卫生院
2020,广元市利州区第二人民医院
2021,广元市昭化区清水镇卫生院
2022,广元市朝天区云雾山镇卫生院
2023,广元市朝天区曾家镇中心卫生院（广元市朝天区第二人民医院）
2024,广安市妇幼保健院
2025,广安市广安区大安镇卫生院
2026,广安市广安区悦来中心卫生院
2027,广安市广安区浓溪镇卫生院
2028,广安市广安区白市镇卫生院
2029,广安康宁精神病专科医院有限公司
2030,广安恒德医院
2031,广安新迪眼科医院（枣山园区）
2032,广安福源医院
2033,广汉市人民医院
2034,广汉市南丰镇卫生院
2035,广汉雒康医院
2036,康桥中医医院
2037,开江久扬中医医院
2038,开江县任市中心卫生院（开江县第二人民医院）
2039,开江县宝石医养结合服务中心
2040,开江县新宁社区卫生服务中心
2041,开江县梅家乡卫生院
2042,开江康仁骨科医院
2043,彭州市妇幼保健院 彭州市妇女儿童医院
2044,彭州段氏中医骨科医院
2045,彭州茂康中医医院
2046,彭州颐康医院
2047,德昌县麻栗镇中心卫生院
2048,德阳锦欣护理中心
2049,慈恒凉山精神卫生防治医院
2050,成都东区爱尔眼科医院
2051,成都东部新区壮溪卫生院
2052,成都东部新区武庙卫生院
2053,成都东部新区芦葭卫生院
2054,成都中医药大学第三附属医院（四川省糖尿病防治中心）
2055,成都中山骨科医院
2056,成都双流城北中医医院
2057,成都双流海尔森老年病医院
2058,成都复兴医院
2059,成都天兴医院
2060,成都天府新区颐天福诚医院
2061,成都市中西医结合医院
2062,成都市成华区中医医院
2063,成都市新都区三河街道社区卫生服务中心
2064,成都市新都区人民医院
2065,成都市新都区大丰街道太平社区卫生服务中心
2066,成都市新都区新繁街道龙桥社区卫生服务中心
2067,成都市武侯区红牌楼社区卫生服务中心
2068,成都市温江区万春镇中心卫生院
2069,成都市温江区妇幼保健院（成都市温江区妇幼保健计划生育服务中心）
2070,成都市第七人民医院
2071,成都市第五人民医院
2072,成都市第四人民医院（精神卫生中心 电子科技大学成都脑科学研究院临床医院 第四人民医院互联网医院
2073,成都市郫都区友爱镇卫生院
2074,成都市金牛区中医医院
2075,成都市金牛区妇幼保健院（成都市金牛区妇幼保健院互联网医院）
2076,成都市青羊区中医医院（青羊区第六人民医院）
2077,成都市龙泉驿区中医医院
2078,成都市龙泉驿区十陵社区卫生服务中心
2079,成都市龙泉驿区大面洪河社区卫生服务中心
2080,成都市龙泉驿区洪安镇公立卫生院
2081,成都成华北区医院
2082,成都成实医院
2083,成都新都静雅医院
2084,成都武侯西南医院
2085,成都温江同人康医院
2086,成都聚焦超声医院
2087,成都育才骨科医院
2088,成都西区医院
2089,成都锦欣沙河堡医院
2090,成都锦欣精神病医院
2091,成都青白江孝行万家护理中心
2092,成都韩妃整形外科医院
2093,成都高新区合作社区卫生服务中心
2094,成都高新区西园社区卫生服务中心
2095,成都高新城南妇幼医院
2096,攀枝花市妇幼保健院
2097,攀枝花盛泰康复医院有限公司
2098,旺苍县大两镇卫生院
2099,旺苍县大德镇卫生院
2100,旺苍县燕子乡卫生院
2101,昭觉华大医院
2102,木里县西秋乡卫生院
2103,未来好医院
2104,梓潼县仁和镇中心卫生院
2105,梓潼县卧龙镇卫生院
2106,梓潼县玛瑙镇卫生院
2107,武胜中山医院
2108,武胜县双星乡卫生院
2109,武胜县鼓匠乡卫生院
2110,武胜石碾医院
2111,汉源县九襄镇卫生院
2112,汉源县富林镇卫生院
2113,江安利民医院
2114,江安恒江医院
2115,江安石峰益洲医院
2116,江油市第四人民医院
2117,江油市龙凤镇卫生院
2118,江油河西医院
2119,江阳区华阳街道社区卫生服务中心
2120,江阳区泰安街道社区卫生服务中心（泸州国家高新区人民医院）
2121,江阳区蓝田街道社区卫生服务中心
2122,汶川县绵虒中心卫生院
2123,沐川县杨村乡卫生院
2124,沐川县箭板镇卫生院
2125,泸县同康医院
2126,泸县惠仁医院
2127,泸县惠众医院
2128,泸县方洞镇卫生院
2129,泸县潮河中心卫生院
2130,泸县百和镇卫生院
2131,泸县石桥镇卫生院
2132,泸县福集镇卫生院
2133,泸县第二人民医院
2134,泸州城南医院
2135,泸州市纳溪区中医医院
2136,泸州江阳宜民医院
2137,泸州纳溪凤康医院
2138,泸州纳溪博爱医院
2139,泸州纳溪建林医院
2140,洪雅县中保镇卫生院
2141,洪雅县精神康复医院
2142,涪城长安医院
2143,渠县万寿镇卫生院（渠县板桥乡卫生院）
2144,渠县中医院
2145,渠县文崇镇卫生院
2146,渠县渠南街道社区卫生服务中心
2147,犍为县寿保镇卫生院
2148,犍为县芭沟镇卫生院
2149,犍为县铁炉镇卫生院
2150,珙县曹营镇卫生院
2151,珙县树洪医院
2152,珙县沐滩镇卫生院
2153,珙县王家镇卫生院
2154,珙县珙泉齐海林中医医院
2155,珙县罗渡苗族乡卫生院
2156,理县中医藏医医院
2157,理县甘堡乡卫生院
2158,理塘县藏医院
2159,甘孜县中藏医院
2160,甘孜县人民医院
2161,甘孜州泸定县得妥镇卫生院
2162,盐亭县永泰镇卫生院
2163,盐亭县西陵镇卫生院
2164,盐源县平川镇卫生院
2165,盐源县沃底乡卫生院
2166,盐源树仁医院
2167,眉山东坡苏湖医院
2168,眉山健民医院
2169,眉山子瞻老年病医院有限公司
2170,眉山市东坡区多悦镇卫生院
2171,眉山市东坡区松江镇卫生院
2172,眉山市东坡区精神病医院
2173,眉山老年病医院有限公司
2174,眉山肿瘤医院
2175,眉山蜀西眼耳鼻咽喉专科医院有限公司
2176,筠连为民医院
2177,筠连钊阳骨科医院
2178,简阳市三星中心卫生院
2179,简阳市杨家镇卫生院
2180,简阳市禾丰中心卫生院
2181,简阳市简城街道滨江社区卫生服务中心
2182,简阳市镇金中心卫生院
2183,米易长康医院
2184,米诺娃妇女儿童医院
2185,纳溪区上马中心卫生院（泸州市纳溪区第五人民医院）
2186,纳溪区安富街道社区卫生服务中心
2187,绵竹友好医院
2188,绵阳兴睿精神病医院
2189,绵阳市安州区人民医院
2190,绵阳市安州区秀水镇中心卫生院
2191,绵阳市安州区花荄镇卫生院
2192,绵阳市安州区雎水镇卫生院
2193,绵阳市涪城区城厢社区卫生服务中心
2194,绵阳市涪城区青义中心卫生院
2195,绵阳市游仙区妇幼保健院
2196,绵阳市游仙区新桥中心卫生院
2197,绵阳爱贝尔妇产医院
2198,绵阳高新区医院
2199,美姑县洒库乡卫生院
2200,自流井区中医院
2201,自贡天一堂医院（高新区）
2202,自贡市中医医院
2203,自贡市大安区和平镇卫生院
2204,自贡市沿滩区瓦市镇中心卫生院
2205,自贡银龄医院
2206,芦山芦琴医院
2207,苍溪县东溪镇中心卫生院
2208,苍溪县五龙镇中心卫生院
2209,苍溪县歧坪镇中心卫生院
2210,苍溪县浙水乡卫生院
2211,苍溪广济医院
2212,苍溪社保医院
2213,荣县妇幼保健院
2214,荣县新城医院
2215,荣县精神病医院（荣县第三人民医院）
2216,荣县铁厂镇卫生院
2217,荣县高山中心卫生院
2218,荥经兴恒康医院
2219,荥经县中医院
2220,荥经时代中西医院
2221,营山县双流中心卫生院
2222,营山县城南街道三星社区卫生服务中心
2223,营山县城南街道碑垭口社区卫生服务中心
2224,营山县明德乡卫生院
2225,营山县望龙湖镇卫生院
2226,营山县渌井镇卫生院
2227,营山县灵鹫镇卫生院
2228,营山益康精神病专科医院
2229,蒲江县人民医院
2230,蒲江县大塘公立中心卫生院
2231,蒲江县成佳镇公立卫生院
2232,蒲江县鹤山社区卫生服务中心
2233,蓬安华联医院
2234,蓬安县中医医院
2235,蓬安县银汉镇卫生院
2236,蓬溪仁心中医肛肠医院
2237,蓬溪县红江镇卫生院
2238,蓬溪县鸣凤中心卫生院
2239,西充府南医院
2240,西昌市东城健康路社区卫生服务中心
2241,西昌市安宁镇中心卫生院
2242,西昌平安医院
2243,西藏自治区人民政府驻成都办事处医院
2244,资中仁爱中医医院
2245,资中县双龙镇卫生院
2246,资中县新桥镇卫生院
2247,资中县第二人民医院（资中县精神病医院）
2248,资中县罗泉镇卫生院
2249,资中县马鞍镇卫生院
2250,资中县鱼溪镇卫生院
2251,资中资州医院
2252,资阳仁爱精神病医院有限公司
2253,资阳市雁江区丹山镇中心卫生院
2254,资阳市雁江区宝台镇卫生院
2255,资阳市雁江区小院镇中心卫生院
2256,资阳市雁江区石岭镇卫生院
2257,资阳雁江隆相医院
2258,越西县南箐镇卫生院
2259,越西县大瑞镇卫生院
2260,越西县普雄镇中心卫生院
2261,越西县竹阿觉镇中心卫生院
2262,达川区三里坪街道社区卫生服务中心
2263,达州市达川区妇幼保健计划生育服务中心
2264,达州市达川区新南社区卫生服务站
2265,达州市达川区虎让乡卫生院
2266,达州德仁中医医院
2267,达州火峰山老年病医院
2268,通川区安云乡卫生院
2269,通江县春在镇卫生院
2270,通江县涪阳中心卫生院
2271,通江县瓦室中心卫生院
2272,通江县青峪镇卫生院
2273,通江康兴医院
2274,遂宁妇产医院
2275,遂宁安居康宁精神病医院
2276,遂宁市中心医院
2277,遂宁市安居区石洞镇卫生院
2278,遂宁市船山区仁里镇中心卫生院
2279,遂宁市船山区河沙镇卫生院
2280,邛崃可利特结石医院
2281,邛崃市临济镇卫生院
2282,邛崃市临邛社区卫生服务中心
2283,邻水县中医医院
2284,邻水县城南镇卫生院
2285,邻水县复盛镇卫生院
2286,邻水县妇幼保健计划生育服务中心
2287,邻水县袁市镇卫生院
2288,邻水怀康精神病专科医院
2289,都江堰市天马镇中心卫生院
2290,都江堰市幸福街道社区卫生服务中心
2291,都江堰市桂花社区卫生服务中心
2292,都江堰市沿江卫生院
2293,都江堰怡康医院
2294,都江堰惠生康复医院
2295,都江堰润进康复医院
2296,金堂何氏创伤外科医院
2297,金堂县五凤镇卫生院（金堂县五凤镇公共卫生所）
2298,金堂县栖贤社区卫生服务中心（金堂县栖贤街道公共卫生所）
2299,金堂县福兴镇中心卫生院（金堂县福兴镇公共卫生所）
2300,金堂县第三人民医院
2301,金阳华大医院
2302,金阳县对坪镇卫生院
2303,金阳县百草坡镇卫生院
2304,金阳对坪永康医院有限公司
2305,长宁县妇幼保健计划生育服务中心（长宁县妇幼保健院）
2306,长宁县老翁镇卫生院
2307,长宁安宁精神病医院
2308,长宁康仁医院
2309,阆中交通医院
2310,阆中市人民医院
2311,阆中市思依镇中心卫生院
2312,阆中市水观镇中心卫生院
2313,阆中市石滩镇卫生院
2314,阆中市鹤峰乡卫生院
2315,阆中爱民医院
2316,阿坝县安斗乡卫生院
2317,隆昌双英医院
2318,雅安仁康医院（雅安结石病医院）
2319,雅安市名山区中医医院
2320,雅安市名山区新店镇卫生院
2321,雅安市名山区百丈镇中心卫生院
2322,雅安市雨城区人民医院.雅安市第二人民医院
2323,雅安爱康医院
2324,雅江县中藏医院
2325,雷波祥和医院
2326,雷波荣兴医院
2327,青川县建峰镇卫生院
2328,青川县沙州镇中心卫生院
2329,青川县竹园镇中心卫生院
2330,青川县第一人民医院
2331,青神县瑞峰镇中心卫生院
2332,青神县罗波乡卫生院
2333,青神石康医院
2334,青神精神病医院
2335,青竹街道社区卫生服务中心
2336,马尔康市人民医院
2337,高县中医医院
2338,高县妇幼保健院
2339,高坪区老君社区卫生服务中心
2340,高坪区胜观镇卫生院
2341,高坪区螺溪社区卫生服务中心
2342,高坪区走马镇卫生院
2343,高坪区青居中心卫生院
2344,龙泉纯德平安医院
2345,万源市太平中心卫生院
2346,万源市白沙镇社区卫生服务中心
2347,三台县中新镇卫生院
2348,三台县断石乡卫生院
2349,三台县永明镇卫生院
2350,三台县灵兴镇卫生院
2351,三台拦河医院
2352,三台良春涵医院
2353,三台长乐医院
2354,中康凉山康复医院
2355,中江县中医医院
2356,中江县仓山中心卫生院
2357,中江县兴隆中心卫生院
2358,中江县太安镇卫生院
2359,中江县妇幼保健院（中江县妇女儿童医院、中江县妇幼保健计划生育服务中心）
2360,中江县柏树乡卫生院
2361,中江县永太中心卫生院
2362,中江县白果乡卫生院
2363,中江县联合镇卫生院
2364,丹棱南苑中医医院
2365,丹棱县齐乐镇社区卫生服务中心
2366,乐山五通桥中医医院
2367,乐山嘉州精神病医院
2368,乐山城北医院
2369,乐山市五通桥区蔡金镇卫生院
2370,乐山市市中区海棠街道社区卫生服务中心
2371,乐山市沙湾区嘉农镇卫生院
2372,乐山市沙湾区太平镇中心卫生院
2373,乐山市沙湾区葫芦镇卫生院
2374,乐山肛康中医肛肠医院
2375,乐山鲍氏医疗投资有限公司乐山嘉定医院
2376,乐至博爱医院
2377,乐至县大佛镇中心卫生院
2378,乐至天颐新区医院
2379,乐至蓝天医院
2380,乡城县人民医院
2381,二郎仁和医院
2382,五通桥区牛华社区卫生服务中心
2383,井研县中医医院
2384,井研县周坡镇中心卫生院
2385,井研县妇幼保健计划生育服务中心
2386,井研骨康医院
2387,什邡仁恒医院
2388,什邡市方亭社区卫生服务中心
2389,什邡市蓥华中心卫生院
2390,什邡市马祖中心卫生院
2391,什邡汇杰医院
2392,仁寿中鑫老年病医院
2393,仁寿县始建镇卫生院
2394,仁寿县第二人民医院（仁寿县富加镇卫生院）
2395,仁寿县高家镇卫生院
2396,仁寿县黑龙滩镇卫生院
2397,仁寿宏康医院
2398,仁寿帝尔医院
2399,仁寿搏远医院
2400,仪陇中仁骨科医院
2401,仪陇县凤仪乡卫生院
2402,仪陇县复兴中心卫生院
2403,仪陇县福临乡卫生院
2404,仪陇弘立医院
2405,会东县新街镇中心卫生院
2406,会东县松坪镇中心卫生院
2407,会东县金江街道社区卫生服务中心
2408,会理市六华镇中心卫生院
2409,会理市绿水镇黎洪卫生院
2410,会理市鹿厂镇中心卫生院
2411,兴文光明骨科医院
2412,兴文县九丝城镇卫生院
2413,兴文县人民医院
2414,兴文县古宋镇卫生院
2415,兴文县大坝苗族乡卫生院
2416,兴文县麒麟苗族乡卫生院
2417,内江东兴瑞康医院
2418,内江市东兴区椑木中心卫生院
2419,内江市市中区白马镇中心卫生院
2420,内江市市中区精神病医院（内江市市中区人民医院精神专科病区）
2421,内江市市中区靖民镇卫生院
2422,内江市第一人民医院
2423,冕宁县中医医院
2424,冕宁县里庄中心卫生院
2425,凉山中科耳鼻喉专科医院
2426,凉山高新肿瘤医院
2427,剑阁县下寺镇中心卫生院
2428,剑阁县柳沟镇中心卫生院
2429,北川羌族自治县永安镇中心卫生院
2430,北川羌族自治县第三人民医院
2431,华川医院
2432,华蓥市溪口镇卫生院
2433,南充临江医院
2434,南充南炼康复医院
2435,南充市中医医院
2436,南充市中心医院
2437,南充市嘉陵区七宝寺镇卫生院
2438,南充市嘉陵区大通镇中心卫生院
2439,南充市顺庆区华凤社区卫生服务中心
2440,南充市顺庆区双桥镇卫生院
2441,南充市顺庆区搬罾街道社区卫生服务中心
2442,南充市高坪区第三人民医院(南充市高坪区东观中心卫生院)
2443,南充康顺医院
2444,南充格瑞尔医院
2445,南充民瑞医院
2446,南充现代妇产医院
2447,南江县人民医院
2448,南江县侯家镇卫生院
2449,南江县元潭镇卫生院
2450,南江县赤溪镇卫生院
2451,南江县赶场镇中心卫生院
2452,南江县集州街道朝阳社区服务中心
2453,南江镇阳医院
2454,南部升钟利康医院
2455,南部县东风社区卫生服务中心
2456,南部县南隆镇三医堂门诊部
2457,南部县河东中心卫生院
2458,南部县花罐镇卫生院
2459,南部瑞康医院
2460,叙永县中医医院
2461,叙永县分水中心卫生院
2462,叙永县妇幼保健计划生育服务中心（叙永县妇幼保健院）
2463,叙永县正东镇卫生院（叙永县矿山救护中心）
2464,叙永县水潦彝族乡卫生院
2465,叙永城南医院
2466,叙永安民医院
2467,古蔺仁康医院
2468,古蔺县丹桂镇卫生院
2469,古蔺县大村中心卫生院
2470,古蔺县永乐街道社区卫生服务中心
2471,古蔺县马蹄镇卫生院
2472,古蔺达康医院
2473,古蔺鸣兴精神病医院
2474,合江健欣兴康医院
2475,合江先市中医院
2476,合江县中医医院
2477,合江县人民医院
2478,合江县法王寺镇卫生院
2479,合江县白鹿镇卫生院
2480,合江县符阳街道社区卫生服务中心(合江县符阳街道卫生院)
2481,合江想建中医医院
2482,喜德光明医院
2483,四川中医肝病医院
2484,四川华美紫馨医学美容医院
2485,四川大学华西天府医院
2486,四川天府新区正兴社区卫生服务中心
2487,四川天府新区永兴卫生院
2488,四川奥斯迪康骨医院
2489,四川师范大学成龙校区医院
2490,四川泰康医院
2491,四川省地矿局四0五医院
2492,四川省第一退役军人医院
2493,四川省第五人民医院
2494,四川雅茹仁爱中医医院有限公司
2495,大安区新店镇卫生院
2496,大安区牛佛中心卫生院
2497,大竹仁爱医院
2498,大竹县川主乡卫生院
2499,大竹新华医院
2500,大竹时代医院
2501,大竹达安精神病医院
2502,大竹骨科医院
2503,大英县卓筒井镇卫生院
2504,大英县玉峰中心卫生院
2505,大英县隆盛中心卫生院
2506,大邑县出江镇公立卫生院
2507,大邑县晋原街道社区卫生服务中心
2508,大邑少祥医院
2509,大邑德全骨伤科医院
2510,天全县城厢镇卫生院
2511,天全县始阳镇中心卫生院
2512,夹江县漹城社区卫生服务中心
2513,威远县镇西镇卫生院
2514,宁南县华弹镇卫生院（华弹镇妇幼保健计划生育服务站）
2515,宁南县宁远镇社区卫生服务中心（宁远镇妇幼保健计划生育服务站）
2516,宁南县松新镇卫生院(松新镇妇幼保健计划生育服务站）
2517,安居复康医院
2518,安岳县华严镇卫生院
2519,安岳县岳城街道社区卫生服务中心
2520,安州东诚医院
2521,宜宾和康白花骨科医院
2522,宜宾国康骨科医院
2523,宜宾家声医院
2524,宜宾川南体育骨科医院
2525,宜宾市南溪区黄沙镇卫生院
2526,宜宾市叙州区南岸街道社区卫生服务中心
2527,宜宾市叙州区南广镇卫生院
2528,宜宾市叙州区泥溪镇中心卫生院
2529,宜宾市工人医院
2530,宜宾市翠屏区妇幼保健计划生育服务中心
2531,宜宾市翠屏区牟坪镇中心卫生院
2532,宣汉卫众中医医院
2533,宣汉县下八镇卫生院
2534,宣汉县厂溪乡卫生院
2535,宣汉县塔河镇卫生院
2536,宣汉县庙安镇卫生院
2537,宣汉县普光镇卫生院
2538,宣汉县芭蕉镇卫生院
2539,宣汉双河王烟灰医院
2540,宣汉蒲晶眼科医院
2541,富顺县富世街道社区卫生服务中心
2542,富顺县精神病医院（富顺县精神卫生中心、富顺县第四人民医院、富顺县复退军人精神病收养所）
2543,富顺县赵化镇中心卫生院
2544,富顺县飞龙镇卫生院
2545,富顺福惠新长滩车氏医院
2546,富顺群康医院
2547,富顺赵化岭南医院
2548,射洪市中医院
2549,射洪市太和街道城东社区卫生服务中心
2550,射洪市精神卫生中心（射洪市大榆中心卫生院）
2551,射洪王氏中医院
2552,屏山华创医院
2553,岳池仁康医院
2554,岳池县中和镇中心卫生院
2555,岳池县新场镇卫生院
2556,岳池县白庙镇中心卫生院
2557,岳池县裕民镇卫生院
2558,岳池康骨医院
2559,峨眉山市峨山街道社区卫生服务中心
2560,峨眉山市精神病医院
2561,峨眉山市罗目镇卫生院
2562,峨眉山市黄湾镇卫生院
2563,峨眉山锦欣老年病医院
2564,峨边彝族自治县沙坪镇共和卫生院
2565,峨边彝族自治县红旗镇卫生院
2566,崇州人工智能康复医院
2567,崇州众康医院
2568,崇州协好医院
2569,崇州崇仁医院
2570,崇州老年病医院
2571,崇州蜀都医院
2572,崇州西湖骨伤专科医院
2573,巴中巴州济民医院
2574,巴中市妇幼保健院
2575,巴中市巴州区化成中心卫生院
2576,巴中市巴州区妇幼保健院（巴中市巴州区妇幼保健计划生育服务中心、巴中市巴州区妇女儿童医院）
2577,巴中市恩阳区下八庙镇卫生院
2578,巴中残疾人康复医院
2579,巴塘县人民医院
2580,布拖县拉果乡卫生院
2581,平昌县土兴镇中心卫生院
2582,平昌县大寨镇中心卫生院
2583,平昌县新华街社区卫生服务中心
2584,平昌县星光工业园社区卫生服务中心
2585,平昌县江口镇社区卫生服务中心
2586,平昌县第二人民医院
2587,平昌县邱家镇鹿鸣卫生院
2588,平昌星龙医院
2589,平昌江龙医院
2590,平武县高村乡卫生院
2591,广元市利州区东坝街道社区卫生服务中心
2592,广元市利州区荣山镇卫生院
2593,广元市妇幼保健院
2594,广元市昭化区太公镇中心卫生院
2595,广元市昭化区射箭镇卫生院
2596,广元市昭化区青牛镇卫生院
2597,广元市朝天区羊木镇中心卫生院
2598,广元市第一人民医院
2599,广元济民外科医院
2600,广安市中医医院
2601,广安市广安区万盛社区卫生服务中心
2602,广安市广安区石笋中心卫生院
2603,广旺矿区代池坝医院
2604,广汉市向阳镇卫生院
2605,广汉市金轮镇卫生院
2606,康定友好医院
2607,开江县妇幼保健计划生育服务中心
2608,彭山瑞正利康医院
2609,彭州佳和医院
2610,彭州同一医院
2611,彭州天恩中医医院
2612,彭州安然精神病专科医院
2613,彭州市中医医院
2614,彭州市传染病医院
2615,彭州市隆丰街道社区卫生服务中心
2616,彭州爱瞳眼科医院
2617,彭州石洞埝医院
2618,德阳市旌阳区妇幼保健计划生育服务中心（德阳市妇幼保健院，德阳市旌阳区妇幼保健院）
2619,德阳市旌阳区新中镇卫生院
2620,德阳市旌阳区泰山社区卫生服务中心
2621,德阳市旌阳区黄许镇卫生院
2622,德阳市第六人民医院(东汽医院）
2623,德阳市精神卫生中心（德阳市安康医院，德阳市第七人民医院）
2624,德阳市罗江区万安社区卫生服务中心
2625,德阳市罗江区新盛镇卫生院
2626,德阳新铁医院
2627,德阳玛丽妇科医院
2628,德阳眼科医院
2629,志辉医院
2630,成都三松肾病医院
2631,成都东区医院
2632,成都东升医院
2633,成都东篱医院
2634,成都东部新区海螺卫生院
2635,成都二零四医院
2636,成都八里医院
2637,成都医学院第一附属医院
2638,成都双流天仁医院
2639,成都双流瑞璟中西医结合医院
2640,成都城东康复医院
2641,成都大学附属医院（成都大学附属医院互联网医院）
2642,成都天大不孕不育医院
2643,成都天府新区平安医院
2644,成都天府新区腾飞翔中西医结合医院
2645,成都威高肾病医院
2646,成都宏明电子股份有限公司医院
2647,成都市双流区九江社区卫生服务中心(成都市双流区九江社区医院)
2648,成都市双流区黄甲社区卫生服务中心
2649,成都市成华区妇幼保健院
2650,成都市新津区中医医院
2651,成都市新津区人民医院（成都市新津区急救指挥分中心）
2652,成都市新津区武阳社区卫生服务中心
2653,成都市新都区妇幼保健院
2654,成都市新都区石板滩街道社区卫生服务中心
2655,成都市温江区寿安镇中心卫生院
2656,成都市温江区柳城街道社区卫生服务中心
2657,成都市温江区永宁街道社区卫生服务中心
2658,成都市温江区涌泉街道社区卫生服务中心
2659,成都市温江区金马街道社区卫生服务中心永盛分中心
2660,成都市第六人民医院广汉分院
2661,成都市郫都区唐昌镇卫生院
2662,成都市郫都区安德街道社区卫生服务中心
2663,成都市锦江区妇幼保健院
2664,成都市青白江区姚渡镇卫生院
2665,成都市青白江区第三人民医院
2666,成都市青羊区府南金沙社区卫生服务中心
2667,成都市龙泉驿区西河镇公立卫生院
2668,成都成华护润德护理院
2669,成都新丽美医疗美容医院
2670,成都新都恒轩医院
2671,成都民生福音耳鼻喉专科医院
2672,成都爱尔眼科医院
2673,成都画美医疗美容医院
2674,成都白癜风医院
2675,成都胃病医院
2676,成都西北中西结合医院
2677,成都西部中西医结合医院
2678,成都郫都诚德医院
2679,成都金牛瑞小满康复医疗中心
2680,成都银康银屑病医院（成都银康银屑病医院互联网医院）
2681,成都锦力骨科医院
2682,成都长江紫东老年病医院
2683,成都青白江刘氏同康医院
2684,成都青白江泰平中西医结合医院
2685,成都青白江鑫朋康复医院
2686,成都高新好医生第一医院
2687,成都高新海尔森医院
2688,攀枝花市仁和区妇幼保健服务中心（攀枝花市仁和区妇幼保健院）
2689,攀枝花市铁路医院
2690,新津川办医院
2691,旺苍县中医医院
2692,旺苍县国华镇中心卫生院
2693,旺苍县妇幼保健院
2694,旺苍县弘发医院有限公司
2695,旺苍县张华镇卫生院
2696,旺苍县木门镇中心卫生院
2697,旺苍县水磨镇卫生院
2698,旺苍县白水镇中心卫生院
2699,旺苍县盐河镇卫生院
2700,旺苍县米仓山镇卫生院
2701,普格县五道箐镇卫生院
2702,木里县项脚乡卫生院
2703,松潘县中藏医院
2704,梓潼县许州镇中心卫生院
2705,梓潼爱平医院
2706,梓潼青龙医院
2707,汉源县中医医院
2708,汉源县安乐镇卫生院
2709,江油市中坝卫生院
2710,江油市人民医院
2711,江油市战旗镇卫生院
2712,江油市新安镇中心卫生院
2713,江油市永胜镇卫生院
2714,江油市河口镇卫生院
2715,江油市第二人民医院
2716,江油杨氏中医医院
2717,江阳区黄舣镇弥陀卫生院
2718,江阳黄舣民健医院
2719,汶川汶林医院
2720,沐川县人民医院
2721,沐川县大楠镇卫生院
2722,沐川县底堡乡卫生院
2723,沐川县永福镇卫生院
2724,沙湾友安老年病专科医院
2725,泸县嘉明镇卫生院
2726,泸县宋康医院
2727,泸县康复医院
2728,泸县桂宁医院
2729,泸县牛滩中心卫生院
2730,泸县长生肾病医院
2731,泸州市江阳区妇幼保健院（泸州市江阳区妇女儿童医院、泸州市江阳区妇幼保健计划生育服务中心）
2732,泸州福宁精神病医院
2733,泸州纳溪佰仁中医医院
2734,泸州纳溪王贵文中医医院
2735,泸州锦欣妇产医院
2736,泸州骨病医院
2737,洪雅县余坪镇卫生院
2738,渠县三板镇卫生院
2739,渠县丰乐镇卫生院
2740,渠县临巴镇中心卫生院
2741,渠县佰钏医院
2742,渠县大义乡卫生院
2743,渠县安北乡卫生院
2744,渠县报恩乡卫生院
2745,渠县福善中医医院
2746,渠县第二人民医院
2747,渠县青龙镇卫生院
2748,游仙瓦子医院
2749,犍为家和医院
2750,珙县中医医院
2751,珙县华健医院
2752,珙县观斗苗族乡卫生院
2753,甘孜藏族自治州卫生学校附属医院
2754,甘洛华医医院
2755,甘洛县妇幼保健计划生育服务中心
2756,甘洛县普昌镇卫生院
2757,百草堂骨科医院
2758,盐亭共和医院
2759,盐亭县嫘祖镇卫生院
2760,盐亭县岐伯镇中心卫生院
2761,盐亭爱瞳眼科医院
2762,盐源县洼里乡卫生院
2763,盐源瑞康医院
2764,盐边县惠民中心卫生院
2765,盐边县永兴中心卫生院
2766,眉山东坡回龙医院
2767,眉山市东坡区修文镇卫生院
2768,眉山市东坡区复兴镇卫生院
2769,眉山市东坡区尚义镇卫生院
2770,眉山市东坡区永寿镇卫生院
2771,眉山市东坡区通惠街道社区卫生服务中心
2772,眉山市彭山区青龙街道社区卫生服务中心
2773,眉山市残疾人康复中心(眉山市康复医院)
2774,眉山成北医院管理有限公司
2775,石渠县人民医院
2776,福济医院
2777,科学园医院
2778,筠连一一八中医医院
2779,筠连县中医医院
2780,筠连县人民医院
2781,筠连县沐爱镇中心卫生院
2782,筠连县联合苗族乡卫生院
2783,筠连县蒿坝镇民族中心卫生院
2784,筠连县镇舟镇卫生院
2785,筠连大众医院
2786,筠连应四哥骨伤医院
2787,简阳市中医医院
2788,简阳市江源镇卫生院
2789,简阳市青龙镇卫生院
2790,米易县湾丘彝族乡中心卫生院
2791,绵竹东区医院
2792,绵竹市妇幼保健计划生育服务中心（绵竹市妇幼保健院，绵竹市妇女儿童医院）
2793,绵竹市汉旺镇卫生院
2794,绵竹市第二人民医院
2795,绵阳市安州区中医院
2796,绵阳市安州区第二人民医院
2797,绵阳市涪城区石塘社区卫生服务中心
2798,绵阳市游仙区小枧中心卫生院
2799,绵阳德康疼痛医院
2800,绵阳经济技术开发区塘汛街道社区卫生服务中心
2801,绵阳高新技术产业开发区普明街道社区卫生服务中心
2802,罗江安康精神病医院
2803,美姑县牛牛坝镇中心卫生院
2804,美姑县龙门乡卫生院
2805,美姑新区医院
2806,自流井区新街社区卫生服务中心
2807,自贡市沿滩区联络镇中心卫生院
2808,自贡市沿滩区邓关街道社区卫生服务中心
2809,自贡市贡井区妇幼保健院
2810,自贡市贡井区建设镇卫生院
2811,自贡市贡井区龙潭中心卫生院
2812,芦山勇康医院
2813,苍溪县文昌镇中心卫生院
2814,苍溪县桥溪乡卫生院
2815,苍溪县运山镇卫生院
2816,苍溪县鸳溪镇卫生院
2817,荣县双古中心卫生院
2818,荣县双石中心卫生院
2819,荣县富东医院（荣县结石医院）
2820,荣县广顺医院
2821,荣县度佳镇卫生院
2822,荣县新桥中心卫生院
2823,荥经县五宪镇卫生院
2824,荥经县牛背山镇中心卫生院
2825,营山县小桥中心卫生院
2826,营山县清水乡卫生院
2827,营山县绥安街道中城社区卫生服务中心
2828,蒲江县朝阳湖镇公立卫生院
2829,蒲江县西来公立中心卫生院
2830,蒲江复兴医院
2831,蓬安仁信精神病医院
2832,蓬安县平头乡卫生院
2833,蓬安县徐家中心卫生院
2834,蓬安德仁医院
2835,蓬安怡欣医院
2836,蓬溪仁康精神病医院
2837,蓬溪县中医医院
2838,蓬溪县人民医院
2839,蓬溪县吉祥镇卫生院
2840,蓬溪县常乐镇卫生院
2841,西充仁爱精神病医院
2842,西充华联医院
2843,西充县仁和镇卫生院
2844,西充县罐垭乡卫生院
2845,西充县青狮镇卫生院
2846,西充益民医院
2847,西南兵工成都医院
2848,西南财经大学医院
2849,西昌东大医院
2850,西昌力平医院
2851,西昌市中医医院
2852,西昌市人民医院
2853,资中县中医医院
2854,资中县妇幼保健计划生育服务中心
2855,资中县铁佛镇卫生院
2856,资阳市雁江区东峰镇卫生院
2857,资阳市雁江区丰裕镇中心卫生院
2858,资阳市雁江区伍隍镇中心卫生院
2859,资阳市雁江区宝莲社区卫生服务中心
2860,资阳市雁江区祥符镇中心卫生院
2861,资阳市雁江区老君镇卫生院
2862,越西县板桥镇中心卫生院
2863,越西县越城镇社区卫生服务中心
2864,达川新侨医院
2865,达州华康医院
2866,达州市中心医院
2867,达州市达川区大堰镇卫生院
2868,达州市达川区平滩镇卫生院
2869,达州市达川区渡市镇中心卫生院
2870,达州市达川区赵固镇卫生院
2871,达州市达川区麻柳镇中心卫生院
2872,达州市通川区磐石镇卫生院
2873,达州职业技术学院附属医院
2874,达州骨科医院
2875,通川区复兴镇卫生院
2876,通川区江陵镇卫生院
2877,通江县兴隆镇卫生院
2878,通江县板桥口镇卫生院
2879,通江县泥溪镇卫生院
2880,通江县烟溪镇卫生院
2881,通江县诺水河中心卫生院
2882,通江县铁佛中心卫生院
2883,通江楠山医院
2884,通江老城中西医结合医院
2885,遂宁博济医院有限公司
2886,遂宁市安居区会龙镇卫生院
2887,遂宁市安居区柔刚社区卫生服务中心
2888,遂宁市安居区横山镇观音卫生院
2889,遂宁市安居区聚贤镇卫生院
2890,遂宁市安居区西眉镇马家卫生院
2891,遂宁市船山区唐家乡卫生院
2892,遂宁敬平精神病医院
2893,遂宁爱尔眼科医院
2894,遂宁益民医院
2895,遂宁船山诚康精神病医院
2896,邛崃仁德医院
2897,邛崃兴盛医院
2898,邛崃市医疗中心医院
2899,邛崃市孔明街道卫生院
2900,邛崃市火井镇中心卫生院
2901,邻水县城北镇卫生院
2902,邻水县柑子镇中心卫生院
2903,邻水县椿木镇卫生院
2904,邻水县牟家镇卫生院
2905,邻水合协医院
2906,邻水和平康复医院
2907,都江堰岷刚医院
2908,都江堰市妇幼保健院
2909,都江堰市精神卫生中心（都江堰市第三人民医院）
2910,都江堰长风医院
2911,金堂县又新镇卫生院
2912,金堂县官仓社区卫生服务中心（金堂县官仓街道公共卫生所）
2913,金堂县第二人民医院
2914,金堂悦康医院
2915,金川县安宁乡中心卫生院
2916,金阳华大医院对坪分院
2917,金阳县人民医院
2918,长宁县铜锣镇卫生院
2919,长宁惠民医院
2920,阆中九五医院
2921,阆中博杨中医医院
2922,阆中市天宫镇卫生院
2923,阆中市柏垭镇中心卫生院
2924,阆中市沙溪社区卫生服务中心
2925,阆中市金垭镇卫生院
2926,阆中德善医院
2927,阆中樊恩胜医院
2928,阿坝县各莫镇中心卫生院
2929,阿坝县垮沙中心卫生院
2930,阿坝藏族羌族自治州人民医院
2931,雅安市名山区中峰镇卫生院
2932,雅安市名山区前进镇卫生院
2933,雅安市名山区红星镇卫生院
2934,雅安市名山区车岭镇中心卫生院
2935,雅安市第四人民医院（雅安市精神病医院、雅安市精神卫生中心）
2936,雅安市雨城区八步镇中心卫生院
2937,雅安德仁医院
2938,雷波县妇幼保健计划生育服务中心
2939,雷波县拉咪乡卫生院
2940,雷波县瓦岗镇卫生院
2941,雷波平安医院
2942,青川县三锅镇卫生院
2943,青川县青溪镇中心卫生院
2944,马边彝族自治县劳动镇卫生院
2945,高坪区阙家镇卫生院
2946,高坪区青莲社区卫生服务中心
2947,黑水县慈民医院有限责任公司
2948,龙马潭仁康医院
2949,万源仁安医院
2950,万源市官渡中心卫生院
2951,万源市旧院中心卫生院
2952,万源市曾家乡卫生院
2953,万源市石塘中心卫生院
2954,万源市石窝镇卫生院
2955,万源市蜂桶乡卫生院
2956,三台仁康医院
2957,三台县中医院
2958,三台县乐安镇中心卫生院
2959,三台县刘营镇中心卫生院
2960,三台县古井镇中心卫生院
2961,三台县忠孝乡卫生院
2962,三台县西平镇中心卫生院
2963,三台县龙树镇中心卫生院
2964,三台景福阳光医院
2965,三台绍军骨康医院
2966,中国十九冶集团有限公司职工医院
2967,中江万祥医院
2968,中江华音精神病医院
2969,中江县富兴镇卫生院
2970,中江县积金镇卫生院
2971,中江县集凤中心卫生院
2972,中江县黄鹿镇卫生院
2973,中江县龙台中心卫生院
2974,中江民瑞医院
2975,丹巴长征骨科医院
2976,乐山市五通桥区精神病医院
2977,乐山市市中区大佛街道社区卫生服务中心
2978,乐山市市中区茅桥镇中心卫生院
2979,乐山市沙湾区中医医院
2980,乐山市沙湾区文豪社区卫生服务中心
2981,乐山海棠张公桥社区卫生服务中心
2982,乐山老年病专科医院
2983,乐至县良安镇中心卫生院（乐至县第三人民医院）
2984,乐至县高寺镇卫生院
2985,乐至珑腾医院
2986,井研县纯复镇卫生院
2987,井研县镇阳镇卫生院
2988,什邡市马井中心卫生院
2989,仁寿人康医院
2990,仁寿县中医医院
2991,仁寿县城中社区卫生服务中心
2992,仁寿县大化镇卫生院
2993,仁寿县第四人民医院（仁寿县文宫镇卫生院）
2994,仁寿县谢安镇卫生院
2995,仪陇县先锋镇卫生院
2996,仪陇县大仪镇卫生院
2997,仪陇县大寅中心卫生院
2998,仪陇县板桥乡卫生院
2999,仪陇县金城镇社区卫生服务中心
3000,仪陇德新医院
3001,会东县老君滩乡中心卫生院
3002,会东县鲁吉镇中心卫生院
3003,会东天济医院
3004,会东紫荆花医院
3005,会理市关河镇卫生院
3006,会理市城南街道中心卫生院(会理市城南街道社区卫生服务中心)
3007,会理康诚医院
3008,兴文县共乐镇中心卫生院
3009,兴文周家联友医院
3010,内江中西骨科医院
3011,内江云川医院
3012,内江市东兴区双桥镇卫生院
3013,内江市东兴区郭北中心卫生院
3014,内江市市中区人民医院
3015,内江长生怡德医院
3016,冕宁县和爱乡卫生院
3017,冕宁县妇幼保健计划生育服务中心
3018,冕宁县彝海镇卫生院
3019,冕宁县沙坝汇龙医院
3020,冕宁县河边惠康医院
3021,冕宁县泸沽华医医院
3022,冕宁县第二人民医院
3023,凉山州喜德县两河口镇中心卫生院
3024,前锋仁仁医院
3025,前锋医院
3026,剑阁仁爱医院(普通合伙）
3027,剑阁县东宝镇卫生院
3028,剑阁县中医医院
3029,剑阁县江口镇中心卫生院
3030,剑阁县第一人民医院
3031,剑阁县羊岭镇卫生院
3032,剑阁县金仙镇长岭卫生院
3033,北川羌族自治县人民医院
3034,北川羌族自治县小坝镇中心卫生院
3035,北川羌族自治县开坪乡卫生院
3036,北川羌族自治县漩坪乡卫生院
3037,北川羌族自治县白坭乡卫生院
3038,华蓥博爱医院
3039,华蓥市蓥城社区卫生服务中心
3040,南充国宁精神卫生医院
3041,南充市嘉陵区中医医院
3042,南充市嘉陵区曲水镇卫生院
3043,南充市嘉陵区李渡镇中心卫生院（南充市嘉陵区第二人民医院）
3044,南充市嘉陵区都尉社区卫生服务中心
3045,南充市嘉陵区龙蟠镇中心卫生院
3046,南充市身心医院
3047,南充市顺庆区李家镇中心卫生院
3048,南充市顺庆区渔溪镇卫生院
3049,南充市顺庆区潆溪街道社区卫生服务中心
3050,南充市顺庆区西城社区卫生服务中心
3051,南充庞氏仁爱医院
3052,南充民健医院
3053,南充纺织医院
3054,南充鹤鸣山护理院
3055,南江县仁和镇卫生院
3056,南江县关坝镇卫生院
3057,南江县兴马镇卫生院
3058,南江县妇幼保健院
3059,南江县贵民镇中心卫生院
3060,南江县集州街道大堂坝社区卫生服务中心
3061,南江县高塔镇卫生院
3062,南部县三官镇卫生院
3063,南部县五灵乡卫生院
3064,南部县伏虎中心卫生院
3065,南部县八尔湖镇卫生院
3066,南部县南隆社区卫生服务中心
3067,南部县太霞乡卫生院
3068,南部县宏观乡卫生院
3069,南部县河坝镇卫生院
3070,南部县流马镇卫生院
3071,南部县满福社区卫生服务中心
3072,南部安泰医院
3073,南部康宁医院
3074,南部盛泰医院
3075,叙州区新城社区卫生服务中心
3076,叙永县两河中心卫生院
3077,叙永县人民医院
3078,叙永县天池镇卫生院
3079,叙永县落卜中心卫生院
3080,叙永县赤水镇卫生院
3081,叙永民康医院
3082,叙永献康医院
3083,古蔺县二郎中心卫生院
3084,古蔺县妇幼保健计划生育服务中心（古蔺县妇幼保健院）
3085,古蔺县石屏中心卫生院
3086,古蔺永乐永诚中医康复医院
3087,合江优扬医院
3088,合江凤鸣中医院
3089,合江县石龙镇卫生院
3090,合江县福宝中心卫生院
3091,合江白沙关怀医院
3092,合江精神康复医院
3093,四川华蓥山广能（集团）有限责任公司总医院
3094,四川友谊医院
3095,四川宝石花医院
3096,四川省八一康复中心（四川省康复医院）
3097,四川省妇幼保健院
3098,四川省林业中心医院
3099,四川省第三退役军人医院（四川省退役军人养护院）
3100,四川肛肠医院
3101,大竹中信长生医院
3102,大竹县中医院
3103,大竹县人民医院
3104,大竹县月华镇卫生院
3105,大竹县清河中心卫生院
3106,大竹县石子中心卫生院
3107,大英县人民医院
3108,大英县天保中心卫生院
3109,大英县妇幼保健院
3110,大英县河边中心卫生院
3111,大英县玉峰镇智水卫生院
3112,大邑县王泗镇公立卫生院（大邑县第五人民医院）
3113,大邑川西医院
3114,大邑康邻医院
3115,大邑望县中医医院（大邑望县中医医院互联网医院）
3116,大邑绍成医院
3117,夹江县人民医院
3118,夹江县华头镇中心卫生院
3119,威远县严陵镇卫生院(威远县第二人民医院）
3120,威远县山王镇卫生院
3121,威远宝立康医院
3122,威远连兴医院
3123,娇点医学美容医院
3124,宁南县幸福镇卫生院
3125,宁南县跑马镇卫生院（跑马镇妇幼保健计划生育服务站）
3126,安岳县兴隆镇中心卫生院
3127,安岳县周礼镇中心卫生院
3128,安岳县康复医院
3129,安岳县李家镇中心卫生院
3130,安岳县来凤乡卫生院
3131,安岳县永清镇中心卫生院
3132,安岳新南山医院有限责任公司
3133,安岳锦民妇女儿童医院
3134,安州善行医院
3135,宜宾三江新区江南镇卫生院
3136,宜宾协同医院
3137,宜宾天池医院
3138,宜宾宜庆精神病医院
3139,宜宾川戎医院
3140,宜宾市南溪区长兴镇中心卫生院
3141,宜宾市叙州区双龙镇中心卫生院
3142,宜宾市叙州区安边镇中心卫生院
3143,宜宾市叙州区樟海镇中心卫生院
3144,宜宾市第三中医医院
3145,宜宾市翠屏区双谊镇中心卫生院
3146,宜宾康慈精神病医院
3147,宜宾爱尔优视眼科医院
3148,宜宾竞康医院
3149,宜宾翠屏川北医院
3150,宜宾荷花池医院
3151,宝兴县蜂桶寨乡卫生院
3152,宣汉县南坝镇中心卫生院
3153,宣汉县君塘镇中心卫生院
3154,宣汉县清溪镇中心卫生院
3155,宣汉县红峰镇凤鸣卫生院
3156,宣汉县红峰镇卫生院
3157,宣汉县老君乡卫生院
3158,宣汉县蒲江街道社区卫生服务中心
3159,宣汉宣德精神病医院有限公司
3160,宣汉精诚医院
3161,富顺县兜山镇卫生院
3162,富顺县狮市镇中心卫生院
3163,富顺毛桥医院
3164,富顺福民中医医院
3165,射洪市东岳镇卫生院
3166,射洪市人民医院
3167,射洪市太和街道城南社区卫生服务中心
3168,射洪市文升镇卫生院
3169,射洪市红十字医院（射洪市武安中心卫生院）
3170,射洪德康医院
3171,射洪铭仁综合医院
3172,小金县两河口镇卫生院
3173,小金县妇幼保健院
3174,小金县宅垄镇卫生院
3175,屏山县屏边彝族乡卫生院
3176,岳池诚鑫医院有限公司
3177,峨眉山华港医院
3178,峨眉山市人民医院
3179,峨眉山市符溪镇中心卫生院
3180,峨眉山市胜利街道社区卫生服务中心
3181,峨眉山星颐老年护理院
3182,崇州市怀远镇卫生院
3183,崇州市白头镇卫生院
3184,崇州恩慈医院
3185,川投西昌医院
3186,巴中同康医院
3187,巴中嘉禾妇儿医院
3188,巴中市巴州区陇桥社区卫生服务中心
3189,巴中市恩阳区妇幼保健院
3190,巴中市恩阳区文治社区卫生服务中心
3191,巴中市蓉蓉眼科医院
3192,巴中骨质增生医院
3193,巴州区白庙乡卫生院
3194,布拖县中彝医院
3195,布拖县人民医院
3196,布拖县基只乡卫生院
3197,布拖县妇幼保健计划生育服务中心
3198,平昌县板庙镇中心卫生院
3199,平昌县澌岸镇卫生院
3200,平武县中医医院
3201,平武县古城镇中心卫生院
3202,广元川北糖尿病专科医院
3203,广元市昭化区妇幼保健院
3204,广元市朝天区中子镇中心卫生院
3205,广元市朝天区人民医院
3206,广安市前锋区人民医院
3207,广安市广安区官盛镇卫生院
3208,广安市广安区龙台镇卫生院
3209,广安民和安精神病医院
3210,广旺矿区赵家坝医院
3211,广汉澄铭医院
3212,康定市人民医院
3213,康定市民族医院
3214,康定市第二人民医院
3215,彭州四方医院
3216,彭州市丽春镇卫生院
3217,彭州市天彭街道西郊社区卫生服务中心
3218,彭州市第四人民医院（彭州市精神卫生中心）
3219,彭州市隆丰街道军乐社区卫生服务中心
3220,彭州思文医院
3221,彭州磊络福兴医院
3222,德昌县热河镇中心卫生院
3223,德阳市口腔医院
3224,德阳市旌阳区双东镇卫生院
3225,德阳市旌阳区德新镇卫生院
3226,德阳市旌阳区柏隆镇卫生院
3227,德阳美康皮肤病专科医院
3228,成都东部新区新民卫生院
3229,成都东部新区灵仙卫生院
3230,成都东部新区石盘社区卫生服务中心
3231,成都东部新区第二人民医院
3232,成都中医哮喘医院（成都中医肺科医院 成都中医哮喘医院互联网医院）
3233,成都中医药大学附属生殖妇幼医院
3234,成都中科甲状腺医院
3235,成都五六四医院
3236,成都双楠医院
3237,成都双流弘德医院
3238,成都双流碧然康养九龙湖护理中心
3239,成都双流长尊综合医院
3240,成都嘉事康复医院
3241,成都天府新区宏明医院
3242,成都安琪儿妇产医院
3243,成都宝康医院
3244,成都市双流区中医医院
3245,成都市双流区西航港社区卫生服务中心
3246,成都市双流区黄龙溪镇卫生院
3247,成都市成华区天府众合老年护理中心
3248,成都市成华区第三人民医院
3249,成都市新津区兴义镇中心卫生院
3250,成都市新津区普兴街道中心卫生院
3251,成都市新都区新繁街道社区卫生服务中心
3252,成都市新都区桂湖街道城西社区卫生服务中心
3253,成都市温江区人民医院
3254,成都市温江区公平街道社区卫生服务中心
3255,成都市温江区天府街道社区卫生服务中心
3256,成都市郫都区三道堰镇卫生院
3257,成都市郫都区人民医院
3258,成都市郫都区郫筒街道社区卫生服务中心
3259,成都市金牛区人民医院（四川省人民医院金牛医院 成都市脑外伤抢救中心 成都市金牛区人民医院互联网医院）
3260,成都市青白江区祥福镇公立中心卫生院
3261,成都市龙泉驿区洛带镇公立卫生院
3262,成都得乐气管炎哮喘研究所附属医院（成都得乐医院）
3263,成都成华时友东区医院
3264,成都新世纪妇女儿童医院（成都新世纪妇女儿童医院互联网医院）
3265,成都新生堂妇女儿童医院
3266,成都新视界眼科医院
3267,成都新都北延医院
3268,成都新都新繁龙安医院
3269,成都新都竹友医院
3270,成都显微手足外科医院
3271,成都温江惠民医院
3272,成都爱道医院
3273,成都红星老年病医院
3274,成都西南不孕不育医院
3275,成都西部甲状腺医院
3276,成都金牛关怀老年病医院
3277,成都铜雀台医学美容医院
3278,成都锦欣妇产科医院
3279,成都高新后美医疗美容医院
3280,成都高新米兰柏羽医学美容医院
3281,成都高新西南儿童康复医院
3282,攀枝花市中西医结合医院
3283,攀枝花市仁和区同德镇中心卫生院（攀枝花市仁和区同德镇妇幼保健站）
3284,攀枝花爱尔眼科医院
3285,新津恒生医院
3286,旺苍县人民医院
3287,旺苍县英萃镇中心卫生院
3288,旺苍友辰医院
3289,旺苍红城医院
3290,昭觉县人民医院
3291,昭觉县竹核镇中心卫生院
3292,普格惠康医院
3293,木里藏族自治县人民医院
3294,梓潼县妇幼保健院
3295,梓潼县石牛镇卫生院
3296,梓潼县黎雅镇中心卫生院
3297,梓潼治满医院
3298,武胜仁康医院
3299,武胜县万隆镇中心卫生院
3300,武胜县三溪镇卫生院
3301,武胜县石盘镇卫生院
3302,武胜县胜利镇卫生院
3303,武胜县赛马镇卫生院
3304,武胜友谊医院
3305,武胜德重医院
3306,武胜瑞康精神病专科医院
3307,武胜百信医院
3308,民生医院
3309,汉源县富乡乡卫生院
3310,汉源县马烈乡卫生院
3311,江安县怡乐镇卫生院
3312,江安县迎安镇中心卫生院
3313,江油市含增镇卫生院
3314,江油市大康镇卫生院
3315,江油市太平镇卫生院
3316,江油市枫顺乡卫生院
3317,江油市武都镇中心卫生院
3318,江油市铁路医院
3319,江油蜀安精神病医院
3320,江阳区大山坪街道社区卫生服务中心
3321,江阳区邻玉街道社区卫生服务中心
3322,江阳平康医院
3323,沐川县利店镇凤村卫生院
3324,沐川县茨竹乡卫生院
3325,沐川益康医院
3326,泸县云锦镇卫生院
3327,泸县仁爱医院
3328,泸县天兴镇卫生院
3329,泸县奇峰中心卫生院
3330,泸县妇幼保健计划生育服务中心（泸县妇幼保健院）
3331,泸县曙康医院
3332,泸州市纳溪区人民医院
3333,泸州市龙马潭区第二人民医院
3334,泸州纳溪顺江医院
3335,泸州纳溪骏安医院
3336,泸州长生众信肾病医院
3337,泸州龙马潭圣康中医骨伤医院
3338,洪雅县东岳镇卫生院
3339,洪雅县中山镇卫生院
3340,洪雅川西医院（普通合伙）
3341,渠县中滩镇卫生院
3342,渠县佑安医院
3343,渠县合力镇卫生院
3344,渠县巨光乡卫生院
3345,渠县望江乡卫生院
3346,渠县望溪镇卫生院
3347,渠县济兴医院
3348,渠县贵福镇中心卫生院
3349,渠县长久医院
3350,渠县鞍康医院
3351,犍为县大兴镇卫生院
3352,犍为县妇幼保健院
3353,犍为县玉津镇卫生院（犍为县玉津社区卫生服务中心）
3354,犍为县龙孔镇中心卫生院
3355,犍为爱尔眼科医院
3356,玉桂医院
3357,珙县上罗镇中心卫生院
3358,甘孜藏族自治州人民医院
3359,甘孜藏族自治州藏医院
3360,电子科技大学医院（清水河校区）
3361,盐亭县九龙镇中心卫生院
3362,盐源县人民医院
3363,盐源县右所乡卫生院
3364,盐源县棉桠镇卫生院
3365,盐源县盐井街道卫生院（盐井社区卫生服务中心）
3366,眉山市东坡区三苏镇卫生院
3367,眉山市东坡区复兴卫生院
3368,眉山市彭山区精神卫生保健院
3369,眉山市彭山区观音街道彭溪社区卫生服务中心
3370,眉山市彭山区谢家街道社区卫生服务中心
3371,眉山普和精神病医院
3372,稻城县人民医院
3373,简阳市人民医院
3374,简阳市施家中心卫生院
3375,简阳市涌泉镇卫生院
3376,简阳市石钟镇卫生院
3377,简阳市赤水街道社区卫生服务中心
3378,简阳市踏水镇卫生院
3379,简阳爱晚中西医结合医院
3380,米兰柏羽医学美容医院
3381,米易县撒莲镇卫生院
3382,红宇医院
3383,纳溪区东升街道社区卫生服务中心
3384,纳溪区丰乐中心卫生院（泸州市纳溪区第四人民医院）
3385,纳溪区合面中心卫生院（泸州市纳溪区第九人民医院）
3386,绵竹市什地镇卫生院
3387,绵竹市精神病医院
3388,绵竹市紫岩街道社区卫生服务中心
3389,绵阳市涪城区杨家镇卫生院
3390,绵阳市游仙区仙鹤中心卫生院
3391,绵阳市游仙区涪江街道社区卫生服务中心
3392,绵阳市游仙区魏城中心卫生院
3393,绵阳市第三人民医院
3394,绵阳海灵精神病医院
3395,绵阳睿达精神病医院
3396,绵阳经济技术开发区塘汛街道城南社区卫生服务中心
3397,绵阳耳鼻喉医院
3398,美姑华医医院
3399,美姑县瓦候乡卫生院
3400,自贡和祥医院有限公司
3401,自贡市沿滩区兴隆镇卫生院
3402,自贡市沿滩区妇幼保健院
3403,自贡市沿滩区富全镇卫生院
3404,自贡市第四人民医院
3405,自贡康宁精神病医院
3406,自贡松意医养康复医院
3407,自贡爱尔眼科医院
3408,色达县妇幼保健计划生育服务中心
3409,芦山仁爱医院
3410,芦山县人民医院
3411,芦山县宝盛乡卫生院
3412,苍溪仁泰医院
3413,苍溪县东青镇中心卫生院
3414,苍溪县亭子镇卫生院
3415,苍溪县人民医院
3416,苍溪县元坝镇中心卫生院
3417,苍溪县妇幼保健院
3418,苍溪县岳东镇卫生院
3419,苍溪县百利镇卫生院
3420,苍溪县第二人民医院
3421,苍溪县黄猫垭镇卫生院
3422,茂蓉医院
3423,荣县古文镇卫生院
3424,荣县来牟镇卫生院
3425,荥经荥兴医院
3426,营山县中医医院
3427,营山县双流镇孔雀卫生院
3428,营山县回龙中心卫生院
3429,营山县新店中心卫生院
3430,营山县木垭镇卫生院
3431,营山县柏林乡卫生院
3432,营山县老林中心卫生院
3433,蒲江县中医医院
3434,蓬安中山骨科医院
3435,蓬安县兴旺中心卫生院
3436,蓬安县金溪中心卫生院
3437,蓬安县鲜店乡卫生院
3438,蓬溪县金桥镇卫生院
3439,西充仁安医院
3440,西充县双凤中心卫生院
3441,西充县晋城中心卫生院
3442,西充县车龙乡卫生院
3443,西充县高院镇卫生院
3444,西充盛泰医院
3445,西南医科大学附属口腔医院
3446,西南科技大学医院
3447,西昌市礼州镇中心卫生院
3448,西昌市经久乡卫生院
3449,西昌市裕隆回族乡卫生院
3450,贡井区中医医院
3451,资中县双河镇卫生院
3452,资中县球溪镇卫生院
3453,资中县银山镇卫生院
3454,资阳市雁江区临江镇卫生院
3455,资阳市雁江区堪嘉镇卫生院
3456,资阳爱尔眼科医院有限公司
3457,越西博爱医院
3458,越西县保安藏族乡卫生院
3459,越西县申果庄乡卫生院
3460,达州元达联合疗养院
3461,达州市妇幼保健计划生育服务中心(达州市妇女儿童医院）
3462,达州市达川区双庙镇卫生院
3463,达州市达川区桥湾镇卫生院
3464,达州市达川区河市镇中心卫生院
3465,达州市达川区石梯镇中心卫生院
3466,达州市达川区管村镇中心卫生院
3467,达州市达川区赵家镇中心卫生院
3468,达州田氏骨病医院
3469,达州睛泰眼科医院
3470,达州长生肾病医院
3471,通江县两河口镇卫生院
3472,通江县沙溪中心卫生院
3473,通江县空山镇卫生院
3474,通江县陈河镇卫生院
3475,通江县麻石中心卫生院
3476,通江县龙凤场镇卫生院
3477,通江安康精神病医院
3478,通江毛氏医院
3479,遂宁君和老年病医院
3480,遂宁市安居区中医院
3481,遂宁市安居区人民医院
3482,遂宁市船山区新桥镇中心卫生院
3483,遂宁肛肠专科医院
3484,遂宁视美医院
3485,道孚县人民医院
3486,邛崃品范医院
3487,邛崃市南宝山镇卫生院
3488,邛崃市固驿街道卫生院
3489,邛崃市夹关镇中心卫生院（邛崃市第三人民医院）
3490,邛崃市妇幼保健院
3491,邛崃市羊安街道中心卫生院
3492,邛崃民惠医院
3493,邻水仁正医院
3494,邻水华枫医院
3495,邻水县三古镇卫生院
3496,邻水县石永镇卫生院
3497,邻水县第二人民医院
3498,邻水县高滩镇中心卫生院
3499,邻水县黎家镇卫生院
3500,都江堰市龙池镇中心卫生院
3501,都江堰杰琳康复医院
3502,都江堰鹏程疼痛医院
3503,金堂县第四人民医院（金堂县精神卫生中心）
3504,金堂县高板社区卫生服务中心（金堂县高板街道公共卫生所）
3505,金堂晟康精神病医院
3506,金堂黄氏中西医骨科医院
3507,金川县咯尔乡卫生院
3508,金阳县妇幼保健计划生育服务中心
3509,金阳县芦稿镇卫生院
3510,长宁县中医医院
3511,长宁县人民医院
3512,长宁县双河镇中心卫生院
3513,长宁县古河镇中心卫生院
3514,长宁县硐底镇卫生院
3515,长宁县花滩镇中心卫生院
3516,长宁县长宁镇中心卫生院
3517,长宁县龙头镇卫生院
3518,阆中市保宁社区卫生服务中心
3519,阆中市千佛镇中心卫生院
3520,阆中市妇幼保健计划生育服务中心
3521,阆中市江南社区卫生服务中心
3522,阆中市龙泉镇卫生院
3523,阿坝县人民医院
3524,隆昌市中医医院
3525,隆昌市妇幼保健院
3526,隆昌市胡家镇中心卫生院
3527,隆昌市黄家镇中心卫生院
3528,隆昌市龙市镇中心卫生院
3529,雅安市名山区永兴街道卫生院
3530,雅安市名山区蒙阳街道社区卫生服务中心
3531,雅安市名山区黑竹镇卫生院
3532,雅安市雨城区大兴社区卫生服务中心
3533,雨辰医养结合医院
3534,雷波县巴姑乡卫生院
3535,雷波县渡口镇卫生院
3536,雷波县箐口乡卫生院
3537,雷波县西宁镇卫生院
3538,雷波县锦城镇社区卫生服务中心
3539,青川县乔庄镇中心卫生院
3540,青川县大院回族乡卫生院
3541,青川县石坝乡卫生院
3542,青神县妇幼保健计划生育服务中心
3543,青神县汉阳镇中心卫生院
3544,青神康达骨科医院
3545,马边彝族自治县建设镇卫生院
3546,高县人民医院
3547,高县文江镇中心卫生院（高县第二人民医院）
3548,高坪区会龙镇卫生院
3549,高坪区白塔社区卫生服务中心
3550,龙马潭区双加镇卫生院
3551,龙马潭区特兴街道社区卫生服务中心
3552,一六七医院
3553,万源仁合医院
3554,万源市固军镇卫生院
3555,万源市大沙镇卫生院
3556,万源市玉带乡卫生院
3557,万源市草坝中心卫生院
3558,万源市魏家镇卫生院
3559,万源长生医院有限公司
3560,三六三医院
3561,三台刘氏正骨医院
3562,三台县塔山镇中心卫生院
3563,三台县观桥镇中心卫生院
3564,三台太和医院
3565,三台民生医院
3566,三台鸿福医院
3567,东部新区养马社区卫生服务中心
3568,中江县万福中心卫生院
3569,中江县会龙镇卫生院
3570,中江县通济镇卫生院
3571,丹棱县人民医院
3572,丹棱县张场镇中心卫生院（张场镇妇幼保健计划生育服务站）
3573,丹棱县顺龙乡卫生院
3574,丹棱恒康精神病医院
3575,乐山大佛景区社区卫生服务中心（乐山大渡河医院)
3576,乐山安定精神病医院
3577,乐山市中医医院
3578,乐山市五通桥区妇幼保健院
3579,乐山市五通桥区石麟镇卫生院
3580,乐山市妇幼保健院
3581,乐山市市中区安谷镇车子卫生院
3582,乐山市市中区牟子镇卫生院
3583,乐山市市中区肿瘤医院（乐山市市中区第二人民医院）
3584,乐山市市中区通江街道社区卫生服务中心
3585,乐山市沙湾区妇幼保健院
3586,乐山沙湾仁人医院
3587,乐山瑞和医院（肖坝病区）
3588,九寨沟县第二人民医院（九寨沟县漳扎镇卫生院））
3589,井研县马踏镇中心卫生院
3590,仁和区仁和社区卫生服务中心
3591,仁寿县人民医院
3592,仁寿县城东社区卫生服务中心
3593,仁寿县城西社区卫生服务中心
3594,仁寿县新店镇卫生院
3595,仁寿县青岗乡卫生院
3596,仁寿县龙正中心卫生院
3597,仁寿县龙马镇卫生院
3598,仁寿广济医院
3599,仁寿怡心脑康医院
3600,仁寿立康创伤医院
3601,仪陇仁惠胃肠医院
3602,仪陇县三河镇卫生院
3603,仪陇县人民医院
3604,仪陇县文星镇卫生院
3605,仪陇县杨桥镇卫生院
3606,仪陇县马鞍中心卫生院
3607,会东县野租乡中心卫生院
3608,会东县铁柳镇中心卫生院
3609,会理市第二人民医院
3610,会理市黎溪镇卫生院
3611,内江东兴甜都医院
3612,内江仁康精神病医院
3613,内江健心医院
3614,内江天慈怡养医院
3615,内江市东兴区东兴社区卫生服务中心
3616,内江市中医医院
3617,内江市市中区乐贤街道社区卫生服务中心
3618,内江市市中区城东街道城南社区卫生服务中心(挂靠)（眼科医院）
3619,内江市市中区朝阳镇卫生院
3620,内江市市中区眼科医院
3621,冕宁县健美乡卫生院
3622,冕宁县惠安镇卫生院
3623,冕宁县棉沙镇卫生院
3624,冕宁县泸宁中心卫生院
3625,冕宁县锦成医院
3626,凉山州喜德县沙马拉达乡卫生院
3627,凉山州妇幼保健计划生育服务中心（凉山州妇幼保健院、凉山州妇女儿童医院）
3628,凉山彝族自治州中西医结合医院
3629,凉山爱尔眼科医院
3630,前锋世纪医院
3631,剑阁县妇幼保健院
3632,剑阁县普安镇中心卫生院
3633,剑阁县武连镇中心卫生院
3634,剑阁县盐店镇卫生院
3635,剑阁县秀钟乡卫生院
3636,剑阁县香沉镇卫生院
3637,剑阁友好医院
3638,北川羌族自治县中羌医医院
3639,北川羌族自治县擂鼓镇中心卫生院
3640,北川羌族自治县片口乡卫生院
3641,华蓥山广能（集团）有限公司总医院绿水洞医院
3642,华蓥市人民医院
3643,华蓥市禄市镇卫生院
3644,南充东江医院
3645,南充博视眼耳鼻喉专科医院
3646,南充同星医院
3647,南充安德实业有限公司职工医院
3648,南充市嘉陵区双桂镇卫生院
3649,南充市嘉陵区吉安镇卫生院
3650,南充市嘉陵区文峰社区卫生服务中心
3651,南充市嘉陵区金凤镇中心卫生院
3652,南充市妇幼保健计划生育服务中心（南充市妇幼保健院）
3653,南充市顺庆区新复乡卫生院
3654,南充怀康精神病专科医院
3655,南充明镜新视眼科医院
3656,南充润和皮肤病专科医院
3657,南充爱尔麦格眼科医院
3658,南充龙门中医院
3659,南江县公山镇中心卫生院
3660,南江广慈精神病医院
3661,南江长赤平安医院
3662,南溪协华医院
3663,南部县万年镇卫生院
3664,南部县升水镇卫生院
3665,南部县升钟中心卫生院
3666,南部县双佛镇卫生院
3667,南部县富利镇卫生院
3668,南部县桐坪镇卫生院
3669,南部县铁佛塘镇卫生院
3670,双沙康博医院
3671,双流普仁医院
3672,双流润泽医院
3673,叙永县合乐苗族乡卫生院
3674,叙永县马岭中心卫生院
3675,古蔺世平医院
3676,古蔺县中医医院
3677,古蔺县双沙中心卫生院
3678,古蔺县大寨苗族乡卫生院
3679,古蔺县箭竹苗族乡卫生院
3680,古蔺县黄荆中心卫生院
3681,合江健安医院
3682,合江县九支中心卫生院(合江县第二人民医院)
3683,合江县凤鸣中心卫生院
3684,合江县真龙镇卫生院
3685,合江县神臂城镇卫生院
3686,合江福宝古镇医院
3687,四川大学望江医院
3688,四川大学江安医院
3689,四川天府新区华阳社区卫生服务中心（四川天府新区华阳社区医院）
3690,四川天府新区太平中心卫生院
3691,四川省武胜县中医医院
3692,四川省骨科医院
3693,壤塘县藏医院
3694,大安区大山铺中心卫生院
3695,大安区新民镇卫生院
3696,大竹县佰钏医院
3697,大竹县柏林镇卫生院
3698,大竹县第二人民医院
3699,大竹县观音中心卫生院
3700,大竹康仁医院
3701,大竹慈卫医院
3702,大竹桃花源医院
3703,大英仁爱医院
3704,大英县蓬莱镇通仙卫生院
3705,大英县象山镇卫生院
3706,大邑县妇幼保健计划生育服务中心
3707,大邑县新场镇公立卫生院
3708,大邑县沙渠街道社区卫生服务中心(大邑县第三人民医院）
3709,天全县新场镇中心卫生院
3710,天全天愿医院
3711,夹江众信医院
3712,威远县东联镇卫生院
3713,威远和僖医院
3714,宁南县宁远镇卫生院
3715,安岳县中医医院
3716,安岳县云峰乡卫生院
3717,安岳县人民医院
3718,安岳县千佛乡卫生院
3719,安岳县岳阳镇中心卫生院（安岳县第五人民医院）
3720,安岳县护建镇卫生院
3721,安岳县清流镇卫生院
3722,安岳县石羊镇中心卫生院
3723,安岳县第三人民医院
3724,安岳川中医院
3725,安岳鑫和医院
3726,安州鸣兴精神病医院
3727,宜宾利民医院
3728,宜宾南山医院
3729,宜宾博爱医院
3730,宜宾大欣妇产医院
3731,宜宾市第三人民医院
3732,宜宾市第六人民医院
3733,宜宾市翠屏区合江门社区卫生服务中心
3734,宜宾市翠屏区思坡镇卫生院
3735,宜宾市翠屏区象鼻社区卫生服务中心
3736,宜宾市翠屏区金秋湖镇中心卫生院
3737,宜宾益馨精神病医院
3738,宜宾钊阳骨科医院
3739,宝兴县人民医院
3740,宝兴县硗碛藏族乡中心卫生院
3741,宣汉县上峡镇卫生院
3742,宣汉县东乡街道社区卫生服务中心
3743,宣汉县华景镇卫生院
3744,宣汉县南坪镇卫生院
3745,宣汉县土黄镇中心卫生院
3746,宣汉县新华镇中心卫生院
3747,宣汉县白马镇卫生院
3748,宣汉双河南桥医院
3749,宣汉康心中医医院
3750,富顺博爱医院
3751,富顺县琵琶镇卫生院
3752,富顺大生堂医院
3753,射洪市仁和中心卫生院
3754,射洪市复兴中心卫生院
3755,射洪市明星镇卫生院
3756,射洪建华肛泰医院
3757,射洪汇格九安精神病医院
3758,屏山县人民医院
3759,屏山县夏溪乡卫生院
3760,屏山县新安镇卫生院
3761,屏山县锦屏镇中心卫生院
3762,岳池东方医院
3763,岳池县乔家镇卫生院
3764,岳池县九龙街道社区卫生服务中心
3765,岳池县伏龙镇卫生院
3766,岳池县秦溪镇卫生院
3767,岳池县西板镇卫生院
3768,岳池县镇裕镇卫生院
3769,岳池县鱼峰乡卫生院
3770,岳池县黄龙乡卫生院
3771,岳池康宇医院
3772,岳池现代宏扬医院
3773,峨眉山市大为镇卫生院
3774,峨眉山德康医院
3775,峨边东诚医院
3776,峨边彝族自治县宜坪乡卫生院
3777,崇州市三江街道社区卫生服务中心
3778,崇州市大划街道社区卫生服务中心
3779,崇州市江源街道社区卫生服务中心
3780,崇州恒德医院
3781,川北医学院附属医院
3782,巴中儿童专科医院
3783,巴中博雅眼科医院
3784,巴中市中心医院(巴中市人民医院)
3785,巴中市恩阳区关公镇卫生院
3786,巴中市恩阳区明阳镇卫生院
3787,巴中市恩阳区渔溪中心卫生院
3788,巴中康达医院
3789,巴中纯明五官专科医院
3790,巴州区大罗镇卫生院
3791,巴州区梁永镇卫生院
3792,巴州区玉堂街道凌云社区卫生服务中心石门诊部
3793,巴州城西医院
3794,布拖县乐安镇中心卫生院
3795,布拖县九都镇卫生院
3796,布拖县地洛镇卫生院
3797,平昌县佛楼镇卫生院
3798,平昌县兰草镇中心卫生院
3799,平昌县土垭镇卫生院
3800,平昌县妇幼保健计划生育服务中心（平昌县妇幼保健院）
3801,平昌县汉王庙社区卫生服务中心
3802,平昌县灵山镇卫生院
3803,平昌县粉壁镇卫生院
3804,平昌县西兴镇高峰卫生院
3805,平昌县金宝社区卫生服务中心
3806,平昌县金宝街道六门卫生院
3807,平昌县青云镇卫生院
3808,平昌宝鑫医院
3809,平昌忠德医院
3810,平武县妇幼保健计划生育服务中心
3811,平武县旧堡羌族乡卫生院
3812,平武县水晶镇中心卫生院
3813,广元市利州区宝轮镇赤化卫生院
3814,广元市昭化区柏林沟镇卫生院
3815,广元市昭化区虎跳镇中心卫生院
3816,广元市朝天区大滩镇中心卫生院
3817,广元市精神卫生中心
3818,广元昭化仁心医院
3819,广元民政康养医院
3820,广元泰华医院
3821,广元青林医院
3822,广安国丹皮肤病医院
3823,广安市前锋区奎阁社区卫生服务中心（经开区）
3824,广安市前锋区桂兴中心卫生院
3825,广安市前锋区虎城镇卫生院
3826,广安市广安区恒升中心卫生院
3827,广安正康医院
3828,广安致和康复医院
3829,广安蘇福康护理院
3830,广汉中山医院
3831,广汉崇德医院
3832,广汉市三星堆镇中心卫生院
3833,广汉市中医医院
3834,广汉市妇幼保健院
3835,广汉市连山镇中心卫生院
3836,广汉市金鱼镇卫生院
3837,康定罗义堂中藏医院有限责任公司木雅路中藏医院
3838,开江佰兴医院
3839,开江县中医院
3840,开江县广福镇卫生院
3841,开江县普安镇卫生院
3842,开江县甘棠镇卫生院
3843,开江县长岭中心卫生院
3844,彭州威立康中医医院
3845,彭州市人民医院
3846,彭州市致和街道社区卫生服务中心
3847,德昌县妇幼保健计划生育服务中心
3848,德格县人民医院
3849,德阳市人民医院
3850,德阳市旌阳区东南社区卫生服务中心
3851,德阳市旌阳区孝感社区卫生服务中心
3852,德阳市罗江区白马关镇卫生院
3853,悦好医学美容医院
3854,成都东部新区丹景社区卫生服务中心
3855,成都东部新区福田社区卫生服务中心
3856,成都儿童专科医院
3857,成都军建医院
3858,成都军研糖尿病医院
3859,成都北新医院
3860,成都天府新区顾连禾泰康复医院
3861,成都小青草眼科医院
3862,成都市双流区永安中心卫生院
3863,成都市双流区第一人民医院
3864,成都市德康医院
3865,成都市新都区新都街道龙虎社区卫生服务中心
3866,成都市新都区清流镇卫生院
3867,成都市新都区石板滩街道木兰社区卫生服务中心
3868,成都市第三人民医院
3869,成都市郫都区中医医院
3870,成都市郫都区团结街道社区卫生服务中心
3871,成都市郫都区红光街道社区卫生服务中心
3872,成都市金牛区驷马桥曹家巷社区卫生服务中心（成都市金牛区第四人民医院）
3873,成都市青白江区人民医院
3874,成都市青羊区苏坡社区卫生服务中心（成都市青羊区苏坡社区医院）
3875,成都市龙泉驿区仁爱社区卫生服务中心
3876,成都平安医院
3877,成都成华三松肾病医院
3878,成都新华医院
3879,成都新都东立中医医院
3880,成都新都西桥医院
3881,成都武侯乐颐乐康复医疗中心
3882,成都汉和中医治未病医院
3883,成都温江天乡济民医院
3884,成都西区安琪儿妇产医院（成都西区安琪儿妇产医院互联网医院）
3885,成都西南儿童医院
3886,成都郫都东区医院
3887,成都郫都太康综合医院
3888,成都阴氏骨科医院
3889,成都高新区桂溪社区卫生服务中心
3890,成都高新同爱医院
3891,成都高新锦欣老年病医院
3892,攀枝花市仁和区大龙潭彝族乡卫生院（攀枝花市仁和区大龙潭彝族乡妇幼保健站）
3893,万源博爱医院有限公司
3894,万源市井溪镇卫生院
3895,万源市八台镇卫生院
3896,万源市沙滩镇卫生院
3897,万源市铁矿镇卫生院
3898,万源市长坝镇卫生院
3899,万源市鹰背镇卫生院
3900,万源忠栋医院
3901,三台县北坝镇中心卫生院
3902,三台县新生镇中心卫生院
3903,三台县景福镇中心卫生院
3904,三台县潼川社区卫生服务中心
3905,三台县石安镇中心卫生院
3906,三台县紫河镇中心卫生院
3907,三台达康医院
3908,东坝利民医院
3909,中江县悦来镇卫生院
3910,中江县永安中心卫生院
3911,中江县继光镇卫生院
3912,中江县辑庆中心卫生院
3913,中江安兴医院
3914,中江惠民中西医结合医院
3915,丹巴县人民医院
3916,丹棱县齐乐镇卫生院
3917,丹棱松青骨伤医院
3918,乐山巴川精神病专科医院
3919,乐山市五通桥区金山镇中心卫生院
3920,乐山市市中区中医医院
3921,乐山市市中区土主镇中心卫生院
3922,乐山市市中区安谷镇中心卫生院
3923,乐山市沙湾区沙湾镇中心卫生院
3924,乐山市精神卫生中心
3925,乐至县回澜镇中心卫生院
3926,乐至县妇幼保健计划生育服务中心
3927,乐至县蟠龙镇卫生院
3928,九寨沟县人民医院
3929,井研县三江镇卫生院
3930,井研县王村镇卫生院
3931,井研结实医院
3932,京州康医院
3933,什邡国仁医院
3934,什邡岷德烧伤医院
3935,什邡市湔氐镇卫生院
3936,仁寿县宝飞镇卫生院
3937,仁寿县汪洋镇松峰卫生院
3938,仁寿县贵平镇卫生院
3939,仁真医院
3940,仪陇冠宇医院
3941,仪陇县中医医院
3942,仪陇县来仪乡卫生院
3943,会东县乌东德镇中心卫生院
3944,会东县大崇镇中心卫生院
3945,会东县铅锌镇中心卫生院
3946,会理市城北街道外北卫生院
3947,会理市太平镇中心卫生院
3948,会理市小黑箐镇中心卫生院
3949,会理市彰冠镇富乐卫生院
3950,会理市新发镇卫生院
3951,会理市绿水镇中心卫生院
3952,会理紫荆医院
3953,兴文县大河苗族乡卫生院
3954,兴文雄品中医医院
3955,内江市东兴区人民医院
3956,内江市东兴区高桥街道卫生院
3957,内江市妇幼保健院
3958,内江市市中区全安镇卫生院
3959,内江市市中区永安镇卫生院
3960,内江泽惠医院
3961,冕宁县新兴乡卫生院
3962,冕宁县泸沽仁爱医院
3963,冕宁县泸沽铁矿职工医院
3964,冕宁县漫水湾镇松林卫生院
3965,冕宁县益民医院
3966,凉山州喜德县且托乡卫生院
3967,凉山彝族自治州第一人民医院（凉山州传染病医院）
3968,剑阁万隆精神病医院
3969,剑阁县张王镇卫生院
3970,剑阁县涂山镇卫生院
3971,剑阁县演圣镇卫生院
3972,剑阁县金仙镇卫生院
3973,北川羌族自治县工业园区社区卫生服务中心
3974,北川羌族自治县通泉镇中心卫生院
3975,华康肾病医院
3976,华瑞医院
3977,华蓥济康精神病医院
3978,南充嘉陵国济医院
3979,南充嘉陵安康医院
3980,南充国慈医院
3981,南充复康老年病医院
3982,南充姜氏医院
3983,南充市嘉陵区河西镇卫生院
3984,南充市嘉陵区金宝镇卫生院
3985,南充市顺庆区荆溪街道社区卫生服务中心
3986,南充市高坪区中医医院
3987,南充市高坪区妇幼保健计划生育服务中心（南充市高坪区妇幼保健院）
3988,南充康健医院
3989,南充民心医院
3990,南充海圣堂医院
3991,南充胃肠专科医院
3992,南江县正直镇中心卫生院
3993,南江县高桥镇卫生院
3994,南部县人民医院
3995,南部县楠木中心卫生院
3996,南部县碑院镇卫生院
3997,南部县长坪镇卫生院
3998,叙永县叙永镇中心卫生院
3999,叙永县摩尼镇营山卫生院
4000,叙永县石厢子彝族乡卫生院
4001,古蔺县茅溪中心卫生院
4002,古蔺县马嘶苗族乡卫生院
4003,合江仁健医院
4004,合江县甘雨镇卫生院
4005,合江县荔江镇卫生院
4006,合江复兴医院
4007,喜德县中彝医院
4008,喜德县人民医院
4009,四川何氏骨科医院
4010,四川天祥骨科医院
4011,四川巴中经济开发区奇章卫生院
4012,四川李氏钩针中医医院有限公司
4013,四川省民政康复医院
4014,四川省监狱管理局中心医院
4015,四川省科学城医院
4016,四川省第四人民医院
4017,四川锦欣西囡妇女儿童医院
4018,大安区老年病医院
4019,大竹县中华镇卫生院
4020,大竹县安吉乡卫生院
4021,大竹县杨家中心卫生院
4022,大竹县竹阳街道社区卫生服务中心
4023,大竹县第四人民医院
4024,大竹福康医院
4025,大竹维尔康医院（普通合伙）
4026,大邑中康医院
4027,大邑县人民医院
4028,大邑宁康医院
4029,天全县中医医院
4030,天全县仁义镇中心卫生院
4031,威远县妇幼保健计划生育服务中心
4032,威远县新场镇卫生院
4033,威远县界牌镇卫生院
4034,威远县越溪镇卫生院
4035,威远国新精神病医院
4036,威远越溪侗仁医院
4037,宁南县俱乐镇卫生院（俱乐镇妇幼保健计划生育服务站）
4038,宁南县竹寿镇卫生院（竹寿镇妇幼保健计划生育服务站）
4039,安岳仁安医院有限公司
4040,安岳县天林镇卫生院
4041,安岳县朝阳镇卫生院
4042,安岳县通贤镇中心卫生院
4043,安岳县鸳大镇卫生院
4044,安岳普爱医养服务有限公司
4045,宜宾三江新区沙坪社区卫生服务中心
4046,宜宾三江新区白沙湾社区卫生服务中心
4047,宜宾市中医医院
4048,宜宾市南溪区仙临镇卫生院
4049,宜宾市南溪区大观镇中心卫生院
4050,宜宾市南溪区裴石镇卫生院
4051,宜宾市叙州区合什镇中心卫生院
4052,宜宾市叙州区柏溪街道喜捷社区卫生服务中心
4053,宜宾市叙州区柳嘉镇中心卫生院
4054,宜宾市第一人民医院
4055,宜宾市翠屏区李端镇卫生院
4056,宜宾市翠屏区金坪镇中心卫生院
4057,宜宾怀康医院
4058,宜宾普爱老年病医院
4059,宜宾爱康医院
4060,宜宾诚康医院
4061,宣汉县石岭医院
4062,宣汉县第三人民医院
4063,宣汉康宁精神病医院
4064,宣汉济康医院
4065,宣汉济民医院
4066,富顺西区老年病医院
4067,富顺鸽王护理院
4068,射洪市涪西镇卫生院
4069,射洪新协康医院
4070,射洪汇格疗养院
4071,小金县中藏医院
4072,攀枝花市仁和区布德镇卫生院 （攀枝花市仁和区布德镇妇幼保健站、攀枝花市仁和区民政中医院）
4073,攀枝花市仁和区金江镇卫生院（攀枝花市仁和区金江镇妇幼保健站）
4074,攀枝花市第二人民医院
4075,攀钢集团总医院
4076,新津仁爱医院
4077,旺苍县双汇镇卫生院
4078,昭化九洲医院
4079,普格县大坪乡卫生院
4080,普格县普基镇社区卫生服务中心
4081,普格县鹏辰医院
4082,木里县博窝乡卫生院
4083,松潘县人民医院
4084,梓潼县中医院
4085,梓潼县文兴镇卫生院
4086,梓潼县自强镇中心卫生院
4087,武胜县万善镇卫生院
4088,武胜县华封镇卫生院
4089,武胜县宝箴塞镇卫生院
4090,武胜县沿口社区卫生服务中心
4091,武胜县沿口镇中滩卫生院
4092,武胜安康医院
4093,汉源县人民医院
4094,汉源县河南乡卫生院
4095,汉源县片马乡卫生院
4096,汉源周佳医院
4097,江安县中医医院
4098,江安县仁和镇卫生院
4099,江安县大井镇卫生院
4100,江安县阳春镇中心卫生院
4101,江安济民医院
4102,江安立昌中医医院
4103,江油市中医医院
4104,江油市精神病医院
4105,江油市重华镇卫生院
4106,江油市马角镇卫生院
4107,江阳区北城街道社区卫生服务中心
4108,江阳区方山镇卫生院
4109,江阳区江北中心卫生院
4110,江阳茜草江南社区卫生服务中心(泸州浦南医院)
4111,汶川县三江镇中心卫生院
4112,沐川县利店镇卫生院
4113,泸县团洁医院
4114,泸县得胜镇卫生院
4115,泸县志诚德康医院
4116,泸州久正医院
4117,泸州家和康医院
4118,泸州市人民医院（泸州市红十字医院、泸州市江阳区人民医院）
4119,泸州市精神病医院
4120,泸州市纳溪区妇幼保健计划生育服务中心（泸州市纳溪区妇幼保健院）
4121,泸州普惠外科医院
4122,泸州民心综合医院
4123,泸州王氏骨科医院
4124,泸州纳溪安和医院
4125,泸州纳溪康林中医医院
4126,泸州纳溪杉岭中医医院
4127,泸州纳溪洋光中医医院
4128,泸州纳溪维康医院
4129,泸州酒城中医医院
4130,洪雅乾州骨科医院
4131,洪雅县将军镇卫生院
4132,洪雅县洪川镇社区卫生服务中心
4133,洪雅县瓦屋山镇卫生院
4134,洪雅县高庙镇卫生院
4135,渠县中润医院
4136,渠县卷硐镇卫生院
4137,渠县土溪镇中心卫生院
4138,渠县定远镇卫生院
4139,渠县拱市乡卫生院
4140,渠县济民医院
4141,渠县第三人民医院（渠县静边镇中心卫生院）
4142,渠县龙凤镇卫生院
4143,犍为县九井镇卫生院
4144,犍为县人民医院
4145,犍为县寿保镇敖家卫生院
4146,珙县人民医院
4147,珙县兴康医院
4148,珙县珙泉镇卫生院
4149,甘孜州泸定县人民医院
4150,甘孜州泸定县冷碛镇中心卫生院
4151,甘孜州皮肤病防治院（甘孜州海螺沟景区人民医院）
4152,甘洛县斯觉镇卫生院
4153,百姓医院
4154,盐亭县大兴回族乡卫生院
4155,盐亭县富驿镇中心卫生院
4156,盐亭县巨龙镇卫生院
4157,盐亭县精神病医院
4158,盐亭县黄甸镇中心卫生院
4159,盐亭经开区医院
4160,盐源县梅雨镇卫生院
4161,盐源展华医院
4162,眉山东坡骨科医院
4163,眉山市东坡区富牛镇卫生院
4164,眉山市东坡区秦家镇卫生院
4165,眉山市人民医院（眉山市传染病医院）
4166,眉山市彭山区人民医院
4167,眉山市彭山区观音街道社区卫生服务中心
4168,眉山市彭山区锦江镇卫生院
4169,眉山帅氏医院有限公司
4170,眉山彭山福康老年病医院
4171,石棉县美罗中心卫生院
4172,筠连县筠连镇中心卫生院（筠连镇社区卫生服务中心）
4173,筠连天和医院
4174,简阳市宏缘镇卫生院
4175,简阳市简城街道凤山社区卫生服务中心
4176,简阳市简城街道红塔社区卫生服务中心
4177,米易县人民医院
4178,米易县新山傈僳族乡卫生院
4179,纳溪区打古镇卫生院（泸州市纳溪区第十一人民医院）
4180,纳溪区护国中心卫生院（泸州市纳溪区第二人民医院）
4181,纳溪区龙车镇卫生院（泸州市纳溪区第十人民医院）
4182,绵竹孙氏医院
4183,绵阳创伤骨科医院
4184,绵阳富临医院
4185,绵阳市安州区河清镇中心卫生院
4186,绵阳市安州区高川乡卫生院
4187,美姑县中彝医院
4188,美姑县柳洪乡中心卫生院
4189,美莱医学美容医院
4190,自流井区第三人民医院
4191,自流井区钟云山社区卫生服务站
4192,自贡市大安区人民医院（自贡市肿瘤医院）
4193,自贡市大安区妇幼保健院（大安区红十字博爱妇幼保健院）
4194,自贡市沿滩区人民医院
4195,自贡市社会福利和康复治疗中心
4196,自贡市第一人民医院
4197,自贡市自流井区舒坪镇中心卫生院
4198,自贡市贡井区五宝中心卫生院
4199,自贡市贡井区莲花镇卫生院
4200,自贡怡然精神病医院
4201,色达县藏医院
4202,芦山县双石镇卫生院
4203,芦山县思延镇卫生院
4204,苍溪县白桥镇卫生院
4205,茂县人民医院
4206,荣县长山中心卫生院
4207,荣县鼎新镇卫生院
4208,荥经县新添镇中心卫生院
4209,营山县人民医院
4210,营山县消水中心卫生院
4211,营山民康医院
4212,蒲江县妇幼保健计划生育服务中心
4213,蓬安博爱医院
4214,蓬安县金甲乡卫生院
4215,蓬安徐家盛泰医院
4216,蓬溪县任隆中心卫生院
4217,蓬溪县文井中心卫生院
4218,蓬溪县新会镇卫生院
4219,蓬溪县第二人民医院（蓬溪县蓬南中心卫生院）
4220,西充县槐树中心卫生院
4221,西南医科大学附属中医医院
4222,西昌小天使妇女儿童医院
4223,西昌市妇幼保健院（西昌市妇女儿童医院、西昌市妇幼保健计划生育服务中心）
4224,西昌市琅环镇中心卫生院
4225,西昌市第二人民医院（西昌市精神病专科医院）
4226,西昌王氏骨科专科医院
4227,西昌现代妇产医院
4228,西昌肛泰肛肠医院
4229,资中世博医院
4230,资中县公民镇卫生院
4231,资中县太平镇卫生院
4232,资中县重龙镇卫生院（资中县重龙社区卫生服务中心）
4233,资中县陈家镇卫生院
4234,资阳市雁江区中和镇中心卫生院
4235,资阳毛氏骨科医院
4236,越西县中彝医医院
4237,越西县大花镇卫生院
4238,越西县越城镇中心卫生院
4239,达川惠康医院
4240,达川柳阳医院
4241,达州元达联合医院
4242,达州宏泽康复医院
4243,小金县抚边乡卫生院
4244,小金县美沃乡卫生院
4245,屏山县屏山镇中心卫生院
4246,岳池县妇幼保健计划生育服务中心
4247,岳池县普安镇卫生院
4248,岳池县朝阳街道社区卫生服务中心
4249,岳池县石垭镇中心卫生院
4250,岳池县罗渡镇中心卫生院
4251,岳池康健医院
4252,岳池眼科医院
4253,峨眉山市中医医院峨眉山市骨科医院
4254,峨眉山市桂花桥镇卫生院
4255,峨眉山市龙门乡卫生院
4256,峨边彝族自治县中医医院
4257,峨边彝族自治县黑竹沟镇中心卫生院
4258,崇州九龙泌尿外科医院
4259,崇州二医院
4260,崇州仁爱医院
4261,崇州善祥精神专科医院
4262,崇州市崇庆街道社区卫生服务中心
4263,崇州市隆兴镇卫生院
4264,崇州蜀州颈腰病医院
4265,巴中市巴州区水宁寺镇卫生院
4266,巴中市恩阳区中医医院
4267,巴中市恩阳区雪山中心卫生院
4268,巴中经济开发区第二人民医院(四川巴中经济开发区西锦社区卫生服务中心)
4269,巴中骨科医院
4270,巴州区平梁中心卫生院
4271,巴州区玉堂街道凌云社区卫生服务中心
4272,巴州华龙医院
4273,布拖县拖觉镇中心卫生院
4274,平昌元和医院
4275,平昌县岩口镇马鞍卫生院
4276,平昌县江口中心卫生院
4277,平昌县泥龙镇卫生院
4278,平昌县镇龙镇中心卫生院
4279,平昌新华医院
4280,平昌爱民医院
4281,平昌现代医院
4282,平武县人民医院
4283,平武县坝子乡卫生院
4284,广元利州雪峰医院
4285,广元圣仁康医院
4286,广元市中心医院
4287,广元市利州区上西街道社区卫生服务中心
4288,广元市利州区中医医院
4289,广元市利州区大石镇卫生院
4290,广元市利州区宝轮镇卫生院
4291,广元市昭化区中医医院
4292,广元市昭化区卫子镇中心卫生院
4293,广元市朝天区妇幼保健院
4294,广元市朝天区麻柳乡卫生院
4295,广元市第二人民医院
4296,广元康桥医院
4297,广安市前锋区龙塘街道社区卫生服务中心
4298,广安市广安区北辰社区卫生服务中心
4299,广安市广安区协兴中心卫生院
4300,广安格瑞尔医院（枣山园区）
4301,广旺矿区唐家河医院
4302,广汉刘汉书医院
4303,开江县八庙镇卫生院
4304,开江县新宁镇卫生院
4305,开江县讲治镇卫生院
4306,彭州华康中西医结合医院
4307,彭州友康中医医院
4308,彭州太平场医院
4309,彭州市天彭街道利安社区卫生服务中心
4310,彭州海康中医骨科医院
4311,彭州熊氏中医骨科医院
4312,彭州高明中医骨科医院
4313,德昌县昌州街道王所社区卫生服务中心
4314,德阳市罗江区万安镇卫生院
4315,德阳市罗江区人民医院
4316,德阳市罗江区调元镇卫生院
4317,德阳市罗江区鄢家镇中心卫生院
4318,德阳爱尔眼科医院
4319,德阳骨科医院
4320,成都东部新区玉成社区卫生服务中心
4321,成都东部新区石板中心卫生院
4322,成都东部新区草池社区卫生服务中心
4323,成都东部新区董家埂卫生院
4324,成都中医药大学附属医院（四川省中医医院  成都中医药大学附属医院（四川省中医医院）互联网医院）
4325,成都中德肾病医院
4326,成都五块石医院
4327,成都冬雷脑科医院
4328,成都华厦眼科医院
4329,成都双流蛟龙港医院有限公司
4330,成都城南金花医院
4331,成都天使之翼医学美容医院
4332,成都天使儿童医院
4333,成都天府新区邓氏骨科医院
4334,成都宝石花医院
4335,成都市公共卫生临床医疗中心
4336,成都市双流区彭镇卫生院
4337,成都市妇女儿童中心医院
4338,成都市新津区妇幼保健计划生育服务中心（成都市新津区妇幼保健院）
4339,成都市新津区第二人民医院
4340,成都市新津区花桥街道公立卫生院
4341,成都市新都区中医医院
4342,成都市新都区军屯镇中心卫生院
4343,成都市新都区第三人民医院
4344,成都市第八人民医院（成都市慢性病医院   成都市第八人民医院互联网医院）
4345,成都市郫都区第二人民医院
4346,成都市金牛区西安路社区卫生服务中心
4347,成都市青白江区清泉镇公立中心卫生院
4348,成都市青白江区红阳社区卫生服务中心
4349,成都市龙泉驿区同安社区卫生服务中心
4350,成都市龙泉驿区西平社区卫生服务中心
4351,成都市龙泉驿区龙华社区卫生服务中心
4352,成都恒博医院
4353,成都成华双水医院
4354,成都成华脑康心理医院有限公司
4355,成都新都力泰医院
4356,成都温江华小医综合医院
4357,成都温江圣母妇产医院
4358,成都满地可医院（四川国济甲亢病医院）
4359,成都玛丽亚天府妇产儿童医院
4360,成都美美妇产医院
4361,成都肛肠专科医院
4362,成都西南中医医院（成都西南中医医院互联网医院）
4363,成都西部白癜风医院
4364,成都誉美医院
4365,成都郫都国济综合医院
4366,成都郫都新胜医院
4367,成都郫都正诚医院
4368,成都郫都西汇三九八医院
4369,成都鑫国光医院
4370,成都锦欣中医医院
4371,成都锦江大观医院
4372,成都锦江益民医院
4373,成都长生肾病医院
4374,成都高新博力医院
4375,成飞医院
4376,攀枝花市中心医院
4377,攀枝花市仁和区平地镇中心卫生院（攀枝花市仁和区平地镇妇幼保健站）
4378,攀枝花市仁和区福田镇卫生院（攀枝花市仁和区福田镇妇幼保健站）
4379,攀枝花市第四人民医院
4380,攀枝花煤业（集团）有限责任公司总医院
4381,攀钢西昌医院
4382,新津吴氏医院
4383,旺苍德康骨科医院
4384,昭觉阳光医院
4385,普格县妇幼保健院
4386,普格县荞窝镇卫生院
4387,普格县螺髻山镇卫生院
4388,木里县中藏医院
4389,梓潼县宏仁镇卫生院
4390,梓潼县长卿镇卫生院
4391,梓潼太康医院
4392,梓潼爱尔眼科医院
4393,武胜东双滨江医院
4394,武胜丰源医院
4395,武胜县乐善镇中心卫生院
4396,武胜县妇幼保健计划生育服务中心
4397,武胜县猛山乡卫生院
4398,武胜县真静乡卫生院
4399,武胜县鸣钟镇卫生院
4400,汉源健行骨伤专科医院
4401,汉源县乌斯河镇卫生院
4402,汉源县小堡乡卫生院
4403,江安县人民医院
4404,江安县夕佳山镇中心卫生院
4405,江安县康复医院
4406,江油市小溪坝镇中心卫生院
4407,江油市方水镇卫生院
4408,沐川宏健医院
4409,沙湾雷氏医院
4410,泸县兆雅中心卫生院
4411,达州宜心精神病医院
4412,达州市民康医院
4413,达州市达川区亭子镇中心卫生院
4414,达州市达川区南岳镇卫生院
4415,达州市达川区四合社区卫生服务站
4416,达州市达川区曹家梁社区卫生服务站
4417,达州市达川区百节镇卫生院
4418,达州市达川区石桥镇中心卫生院
4419,达州市达川区米城乡卫生院
4420,达州市达川区罐子镇卫生院
4421,达州市达川区花溪社区卫生服务站
4422,达州市通川区人民医院
4423,达州爱尔眼视光眼科医院
4424,通川区朝阳社区卫生服务中心
4425,通川区青宁镇卫生院
4426,通江东方医院
4427,通江县周子坪社区卫生服务中心
4428,通江县广纳中心卫生院
4429,通江县新场镇卫生院
4430,通江县永安中心卫生院
4431,通江县诺江镇卫生院
4432,通江县铁溪中心卫生院
4433,通江茹氏骨科医院
4434,遂宁善德医院
4435,遂宁嘉慧妇产医院
4436,遂宁市中医院
4437,遂宁市安居区三家镇中心卫生院
4438,遂宁市安居区三家镇大安卫生院
4439,遂宁市安居区常理镇卫生院
4440,遂宁市安居区磨溪镇卫生院
4441,遂宁市民康医院（遂宁市优抚医院）
4442,遂宁市第三人民医院
4443,遂宁市船山区老池镇中心卫生院
4444,遂宁市船山骨科医院有限责任公司
4445,遂宁河东中医医院
4446,邛崃华仁医院
4447,邻水县精神病医院
4448,邻水西苑医院
4449,都江堰宁江医院
4450,都江堰市玉堂镇卫生院
4451,都江堰市聚源镇中心卫生院
4452,都江堰市骨伤专科医院
4453,都江堰良信医院
4454,金堂县云合镇卫生院
4455,金堂县赵家镇卫生院(金堂县赵家镇公共卫生所）
4456,金阳益民医院
4457,长宁怡康精神病医院
4458,阆中仁华医院
4459,阆中市五马镇卫生院
4460,阆中市木兰镇卫生院
4461,阆中市江南街道垭口卫生院
4462,阆中明康医院
4463,阆中骨科医院
4464,阿坝县四洼乡卫生院
4465,阿坝县龙藏乡卫生院
4466,阿坝州林业中心医院
4467,隆昌天佑医院
4468,隆昌市人民医院
4469,隆昌曾氏中科医院
4470,雅安市人民医院（雅安市人民医院互联网医院）
4471,雅安市雨城区望鱼镇中心卫生院
4472,雅安市雨城区草坝镇中心卫生院
4473,雅江县妇幼保健计划生育服务中心
4474,雷波县桂花乡卫生院
4475,雷波永康医院
4476,青川县中医医院
4477,青川县乐安镇中心卫生院
4478,青川县人民医院
4479,青川县房石镇卫生院
4480,青川县曲河乡卫生院
4481,青川县骑马乡卫生院
4482,青神县中医医院
4483,青神县白果乡卫生院
4484,马边彝族自治县高卓营中心卫生院
4485,高县可久镇卫生院
4486,高县嘉乐镇卫生院
4487,高县复兴镇卫生院
4488,高县胜天镇卫生院
4489,高坪区东观镇黄溪卫生院
4490,高坪区佛门乡卫生院
4491,高坪区清溪社区卫生服务中心
4492,高坪区石圭镇卫生院
4493,黑水县中藏医院
4494,龙泉驿成东济世医院
4495,龙马潭区安宁街道社区卫生服务中心
4496,龙马潭李时昌中医医院
4497,泸县喻寺中心卫生院
4498,泸县太伏中心卫生院
4499,泸县毗卢镇卫生院
4500,泸县玉蟾街道社区卫生服务中心
4501,泸县黎民医院
4502,泸州市中医医院
4503,泸州市妇幼保健院(泸州市第二人民医院）
4504,泸州市龙马潭区中医医院
4505,泸州纳溪博源医院
4506,泸州纳溪国康医院
4507,泸州酒城全科医院
4508,洪雅康济医院
4509,渠县万康中医医院
4510,渠县仁爱医院
4511,渠县妇幼保健计划生育服务中心（渠县妇幼保健院）
4512,渠县康济医院
4513,渠县康缘精神病医院
4514,渠县惠铭医院
4515,渠县慧泓医院
4516,渠县汇龙医院
4517,渠县汉阙医院
4518,渠县琅琊镇中心卫生院
4519,渠县高桥医院
4520,渠县鲜渡镇卫生院
4521,游仙康耀医院
4522,犍为县双溪镇卫生院
4523,犍为县孝姑镇中心卫生院
4524,犍为县清溪镇中心卫生院
4525,犍为成康医院
4526,珙县孝儿镇中心卫生院
4527,珙县巡场发科骨科医院
4528,珙县珙州医院
4529,珙县珙桐医院
4530,理县人民医院
4531,甘洛县人民医院
4532,盐亭县中医医院
4533,盐亭县文通镇中心卫生院
4534,盐亭县玉龙镇中心卫生院
4535,盐源博爱医院
4536,盐源县中医医院
4537,盐源县树河镇卫生院
4538,盐源县田湾乡卫生院
4539,盐源县金河镇卫生院
4540,盐源速康医院
4541,盐边仁康医院
4542,盐边县人民医院
4543,眉山东坡友谊医院
4544,眉山市东坡区血吸虫病防治站
4545,眉山市彭山区凤鸣街道社区卫生服务中心
4546,眉山市彭山区黄丰镇卫生院
4547,眉山弘济中医医院
4548,石宝仁爱医院
4549,石棉县回隆中心卫生院
4550,石棉县新民中心卫生院
4551,筠连博康医院
4552,筠连县高坪苗族乡卫生院
4553,简阳一安精神病医院
4554,简阳市三合镇卫生院
4555,简阳市东溪街道社区卫生服务中心
4556,简阳市石桥街道社区卫生服务中心
4557,简阳空分医院
4558,米易县普威镇中心卫生院
4559,米易县白马镇中心卫生院
4560,米易县麻陇彝族乡中心卫生院
4561,纳溪区新乐镇卫生院（泸州市纳溪区第八人民医院）
4562,绵竹仁爱医院
4563,绵竹夏骡子骨伤专科医院
4564,绵阳万江眼科医院有限责任公司
4565,绵阳力大康精神病医院
4566,绵阳华厦眼科医院
4567,绵阳市中医医院
4568,绵阳市妇幼保健院（绵阳市儿童医院）
4569,绵阳市安州区千佛镇卫生院
4570,绵阳市涪城区丰谷中心卫生院
4571,绵阳市涪城区吴家中心卫生院
4572,绵阳市涪城区经开三江社区卫生服务中心
4573,绵阳市游仙区信义中心卫生院
4574,绵阳市游仙经济试验区社区卫生服务中心
4575,绵阳益康老年护理院
4576,绵阳经济技术开发区松垭人民医院（松垭镇卫生院）
4577,美姑县井叶特西乡卫生院
4578,自贡市沿滩区沿滩镇卫生院
4579,自贡市自流井区飞龙峡镇卫生院
4580,自贡市自流井区高峰乡卫生院（高新区）
4581,自贡市贡井区筱溪街道社区卫生服务中心
4582,自贡市贡井区艾叶镇卫生院
4583,自贡汇东医院（高新区）
4584,自贡荣州骨科医院
4585,自贡高新肿瘤医院
4586,船山区妇幼保健院
4587,芦山德慈惠爱医院
4588,苍溪仁信医院
4589,苍溪县漓江镇卫生院
4590,苍溪县陵江镇江南社区卫生服务中心
4591,苍溪县龙山镇中心卫生院
4592,苍溪瑞祥医院
4593,苍溪百姓老年病专科医院
4594,苍溪福昌中医疼痛医院
4595,若尔盖县人民医院
4596,茂县中医院
4597,荣县人民医院
4598,荥经县严道街道社区卫生服务中心
4599,荥经县泗坪乡中心卫生院
4600,营山仁和医院
4601,营山县东升镇卫生院
4602,营山县朗池街道云凤山社区卫生服务中心
4603,营山县绿水中心卫生院
4604,营山县青山镇卫生院
4605,营山友宜医院
4606,蒲江县寿安社区卫生服务中心
4607,蓝平医院
4608,蓬安县罗家中心卫生院
4609,蓬安泰和玉都康复医疗中心
4610,蓬溪县第三人民医院（蓬溪县天福中心卫生院）
4611,蓬溪县群利镇卫生院
4612,蓬溪友爱天仁医院
4613,蓬溪长庚中医肛肠医院
4614,西充县太平中心卫生院
4615,西南石油大学校医院
4616,西昌市巴汝镇中心卫生院
4617,西昌建国医院
4618,资中县明心寺镇卫生院
4619,资中县水南镇卫生院（资中县水南社区卫生服务中心）
4620,资中吉康医院
4621,资中福仁堂中医医院
4622,资中谷田医院
4623,资阳市中医医院
4624,资阳市人民医院
4625,资阳市社会福利院医院
4626,资阳市雁江区人民医院
4627,资阳市雁江区南津镇中心卫生院
4628,资阳市雁江区妇幼保健计划生育服务中心(资阳市妇幼保健院）
4629,越西县妇幼保健计划生育服务中心（越西县妇幼保健院）
4630,越西县新民镇中心卫生院
4631,达川佳合中医医院
4632,达川区明月江街道社区卫生服务中心
4633,达川区麻柳镇东兴卫生院
4634,达州华阳妇产儿童医院
4635,达州市达川区万家镇卫生院
4636,达州市达川区人民医院（达州市第三人民医院）
4637,达州市达川区景市镇中心卫生院
4638,达州市达川区石家湾社区卫生服务站
4639,达州市通川区东岳镇卫生院
4640,达州市通川区金石镇卫生院
4641,达州爱尔眼科医院
4642,达州紫荆妇产医院
4643,通川区凤北社区卫生服务中心
4644,通川区梓桐镇卫生院
4645,通川区碑庙中心卫生院
4646,通川区第二人民医院（通川区罗江中心卫生院）
4647,通江县三溪镇卫生院
4648,通江县人民医院
4649,通江县毛浴镇卫生院
4650,通江县长坪镇卫生院
4651,通江现黛医院
4652,通江顺康医院
4653,遂宁公信医院
4654,遂宁市安居区玉丰镇卫生院
4655,遂宁市安居区西眉镇中心卫生院
4656,遂宁市船山区桂花镇中心卫生院
4657,遂宁市船山区永兴镇中心卫生院（遂宁市船山区第一人民医院）
4658,遂宁杨柳肾病医院有限公司
4659,遂宁经济技术开发区社区卫生服务中心
4660,邛崃市平乐镇中心卫生院（邛崃市第六人民医院）
4661,邛崃市文君社区卫生服务中心
4662,邛崃市桑园镇卫生院
4663,邛崃西桥精神病医院
4664,邻水县两河镇卫生院
4665,邻水县九龙镇中心卫生院
4666,邻水县观音桥镇卫生院
4667,都江堰仁爱康复医院
4668,都江堰全特医院
4669,都江堰市人民医院
4670,都江堰市第二人民医院
4671,都江堰市青城山镇中心卫生院
4672,金堂佳协医院
4673,金堂县中西医结合医院（金堂县土桥中心卫生院、金堂县土桥镇公共卫生所）
4674,金堂县竹篙镇中心卫生院（金堂县竹篙镇公共卫生所）
4675,金堂县赵镇杨柳桥社区卫生服务中心（金堂县赵镇街道杨柳公共卫生所）
4676,金堂县赵镇社区卫生服务中心（金堂县赵镇街道公共卫生所）
4677,金堂县骨伤科医院（金堂县淮口社区卫生服务中心、金堂县淮口街道公共卫生所）
4678,金堂雨泽老年病医院
4679,金川县勒乌镇第二卫生院
4680,金阳县基足乡卫生院
4681,长宁县井江镇卫生院
4682,长宁舒之康妇产医院
4683,阆中市七里社区卫生服务中心
4684,阆中市三陈街社区卫生服务中心
4685,阆中市文成镇中心卫生院
4686,阆中市江南街道裕华卫生院
4687,阆中益民医院
4688,阿坝兴富医院
4689,阿坝州藏医院
4690,隆昌市石碾镇中心卫生院
4691,隆昌通康医院
4692,雅安博爱医院
4693,雅安市雨城区上里镇中心卫生院
4694,雅安民康医院
4695,雅安雨城容大医院
4696,雷波县人民医院
4697,雷波金江中西医结合医院
4698,青川县妇幼保健院
4699,青白江日鑫老年病医院
4700,青神县青竹街道黑龙中心卫生院
4701,青神县高台镇卫生院
4702,高县月江镇中心卫生院
4703,高县沙河镇中心卫生院
4704,高新龙翔医院
4705,龙泉驿驿都医院
