,ICU,basy_zyzd_jbbm,检查检验费,count
0,0,(神经)鞘脂类代谢紊乱和其他脂贮积疾患,1300.1625,168
1,0,一氧化碳的毒性效应,1806.445737704918,427
2,0,三叉神经疾患,2107.902021943574,4466
3,0,三日疟原虫疟疾,3237.0,7
4,0,上呼吸道的其他疾病,1303.3623977086743,8554
5,0,上消化道的其他先天性畸形,2458.476896551724,203
6,0,上肢单神经病,1502.8062337662338,3773
7,0,上肢损伤后遗症,909.4310098522168,2842
8,0,"上肢的其他损伤,水平未特指",744.7877342657342,5005
9,0,"上肢骨折,水平未特指",573.70625,112
10,0,下泌尿道结石	,1667.4150268817205,7812
11,0,下肢(不包括足)肌腱端病,1040.908918918919,1295
12,0,下肢单神经病,832.2752601156069,4844
13,0,下肢损伤后遗症,1733.9443832020997,2667
14,0,"下肢溃疡,不可归类在他处者",1891.8848554913295,2422
15,0,"下肢的其他损伤,水平未特指",790.860093847758,6713
16,0,下肢短小缺陷,1846.76,35
17,0,下肢静脉曲张,1784.6367085690342,33411
18,0,"下肢骨折,水平未特指",426.0388888888889,63
19,0,不适和疲劳,1694.2646739130435,2576
20,0,与人工授精有关的并发症	,1295.975,280
21,0,与住房和经济情况有关的问题,0.0,7
22,0,与使用、过度使用和压迫有关的软组织疾患,1469.455037037037,945
23,0,与依赖于照料人员有关的问题,425.3,7
24,0,与其他严重缺陷有关的免疫缺陷,1319.612,35
25,0,与其他心理社会情况有关的问题,2773.0,7
26,0,与分娩有关的乳房和哺乳的其他疾患	,404.8,35
27,0,与分娩有关的乳房感染	,766.2200554016621,2527
28,0,与外界环境有关的问题,314.90000000000003,28
29,0,与女性生殖器官和月经周期有关的疼痛和其他情况	,988.2307715133531,2359
30,0,"与孕期短和低出生体重有关的疾患,不可归类在他处者",6058.163544642857,7840
31,0,与孕期长和高出生体重有关的疾患,1035.8557142857144,98
32,0,与归类在他处的障碍或疾病有关的心理和行为因素,3395.9,7
33,0,与性发育和性取向有关的心理和行为障碍,351.0,7
34,0,与排尿有关的疼痛,909.1878260869564,161
35,0,与有毒动物接触的毒性效应,844.8191628641629,39886
36,0,与某些心理社会情况有关的问题,963.6625,56
37,0,与淋巴网状组织和网状组织细胞系统的某些疾病,7486.815428571429,490
38,0,与社会环境有关的问题,50.78,70
39,0,与辐射有关的皮肤和皮下组织其他疾患,669.75,14
40,0,严重应激反应及适应障碍,1913.4852777777776,252
41,0,严重急性呼吸道综合征[SARS],1581.7,14
42,0,中度和轻度蛋白质-能量营养不良,2635.6448979591837,343
43,0,中度精神发育迟缓,1269.5722222222223,252
44,0,中枢神经系统炎性疾病的后遗症,1042.9705882352941,119
45,0,中枢神经系统的其他产伤,1539.0,7
46,0,中枢神经系统的其他疾患,3202.8829069767444,602
47,0,"中枢神经系统的其他病毒性感染,不可归类在他处者",22.7,7
48,0,中枢神经系统的其他脱髓鞘疾病,2158.6420058139533,2408
49,0,中枢神经系统的非典型病毒感染,6618.644444444444,63
50,0,中枢神经系统诊断性影像检查的异常所见,2772.2788353765327,7994
51,0,中毒性肝病,2362.949249329759,2611
52,0,中毒性脑病,3207.8140384615385,364
53,0,中耳、呼吸和胸腔内器官动态未定或动态未知的肿瘤,2354.1068335787922,4753
54,0,中耳和乳突的其他疾患,1545.672,525
55,0,中耳和呼吸系统原位癌,4828.280796019901,1407
56,0,中耳和呼吸系统良性肿瘤,3320.955325779037,2471
57,0,中耳胆脂瘤,1800.9125242718446,2163
58,0,临床症状不明显[亚临床]的碘缺乏性甲状腺功能减退症,3594.0,21
59,0,丹毒,1297.3889711934157,1701
60,0,为主要与妊娠有关的其他情况给予的孕产妇医疗	,1369.5821155885471,13202
61,0,为其他原因接受的检查和观察,646.7153846153846,182
62,0,"为其他咨询和医疗指导而与保健机构接触的人,不可归类在他处者",1715.5,7
63,0,为其他已知或可疑的胎儿问题给予的孕产妇医疗	,1268.184929724102,13447
64,0,为可疑疾病和情况接受的医疗观察和评价,2323.043605230386,11242
65,0,为已知或可疑盆腔器官异常给予的孕产妇医疗	,1266.5388177752934,50092
66,0,为已知或可疑胎儿先露异常给予的孕产妇医疗	,1280.820229357798,6104
67,0,为已知或可疑胎儿异常和损害给予的孕产妇医疗	,1225.5854005934718,2359
68,0,为已知或可疑胎盆不称给予的孕产妇医疗	,1307.7151728247914,5873
69,0,"为特殊操作而与保健机构接触的人,但操作未进行",586.6999999999999,14
70,0,主动脉瓣和二尖瓣先天性畸形,8633.125714285714,196
71,0,主动脉瘤和主动脉夹层,8026.762605752961,4137
72,0,"主要为全身性和血液学的制剂中毒,不可归类在他处者",1229.168695652174,161
73,0,主要为非药用物质毒性效应的后遗症,461.4,35
74,0,主要作用于平滑肌和骨骼肌及呼吸系统的制剂中毒,1061.6680555555554,252
75,0,主要影响心血管系统的制剂中毒,1876.387142857143,245
76,0,主要影响皮肤和粘膜的局部制剂及眼科、耳鼻喉科和牙科的药物中毒,636.6571428571428,49
77,0,主要影响胃肠系统的制剂中毒,855.1333333333333,21
78,0,主要影响自主神经系统的药物中毒,1258.73,35
79,0,习惯和冲动障碍,3737.2999999999997,14
80,0,习惯性流产	,1564.1999999999998,21
81,0,乳房先天性畸形,1089.5184210526315,1330
82,0,乳房原位癌,6503.305106382978,987
83,0,乳房恶性肿瘤,6411.521359813084,14980
84,0,乳房炎性疾患	,1084.2749679487179,6552
85,0,乳房的其他疾患	,1022.6408296943231,1603
86,0,乳房肥大	,1576.6232748538011,2394
87,0,乳房良性肿瘤,1577.409400910616,29211
88,0,乳房诊断性影像检查的异常所见,105.6,7
89,0,乳突炎和有关情况,831.3739175257732,679
90,0,产伤引起的颅内撕裂和出血,3034.48,77
91,0,"产前出血,不可归类在他处者	",1199.604761904762,147
92,0,产前筛查,685.5,7
93,0,产力异常	,1151.3096135831381,5978
94,0,产后出血	,1600.2164897074756,6461
95,0,产后医疗照顾和检查,540.7048387096775,434
96,0,产科栓塞	,4455.679999999999,35
97,0,"产程和分娩并发产时出血,不可归他处者	",2507.58,35
98,0,产程和分娩并发胎儿应激反应	,1413.7500516129032,5425
99,0,产程和分娩并发脐带并发症	,1202.0310240733663,18319
100,0,"产程和分娩的其他并发症,不可归类在他处者	",1625.2273913043477,483
101,0,产褥期中麻醉的并发症	,7574.0,7
102,0,"产褥期的并发症,不可归类在他处者	",809.4027027027028,518
103,0,产褥期的静脉并发症	,662.5,7
104,0,产褥期脓毒病	,4123.910526315789,133
105,0,亨廷顿病,180.73333333333335,21
106,0,人工造口状态,1339.4769230769232,91
107,0,人类免疫缺陷病毒[HIV]病造成的传染病和寄生虫病,5618.389703264095,2359
108,0,人类免疫缺陷病毒[HIV]病造成的其他情况,2502.0055555555555,126
109,0,人类免疫缺陷病毒[HIV]病造成的其他特指的疾病,5682.510377358491,371
110,0,人类免疫缺陷病毒[HIV]病造成的恶性肿瘤,4802.311111111112,63
111,0,人类免疫缺陷病毒[HlV]的实验室证据,1835.478,175
112,0,企图流产失败	,604.5588888888889,126
113,0,"休克,不可归类在他处者",3186.5814006024098,4648
114,0,传导性和感音神经性听觉丧失,1290.4990217391305,2576
115,0,传染性单核细胞增多症,1160.0842376052385,7483
116,0,传染病和寄生虫病的特殊筛查,3215.5,21
117,0,传染病病原携带者,1450.8300000000002,140
118,0,伤寒和副伤寒,3327.6323076923077,91
119,0,低血压,1862.6538888888888,1134
120,0,体被的其他先天性畸形,3398.5,14
121,0,使用其他兴奋剂(包括咖啡因)引起的精神和行为障碍,552.725,56
122,0,使用多种药物和其他精神活性物质引起的精神和行为障碍,2844.620909090909,77
123,0,使用大麻类物质引起的精神和行为障碍,521.7600000000001,35
124,0,使用酒精引起的精神和行为障碍,1834.573951473137,4039
125,0,使用镇静剂或催眠剂引起的精神和行为障碍,996.3,7
126,0,使用阿片样物质引起的精神和行为障碍,982.4555555555556,63
127,0,"依赖于可启动机器和装置,不可归类在他处者",953.7833333333334,42
128,0,借助产钳和真空吸引器的单胎分娩	,1540.5,28
129,0,假临产	,884.9245411764705,2975
130,0,偏头痛,1685.69452975048,3647
131,0,偏瘫,1292.605573869834,57757
132,0,先天性晶状体畸形,1145.5038636363636,616
133,0,先天性梅毒,4584.0,21
134,0,先天性病毒性疾病,2174.06,35
135,0,先天性眼后段畸形,704.0,35
136,0,先天性肺炎,2664.664914011841,24829
137,0,先天性脑积水,7468.5,14
138,0,克罗恩病[局限性肠炎],2390.888345323741,2919
139,0,"入脑前动脉的闭塞和狭窄,未造成脑梗死",3536.987519019442,16562
140,0,全身性抗生素中毒,1000.9395,140
141,0,全身性硬皮病,2967.449904761905,735
142,0,全身炎症反应综合征,1113.225,28
143,0,其他B族维生素缺乏病,4124.708474576271,413
144,0,其他B细胞淋巴瘤[恶性免疫增生性疾病],6942.00909090909,77
145,0,其他丘疹鳞屑性疾患,1474.5,35
146,0,"其他主要为性传播的疾病,不可归类在他处者",1300.5372307692307,1365
147,0,其他产伤,1316.472,35
148,0,其他产科创伤	,1122.9975357710653,8806
149,0,其他产褥感染	,1203.9669105691057,861
150,0,其他代谢紊乱,1070.973088071349,6279
151,0,"其他以皮肤和粘膜损害为特征的病毒性感染,不可归类在他处者",568.3269292820651,26033
152,0,其他传导疾患,2585.70875,1848
153,0,其他传染性和未特指病因的胃肠炎和结肠炎,723.7533330570978,84469
154,0,"其他传染性病原体引起的肺炎,不可归类在他处者",1506.6400873362445,1603
155,0,其他先天性传染病和寄生虫病,3421.0,14
156,0,"其他先天性畸形,不可归类在他处者",1701.0663942307692,1456
157,0,其他免疫缺陷,2268.4777777777776,126
158,0,其他全身性抗感染药和抗寄生虫药中毒,1537.22,35
159,0,其他关节炎,686.5335882749326,20776
160,0,"其他关节疾患,不可归类在他处者",690.0617506631299,31668
161,0,其他关节病,1078.8955780164245,11081
162,0,其他内分泌疾患,1272.2049408284024,2366
163,0,其他内分泌腺和有关结构的恶性肿瘤,6221.04875,112
164,0,其他内部假体装置、植入物和移植物的并发症,1514.595081967213,1708
165,0,其他内部器官的烧伤和腐蚀伤,1668.557142857143,49
166,0,其他再生障碍性贫血,2562.460912990196,11424
167,0,其他凝血缺陷,2399.8021105527637,1393
168,0,其他分枝杆菌感染,4637.231315789474,532
169,0,其他功能性肠疾患,1641.1164975609754,7175
170,0,"其他动物源性细菌性疾病,不可归类在他处者",2282.1013513513512,259
171,0,其他动脉瘤,4196.5996231884055,2415
172,0,其他助产的单胎分娩	,652.3617647058824,119
173,0,其他医疗照顾,1848.781438672338,501935
174,0,其他协调缺乏,3158.7545454545457,231
175,0,其他单神经病,1129.056660899654,4046
176,0,其他原因不明确和未特指原因的死亡,940.4683333333332,84
177,0,"其他原虫性疾病,不可归类在他处者",2132.5,7
178,0,其他原虫性肠道疾病,4308.0,14
179,0,其他变形性背部病,3081.441343589744,6825
180,0,其他听觉丧失,1543.01246868476,13412
181,0,其他吸虫感染,2451.2966666666666,42
182,0,其他周围血管疾病,2304.093375,560
183,0,其他呼吸性疾患,870.0229648887973,271936
184,0,其他和不明确部位的恶性肿瘤,4289.362,1715
185,0,其他和不明确部位的继发性恶性肿瘤,5217.459489916963,5901
186,0,其他和原因不明的发热,2274.990625869263,5033
187,0,其他和未特指原因引起的脑膜炎,3718.8487499999997,168
188,0,其他和未特指原因所致的新生儿黄疸,1429.082819591103,31157
189,0,其他和未特指物质的毒性效应,1007.5144736842104,266
190,0,其他和未特指的传染病,1687.5246763754046,4326
191,0,其他和未特指的传染病和寄生虫病的后遗症,603.6353034300791,2653
192,0,其他和未特指的梅毒,1132.1205882352942,476
193,0,其他和未特指胸内器官损伤,3264.4025037936267,4613
194,0,其他和未特指部位的动态未定或动态未知的肿瘤,2883.002912912913,6993
195,0,其他和未特指部位的原位癌,3058.7799999999997,210
196,0,其他和未特指部位的良性肿瘤,2472.921592920354,3955
197,0,其他器官的结核,4925.727155963303,4578
198,0,其他围生期的消化系统疾患,2616.793943661972,994
199,0,其他围生期血液疾患,3291.3006060606062,231
200,0,其他坏死性血管病,3370.4256617647056,1904
201,0,其他外因的效应,2421.0345341614907,1127
202,0,其他外部物质引起的呼吸性情况,3177.930175438596,399
203,0,其他多神经病,2416.332182163188,3689
204,0,其他大疱性疾患,414.58876543209874,567
205,0,其他头痛综合征,2048.6957970505614,19936
206,0,其他女性盆腔炎性疾病	,738.3259425107548,71596
207,0,其他局限性结缔组织疾患,2719.3253333333337,105
208,0,其他幼年型骨软骨病,606.7418181818182,77
209,0,其他异常的子宫和阴道出血	,1196.2493417256753,26691
210,0,其他心境[情感]障碍,1815.9666666666665,21
211,0,其他心律失常,2798.196817975488,15421
212,0,其他心理发育障碍,2437.5,28
213,0,其他必要的预防措施,319.0,14
214,0,其他急性播散性脱髓鞘,3671.252076923077,910
215,0,其他急性病毒性肝炎,2457.665238095238,294
216,0,其他急性缺血性心脏病,1976.6562962962962,8883
217,0,其他性传播的衣原体疾病,476.82,35
218,0,其他慢性阻塞性肺病,1334.9733702012045,654409
219,0,其他手术后状态,604.0939965986395,4116
220,0,其他手术的随诊医疗,1036.8644725738397,4977
221,0,其他斜视,813.6066961651917,9492
222,0,其他无机物质的毒性效应,6900.692,70
223,0,其他无机粉尘引起的肺尘埃沉着病,646.8062068965518,203
224,0,"其他染色体异常,不可归类在他处者",2824.4285714285716,49
225,0,其他梗阻性分娩	,1132.4958602150539,1302
226,0,其他椎间盘疾患,875.4006020354907,536480
227,0,其他毛囊疾患,948.651923076923,364
228,0,其他气体、烟雾和蒸气的毒性效应,2074.505964912281,399
229,0,其他氨基酸代谢紊乱,2606.6000000000004,63
230,0,其他沙门菌感染,1661.9379478827361,2149
231,0,其他流产	,759.2938709677419,217
232,0,其他浅部真菌病,939.6612765957447,329
233,0,其他炎性肝脏疾病,4324.339117647059,4046
234,0,其他炎性脊椎病,2012.6300207900208,3367
235,0,其他焦虑障碍,2927.7746466244726,13272
236,0,其他特指的关节病,1091.5788110403396,3297
237,0,其他特指的关节紊乱,1320.125576923077,6188
238,0,其他特指的糖尿病,1782.967021276596,329
239,0,"其他猝死,原因不知",1298.2963333333332,210
240,0,其他甲状腺功能减退症,2003.630700389105,1799
241,0,其他疾病和情况个人史,853.75,42
242,0,其他疾病和疾患的特殊筛查,1515.9666666666667,21
243,0,"其他病毒性出血热,不可归类在他处者",2401.1751999999997,175
244,0,"其他病毒性疾病,不可归类在他处者",1393.1499999999999,14
245,0,"其他病毒性脑炎,不可归类在他处者",3477.15,14
246,0,其他病虫侵染,581.0,7
247,0,其他白内障,725.4612832353765,50022
248,0,其他白细胞疾患,3175.022988505747,609
249,0,其他的一般症状和体征,1979.6743478260871,805
250,0,其他的基底核变性疾病,4566.890606060606,231
251,0,"其他的性染色体异常,男性表型,不可归类在他处者",3104.0,7
252,0,其他皮炎,635.7295941807045,18284
253,0,其他皮肤改变,1598.4545454545455,77
254,0,其他皮肤棘层松解性疾患,3585.0,7
255,0,"其他真菌病,不可归类在他处者",9348.926666666666,63
256,0,其他矫形外科的随诊医疗,1222.7324428862248,92841
257,0,其他破伤风,8888.86,168
258,0,其他碳水化合物代谢紊乱,1770.3177777777778,126
259,0,其他神经症性障碍,1263.7489285714287,392
260,0,其他立克次体病,2390.085714285714,147
261,0,其他类风湿性关节炎,1542.2102778675282,21665
262,0,其他粘液囊病,1347.1768137782562,6503
263,0,其他红斑性情况,2173.0975609756097,287
264,0,"其他细菌性疾病,不可归类在他处者",4116.576938775511,343
265,0,其他细菌性肠道感染,1142.6896407185627,3507
266,0,"其他细菌性食物中毒,不可归类在他处者",3515.8500000000004,126
267,0,其他经寄生虫学证实的疟疾,825.0,7
268,0,其他结晶性关节病,1694.4750000000001,28
269,0,其他结缔组织和软组织恶性肿瘤,5597.541678832116,959
270,0,其他绦虫感染,3204.0,7
271,0,其他维生素缺乏病,4632.7,7
272,0,其他缺乏的效应,2432.7,7
273,0,其他肌病,2498.9286925795054,1981
274,0,其他肌腱端病,763.1505676442762,7399
275,0,其他肺源性心脏病,1288.3059692529425,29141
276,0,其他肾上腺疾患,3441.242233009709,1442
277,0,其他肾小管-间质疾病	,3249.2832421875,1792
278,0,"其他背部病,不可归类在他处者",624.5194105960264,10570
279,0,其他胸膜情况,2907.5902626459147,7196
280,0,其他脊椎病,1037.2288995181407,98784
281,0,其他脑神经疾患,2400.748671328671,1001
282,0,其他脑血管病,1350.467021138563,258958
283,0,其他脓毒病,5145.489239272727,48125
284,0,其他腹疝,3120.149255319149,658
285,0,"其他节肢动物媒介的病毒性发热,不可归类在他处者",488.44305555555553,252
286,0,其他营养元素缺乏,656.56,35
287,0,其他营养性贫血,3180.446587837838,2072
288,0,其他营养缺乏,358.73333333333335,21
289,0,其他营养过度,279.0,7
290,0,其他蚊媒介的病毒性发热,1330.0,7
291,0,其他螺旋体感染,1240.6333333333332,21
292,0,其他血清免疫学异常所见,1591.1,35
293,0,其他表皮肥厚,1452.4712068965518,406
294,0,其他装置的安装和调整,511.1688949843261,26796
295,0,其他视网膜疾患,797.5223991935484,17360
296,0,其他贫血,2035.4850920679885,19768
297,0,其他身体结构诊断性影像检查的异常所见,2331.973686746988,11620
298,0,"其他软组织疾患,不可归类在他处者",1015.1902685950413,13552
299,0,其他过度溶血引起的新生儿黄疸,1850.713818181818,385
300,0,其他遗传性溶血性贫血,3294.062156862745,357
301,0,其他部位的静脉曲张,1434.2895857988167,4732
302,0,其他锥体束外和运动疾患,2325.7816872427984,1701
303,0,其他间质性肺疾病,2277.8596093377796,14693
304,0,其他阑尾炎,1359.6616349809885,3682
305,0,其他静脉栓塞和血栓形成,2606.617777777778,693
306,0,其他非创伤性颅内出血,3752.279892156863,7140
307,0,其他非器质性精神病性障碍,3353.556666666667,105
308,0,其他非感染性胃肠炎和结肠炎,1070.5027911879413,66409
309,0,其他非毒性甲状腺肿,2594.1576639600253,11207
310,0,其他风湿性心脏病,1682.8732618025751,3262
311,0,其他骨软骨发育不良,1877.0167901234568,567
312,0,其他骨软骨病,1312.004918032787,427
313,0,其他麻痹[瘫痪]综合征,2032.8396992481205,2793
314,0,具有其他功能性植入物,979.9428571428572,245
315,0,具有其他装置,565.2,14
316,0,具有心脏和血管植入物和移植物,1001.2745238095239,294
317,0,内分泌腺其他和未特指的良性肿瘤,6351.023500866551,4039
318,0,内分泌腺动态未定或动态未知的肿瘤,3926.579195402299,1827
319,0,内服物质引起的皮炎,1254.9878996865204,2233
320,0,内耳的其他疾病,1457.9924999999998,140
321,0,内部矫形外科假体装置、植入物和移植物的并发症,2552.1059657320875,4494
322,0,再植和截断术所特有的并发症,1118.9665094339623,742
323,0,出生窒息,2404.5073410404625,1211
324,0,"出血,不可归类在他处者",2439.873472222222,504
325,0,分娩时会阴裂伤	,1049.6815916575192,25508
326,0,分娩的结局,1071.3333333333333,21
327,0,分离[转换]性障碍,1736.7962162162162,777
328,0,分类于他处的疾病引起的脑神经疾患,894.15,14
329,0,分裂型障碍,2989.0,7
330,0,分裂情感性障碍,5737.675,56
331,0,创伤的某些早期并发症,1492.7758863328822,5173
332,0,利什曼病,7657.240000000001,35
333,0,利尿剂和其他及未特指的药物、药剂和生物制品中毒,1119.1325607064018,3171
334,0,利斯特菌病,10232.816,70
335,0,刺激性接触性皮炎,770.1973770491804,427
336,0,前列腺增生	,2503.263732323232,41580
337,0,前列腺恶性肿瘤,4940.398815580286,8806
338,0,前列腺炎性疾病	,730.1968624641834,9772
339,0,前列腺的其他疾患	,1830.5770212765958,987
340,0,前庭功能疾患,1157.3849020475227,110768
341,0,前庭大腺[巴多林腺]疾病	,1042.5623350253807,5516
342,0,前置胎盘	,1758.175127118644,4956
343,0,前臂其他和未特指的损伤,1074.43,280
344,0,前臂创伤性切断,7729.17,42
345,0,前臂开放性伤口,1204.582733564014,2023
346,0,前臂挤压伤,1722.0766666666666,84
347,0,前臂浅表损伤,1066.510593607306,1533
348,0,前臂骨折,1414.0470861655338,70028
349,0,剥脱性皮炎,692.1076923076923,91
350,0,副银屑病[类银屑病],960.6142857142856,98
351,0,功能检查的异常结果,1680.6678861788619,1722
352,0,动脉和小动脉的其他疾患,3840.127186588921,4802
353,0,动脉栓塞和血栓形成,4617.615591836735,3430
354,0,动脉粥样硬化,3272.0672958257715,11571
355,0,包皮过长、包茎和嵌顿包茎	,305.3154149659864,36015
356,0,化脓性关节炎,1315.0114389989571,6713
357,0,化脓性和未特指的中耳炎,879.0916613290632,17486
358,0,医疗个人史,311.5111111111111,63
359,0,医疗性流产	,668.5447973960408,52689
360,0,十二指肠溃疡,2296.90982126899,15666
361,0,单核细胞白血病,6858.755641025641,273
362,0,单纯性和粘液脓性慢性支气管炎,796.4596380090499,3094
363,0,单胎顺产	,738.9095562130177,9464
364,0,卟啉和胆红素代谢紊乱,2455.4453333333336,420
365,0,卡波西肉瘤,2909.6666666666665,21
366,0,卵巢、输卵管和阔韧带先天性畸形,2615.8507142857143,98
367,0,卵巢、输卵管和阔韧带的非炎性疾患	,1905.5234256816184,15918
368,0,卵巢功能障碍,1725.3052173913045,161
369,0,卵巢恶性肿瘤,7174.805225375626,4193
370,0,卵巢良性肿瘤,2879.6537679083094,9772
371,0,原位黑色素瘤,1914.7783333333334,42
372,0,原有的高血压并发于妊娠、分娩和产褥期	,1746.4406923076924,910
373,0,"原有高血压性疾患,并发蛋白尿	",2456.5423762376236,707
374,0,双相情感障碍,5100.292923976608,1197
375,0,反应性关节病,2636.32,49
376,0,受压区褥疮,2272.780296735905,2359
377,0,受孕的其他异常产物	,859.965369261477,17535
378,0,变应性接触性皮炎,514.378220338983,15694
379,0,口其他和未特指部位的恶性肿瘤,5750.186627906977,602
380,0,"口区囊肿,不可归类在他处者",1465.8671824104235,4298
381,0,口和咽良性肿瘤,1593.6100000000001,3990
382,0,口咽恶性肿瘤,4925.608787878788,231
383,0,口底恶性肿瘤,6460.576111111111,126
384,0,口炎和有关损害,788.4567863984674,14616
385,0,口腔、食管和胃原位癌,3651.5422040816325,1715
386,0,口腔和消化器官动态未定或动态未知的肿瘤,2746.389823462415,12292
387,0,可归类在他处的孕产妇的传染病和寄生虫病并发于妊娠、分娩和产褥期	,1244.438656462585,4116
388,0,可归类在他处的孕产妇的其他疾病并发于妊娠、分娩和产褥期	,1232.0915993707395,40047
389,0,叶酸盐缺乏性贫血,3145.7695918367344,343
390,0,后天性溶血性贫血,4006.2397727272723,924
391,0,后天性纯红细胞再生障碍[幼红细胞减少症],2784.575909090909,616
392,0,吞咽困难,1461.5556428571429,980
393,0,含硅[矽]粉尘引起的肺尘埃沉着病,1046.9229090909091,5005
394,0,吸入化学制剂、气体、烟雾和蒸气引起的呼吸性情况,1520.6666666666667,84
395,0,周围循环系统的其他先天性畸形,1900.9235582822084,1141
396,0,周围神经和自主神经系统恶性肿瘤,6555.916,35
397,0,呼吸和消化器官的继发性恶性肿瘤,4678.270063829787,9870
398,0,呼吸器官和胸腔标本的异常所见,2598.87,7
399,0,呼吸异常,1360.3606134969325,2282
400,0,呼吸系统和胸腔内器官其他和不明确部位的恶性肿瘤,5271.16,70
401,0,"呼吸衰竭,不可归类在他处者",2898.53325326101,54201
402,0,呼吸道内异物,2175.597090909091,770
403,0,呼吸道出血,1258.6898093058735,9177
404,0,呼吸道烧伤和腐蚀伤,23405.138333333336,42
405,0,"呼吸道结核,未经细菌学或组织学所证实",3680.1197117619713,15057
406,0,"呼吸道结核,经细菌学和组织学证实",4241.468670236502,15687
407,0,咳嗽,1159.4875073313783,2387
408,0,咽下部恶性肿瘤,4823.981833333333,420
409,0,咽痛和胸痛,1341.47874617737,4578
410,0,咽鼓管炎和阻塞,704.35,42
411,0,咽鼓管的其他疾患,972.025,28
412,0,哮喘,1226.4724114796868,18781
413,0,哮喘持续状态,1449.9560456942004,3983
414,0,唇、口腔和咽其他和部位不明的恶性肿瘤,5157.317123287671,511
415,0,唇及口腔粘膜的其他疾病,1174.0269473684211,2660
416,0,唇恶性肿瘤,2869.112,140
417,0,唇裂,824.7273170731708,287
418,0,唐氏综合征[先天愚型],84.46923076923076,182
419,0,喉先天性畸形,1131.02,14
420,0,喉恶性肿瘤,4825.2278504672895,1498
421,0,嗅觉和味觉障碍,17.2,7
422,0,嗜眠、木僵和昏迷,3448.6928684210525,2660
423,0,嘌呤和嘧啶代谢紊乱,757.8981914893617,658
424,0,"器官后天性缺失,不可归类在他处者",1962.3613636363639,154
425,0,器官和组织的供者,1957.280909090909,924
426,0,器官和组织移植状态,693.1833333333334,42
427,0,"器质性遗忘综合征,非由酒精和其他精神活性物质所致",1719.0,7
428,0,囊性肾病,2022.5314545454546,385
429,0,囊虫病[囊尾蚴病],3826.590909090909,77
430,0,四肢其他后天性变形,2284.5380534351143,1834
431,0,四肢后天性缺失,1517.5187999999998,175
432,0,四肢的其他先天性畸形,1505.6866666666667,147
433,0,四肢骨和关节软骨恶性肿瘤,4424.701578947369,266
434,0,固体和液体引起的肺炎,4356.123151515152,1155
435,0,在其他情况下与保健机构接触的人,101.91971830985915,497
436,0,在前臂水平的神经损伤,1192.4651428571428,490
437,0,在前臂水平的肌肉和肌腱损伤,867.8164390243903,1435
438,0,在前臂水平的血管损伤,1281.4983443708609,1057
439,0,在小腿水平的神经损伤,1585.7968253968254,441
440,0,在小腿水平的肌肉和肌腱损伤,1509.352729468599,2898
441,0,在小腿水平的血管损伤,3210.2738532110093,763
442,0,在肩和上臂水平的神经损伤,1185.9717777777778,315
443,0,在肩和上臂水平的肌肉和肌腱损伤,1633.8049734684032,14511
444,0,在肩和上臂水平的血管损伤,1879.9840000000002,175
445,0,在胸水平的神经和脊髓损伤,2869.5358333333334,84
446,0,在腕和手水平的关节和韧带脱位、扭伤和劳损,1107.7550662251656,2114
447,0,在腕和手水平的神经损伤,986.8829999999999,1330
448,0,在腕和手水平的肌肉和肌腱损伤,952.938309859155,6461
449,0,在腕和手水平的血管损伤,1091.1602828618968,4207
450,0,在腕和手水平的骨折,1184.486220971147,19894
451,0,在腹、下背和骨盆水平的神经和腰部脊髓损伤,2289.1730188679244,371
452,0,在腹、下背和骨盆水平的血管损伤,7723.341666666666,84
453,0,在踝和足水平的关节和韧带脱位、扭伤和劳损,1288.2393023255813,7525
454,0,在踝和足水平的神经损伤,1369.5633333333333,126
455,0,在踝和足水平的肌肉和肌腱损伤,1119.4478632478633,1638
456,0,在踝和足水平的血管损伤,1430.0813846153846,910
457,0,在颈水平的关节和韧带脱位、扭伤和劳损,1846.8391891891893,1554
458,0,在颈水平的神经和脊髓损伤,5186.852296650718,1463
459,0,在颈水平的肌肉和肌腱损伤,1112.4199999999998,140
460,0,在颈水平的血管损伤,6424.5,28
461,0,在髋和大腿水平的神经损伤,1686.557619047619,147
462,0,在髋和大腿水平的肌肉和肌腱损伤,2019.6105084745761,1239
463,0,在髋和大腿水平的血管损伤,1491.6072222222224,126
464,0,地中海贫血,950.0457593123209,2443
465,0,"坏疽,不可归类在他处者",2252.978125,112
466,0,坏疽性脓皮症,3442.2,70
467,0,垂体功能亢进,2684.199777777778,315
468,0,垂体功能减退和其他疾患,3962.193779069767,1204
469,0,埋伏牙和阻生牙,992.3851515151515,462
470,0,"声带和喉疾病,不可归类在他处者",1377.048992985972,27944
471,0,复发性和持续性血尿,3177.9506181818183,1925
472,0,复发性抑郁障碍,4249.273985765124,1967
473,0,外分泌汗腺疾患,1012.75,56
474,0,外因的其他和未特指效应的后遗症,785.0436363636364,462
475,0,外眼异物,826.361851851852,756
476,0,外耳炎,914.7878196347032,6132
477,0,外耳的其他疾患,1000.7096411483254,5852
478,0,外部假体装置的安装和调整,897.697,140
479,0,外阴和会阴的其他非炎性疾患	,919.5646456692913,3556
480,0,外阴恶性肿瘤,5168.531282051282,273
481,0,多个心瓣膜疾病,9187.221896907216,3395
482,0,多关节病,2482.950415944541,4039
483,0,多动性障碍,342.22285714285715,980
484,0,多发性和未特指部位的急性上呼吸道感染,492.40633424230623,89845
485,0,多发性硬化,4427.38987012987,539
486,0,多发性骨髓瘤和恶性浆细胞肿瘤,4622.730472972972,4144
487,0,多尿,1291.7124999999999,56
488,0,多形性红斑,2381.109382022472,1246
489,0,多形核中性粒细胞的功能紊乱,2207.3333333333335,21
490,0,多指[趾]畸形,1135.5350638297873,1645
491,0,多汗症,1580.8377380952381,588
492,0,多胎分娩	,700.25,14
493,0,多胎妊娠	,2338.594456928839,1869
494,0,大便失禁,1209.8333333333333,42
495,0,大动脉先天性畸形,6342.624251497006,1169
496,0,大涎腺其他和未特指的恶性肿瘤,4619.817647058824,119
497,0,大涎腺良性肿瘤,2485.8312647058824,2380
498,0,大疱性表皮松解症,2248.0840000000003,70
499,0,大肠先天性缺如、闭锁和狭窄,7068.945000000001,140
500,0,"大脑动脉的闭塞和狭窄,未造成脑梗死",3127.1890179414545,7413
501,0,大脑性瘫痪[脑瘫],260.7131677852349,5215
502,0,大静脉先天性畸形,7058.79,63
503,0,天疱疮,1733.553103448276,406
504,0,头、面、脊柱和胸的先天性肌肉骨骼变形,1834.0025570776256,1533
505,0,头和颈烧伤和腐蚀伤,1148.728086124402,1463
506,0,头晕和眩晕,1035.4663241915678,17101
507,0,头痛,1495.8522659176028,3738
508,0,头的部分创伤性切断,1471.9379111111111,1575
509,0,头皮产伤,1398.4888888888888,126
510,0,头部关节和韧带脱位、扭伤和劳损,855.0142857142858,98
511,0,头部其他和未特指的损伤,971.0144804318489,5187
512,0,头部开放性伤口,1060.4135964310226,20398
513,0,头部挤压伤,430.4,7
514,0,头部损伤后遗症,1039.4986259541984,917
515,0,头部浅表损伤,1061.4645037292025,12201
516,0,夸希奥科病[恶性营养不良病],554.75,7
517,0,女性不孕症	,973.78864,4375
518,0,女性生殖器官其他和未特指的恶性肿瘤,6977.866851851852,378
519,0,女性生殖器官其他和未特指的良性肿瘤,2351.4077941176474,476
520,0,女性生殖器官动态未定或动态未知的肿瘤,3299.199186440678,2065
521,0,女性生殖器官标本的异常所见,1054.125,28
522,0,女性生殖器的其他先天性畸形,1461.05,266
523,0,女性生殖器脱垂	,2428.590383502171,9674
524,0,女性生殖道息肉	,1389.8956624246484,52255
525,0,妊娠[妊娠引起的]水肿和蛋白尿不伴有高血压	,1342.6853846153845,91
526,0,"妊娠[妊娠引起的]高血压,不伴有有意义的蛋白尿	",1729.012797527048,4529
527,0,"妊娠[妊娠引起的]高血压,伴有有意义的蛋白尿	",2741.9815724381624,3962
528,0,妊娠早期出血	,841.0916216216216,11396
529,0,妊娠期剧吐	,644.3011430990686,8267
530,0,妊娠期泌尿生殖道的感染	,1362.3645811518325,2674
531,0,妊娠期糖尿病	,1331.130847400405,20734
532,0,妊娠期营养不良	,420.09999999999997,14
533,0,妊娠期静脉并发症	,1384.7860869565218,161
534,0,妊娠检查和检验,3106.9019999999996,280
535,0,子宫体恶性肿瘤,6571.27823943662,3976
536,0,子宫其他良性肿瘤,2785.8498680738785,2653
537,0,"子宫其他非炎性疾患,除外宫颈	",1425.2932412177986,14945
538,0,子宫内低氧症,2524.725,28
539,0,子宫内膜异位症	,2656.5110203094778,14476
540,0,子宫和宫颈先天性畸形,1416.825625,448
541,0,子宫平滑肌瘤,2742.485542546519,33481
542,0,"子宫炎性疾病,除外宫颈	",1238.070587529976,5838
543,0,子宫部位未特指的恶性肿瘤,3905.1296666666667,420
544,0,子痫	,2194.2,56
545,0,孕产妇产前筛查的异常所见	,1213.9613157894737,798
546,0,孢子丝菌病,7312.5,28
547,0,孤立性蛋白尿,2289.9925925925922,378
548,0,孤立性蛋白尿伴有特指的形态学损害	,4393.95,28
549,0,宫颈其他非炎性疾患	,921.089945652174,2576
550,0,宫颈原位癌,2605.2892419080067,8218
551,0,宫颈发育不良	,1544.5905528612996,7217
552,0,宫颈恶性肿瘤,5054.728925992779,7756
553,0,宫颈炎性疾病	,935.1665573770492,3843
554,0,宫颈糜烂和外翻	,745.5392857142857,1078
555,0,对人工造口的维护,1429.3644898753894,17976
556,0,"对精神有影响的药物中毒,不可归类在他处者",1129.6188679245283,1855
557,0,导致劳动能力丧失的某些伤残和慢性疾病家族史,204.3904761904762,147
558,0,小肠先天性缺如、闭锁和狭窄,19118.64285714286,49
559,0,小肠恶性肿瘤,7503.187987421384,1113
560,0,小腿(包括踝)骨折,2342.0500060380396,69559
561,0,小腿其他和未特指的损伤,1088.3659139784945,651
562,0,小腿创伤性切断,8239.653333333334,42
563,0,小腿开放性伤口,1324.2064594594594,5180
564,0,小腿挤压伤,2105.2333333333336,273
565,0,小腿浅表损伤,1117.9983241455348,6349
566,0,尿布皮炎,958.25,14
567,0,尿潴留,928.6440928270042,3318
568,0,尿的其他异常所见,4527.0,28
569,0,尿道下裂,1002.7755000000001,840
570,0,尿道排出物,258.6,7
571,0,尿道炎和尿道综合征	,494.47222935779814,7630
572,0,尿道狭窄	,1939.1876923076923,1820
573,0,尿道的其他疾患	,1462.0696857142857,2450
574,0,局部多脂症,896.8571304347826,805
575,0,"局限于皮肤的血管炎,不可归类在他处者",1401.0467532467533,539
576,0,屈光和调节疾患,208.0454255319149,2632
577,0,巨细胞病毒病,7791.738695652173,161
578,0,巩膜疾患,1152.6617948717949,273
579,0,巴尔通体病,137.2,7
580,0,布氏菌病,4321.652222222222,315
581,0,帕金森病,2889.679311957248,10479
582,0,带状疱疹,847.8954759898904,83090
583,0,"常染色体的单体性和缺失,不可归类在他处者",1054.5666666666666,21
584,0,常见变异型免疫缺陷,181.0,7
585,0,并指[趾]畸形,1068.099328358209,938
586,0,幼年型关节炎,3266.699047619047,735
587,0,幼年型髋关节和骨盆骨软骨病,4129.5,28
588,0,库欣综合征[皮质醇增多症],3881.575,168
589,0,异位妊娠	,1304.1196937856498,23317
590,0,异常的不随意运动,2503.350306122449,686
591,0,异常的步态和移动,2861.9327586206896,406
592,0,弓形虫病[弓形体病],2369.0,21
593,0,引产失败	,1663.6868571428572,245
594,0,引起听力缺陷的耳先天性畸形,1354.46,70
595,0,张力失常,1936.0783703703705,4725
596,0,弥漫性[综合性]发育障碍,185.1651376146789,1526
597,0,强直性脊柱炎,2174.4621760391196,2863
598,0,强迫性障碍,4302.6075,280
599,0,影响多系统的其他特指先天性畸形综合征,2143.6625,56
600,0,循环系统其他和未特指的疾患,2175.8791666666666,84
601,0,循环系统的其他先天性畸形,4469.192614840989,1981
602,0,"循环系统的操作后疾患,不可归类在他处者",1893.7240775681344,6678
603,0,心力衰竭,2118.4438899591223,148981
604,0,心包的其他疾病,4875.245963855421,1162
605,0,心房纤颤和扑动,3646.690461236506,14266
606,0,心绞痛,2811.343018090222,91707
607,0,心肌病,2983.4740632911394,11060
608,0,心脏、纵隔和胸膜恶性肿瘤,6185.595967741935,434
609,0,心脏停搏,2132.0694240837697,1337
610,0,心脏和血管假体装置、植入物和移植物的并发症,2266.543217158177,2611
611,0,心脏损伤,5434.875,28
612,0,心脏搏动异常,1378.1161145510837,4522
613,0,心脏病的并发症和不明确表述,1604.8744221879815,4543
614,0,心脏的其他先天性畸形,2901.024165202109,3983
615,0,心腔和心连接的先天性畸形,4888.6793333333335,105
616,0,心间隔先天性畸形,4493.2901696712615,6601
617,0,念珠菌病,6669.257259100643,3269
618,0,急性乙型肝炎,1897.7685106382978,329
619,0,急性出血后贫血,3146.6834782608694,322
620,0,急性和亚急性心内膜炎,3510.495241935484,868
621,0,急性咽炎,511.5393217535153,16926
622,0,急性喉炎和气管炎,641.570696044066,13979
623,0,急性心包炎,3835.47358974359,273
624,0,急性心肌梗死,4139.322386934674,27860
625,0,急性心肌梗死后的某些近期并发症,7223.106000000001,35
626,0,急性心肌炎,3500.2871489361705,1645
627,0,急性扁桃体炎,567.9410202464788,159040
628,0,急性支气管炎,612.8228817050946,265041
629,0,急性梗阻性喉炎[哮吼]和会厌炎,1021.1215374331551,5236
630,0,急性淋巴结炎,865.5605251141552,6132
631,0,急性甲型肝炎,3050.9285714285716,49
632,0,急性细支气管炎,567.550204903037,19131
633,0,急性而短暂的精神病性障碍,4542.534722222223,252
634,0,急性肾小管-间质肾炎	,1736.855395377129,11508
635,0,急性肾炎综合征,1216.0578761061947,791
636,0,急性肾衰竭	,4129.727253968254,4410
637,0,急性胰腺炎,2760.9805913589184,58002
638,0,急性阑尾炎,1814.5152194503735,104944
639,0,急性鼻咽炎[感冒],533.2064015151516,1848
640,0,急性鼻窦炎,643.0984626234133,4963
641,0,急进型肾炎综合征,7817.653333333334,189
642,0,性偏好障碍,359.0,7
643,0,性别不清和假两性畸形,1510.0,7
644,0,"性功能障碍,非由器质性障碍或疾病引起",1268.6545454545453,77
645,0,性身份障碍,1422.0,7
646,0,恢复期,1346.8965351812367,6566
647,0,恶心和呕吐,1159.07,1274
648,0,恶性疟原虫疟疾,1987.8846153846155,91
649,0,恶性肿瘤个人史,928.5427083333333,672
650,0,恶性肿瘤治疗后的随诊检查,2818.0628891605543,17178
651,0,恶病质,1311.8832352941176,714
652,0,"惊厥,不可归类在他处者",1392.2759814528592,9058
653,0,慢性单纯性苔癣和痒疹,840.2069364161849,1211
654,0,慢性喉炎和喉气管炎,1138.9187209302327,602
655,0,慢性暴露于非电离辐射下引起的皮肤改变,1183.4969696969697,693
656,0,慢性病毒性肝炎,2157.6004292343387,6034
657,0,慢性缺血性心脏病,1956.3156267099864,245616
658,0,"慢性肝炎,不可归类在他处者",2215.081739130435,161
659,0,慢性肾小管-间质肾炎	,1231.4283333333333,336
660,0,慢性肾炎综合征	,4021.871983122363,3318
661,0,慢性肾病	,3039.2322603152725,81263
662,0,慢性鼻炎、鼻咽炎和咽炎,924.795292353823,4669
663,0,慢性鼻窦炎,1341.7484567901236,30618
664,0,成人人格和行为的其他障碍,2353.5,21
665,0,成人人格和行为障碍,1829.8,7
666,0,成人型呼吸窘迫综合征,6067.506231884058,483
667,0,成人骨软化症,117.8,7
668,0,成熟T/NK细胞淋巴瘤,8899.55768292683,574
669,0,成纤维细胞疾患,1449.406040044494,6293
670,0,截瘫和四肢瘫,2169.2942764015647,5369
671,0,房室传导阻滞和左束支传导阻滞,3871.491056661562,4571
672,0,扁平苔癣,2281.2,77
673,0,扁桃体周脓肿,1128.976821086262,4382
674,0,扁桃体和腺样体慢性疾病,1362.0984808687967,55433
675,0,扁桃体恶性肿瘤,4506.446764705883,238
676,0,手指和脚趾的后天性变形,812.2615636363637,1925
677,0,"手术和医疗的其他并发症,不可归类在他处者",2072.9477906976745,602
678,0,抑郁发作,3898.7955859375,7168
679,0,抗体缺陷为主的免疫缺陷,377.62103448275866,406
680,0,抽动障碍,887.6890322580645,434
681,0,持久的妄想性障碍,3327.1805555555557,126
682,0,持久的心境[情感]障碍,5318.041176470589,119
683,0,按照出生地点划分活产婴儿,1235.5,42
684,0,接合菌病,12060.884,70
685,0,接触和暴露于传染病,1988.0,7
686,0,摄入海产品-中有害物质的毒性效应,6996.340000000001,7
687,0,摄入食物中其他有害物质的毒性效应,1185.7866666666666,9534
688,0,播散性血管内凝血[去纤维蛋白综合征],2744.2645454545454,77
689,0,"操作后内分泌和代谢紊乱,不可归类在他处者",2036.6636363636364,77
690,0,"操作后的呼吸性疾患,不可归类在他处者",3174.444363636364,385
691,0,"操作后肌肉骨骼疾患,不可归类在他处者",4127.655,490
692,0,"操作并发症,不可归类在他处者",1372.542683438155,10017
693,0,支气管和肺恶性肿瘤,5747.437180533751,66885
694,0,支气管扩张(症),1918.4522228670924,24122
695,0,"支气管炎,未特指为急性或慢性",478.59985501155705,33313
696,0,支链氨基酸代谢和脂肪酸代谢紊乱,2678.55,14
697,0,放射性皮炎,978.1105263157895,133
698,0,放线菌病,2708.825,28
699,0,斑疹伤寒,1179.0095,420
700,0,"斑痣性错构瘤病,不可归类在他处者",3869.5877272727275,1232
701,0,斑秃,2276.4,7
702,0,新生儿其他体温调节障碍,1111.5733333333333,105
703,0,新生儿其他出血,2107.9672,350
704,0,新生儿其他暂时性内分泌疾患,5582.25,14
705,0,新生儿其他暂时性电解质和代谢紊乱,3912.5873913043483,322
706,0,新生儿其他肠梗阻,2678.2,140
707,0,新生儿吸入综合征,2509.8445535714286,1568
708,0,新生儿呼吸窘迫,5687.540336391437,4578
709,0,新生儿喂养问题,2159.6608,350
710,0,新生儿惊厥,7189.824285714286,98
711,0,新生儿的其他大脑障碍,8258.686545454546,385
712,0,新生儿细菌性脓毒症,4321.881161825726,3374
713,0,新生儿脐带出血,598.1,7
714,0,新生儿脐炎伴或不伴轻度出血,1927.15,210
715,0,无主诉或诊断报告的人接受的一般性检查和调查,1227.9364406779662,826
716,0,无主诉或诊断报告的人接受的其他特殊检查和调查,588.9805555555556,252
717,0,无尿和少尿,992.0,14
718,0,无月经、月经过少和月经稀少	,1262.845,280
719,0,无症状的人类免疫缺陷病毒[HIV]感染状态,1085.5,14
720,0,无眼、小眼和巨眼畸形,850.75,14
721,0,早产	,1029.2273745410037,11438
722,0,早期梅毒,723.7875,56
723,0,晒斑[晒伤],1272.8,28
724,0,晕厥和虚脱,2552.3696196049746,9569
725,0,晚期梅毒,3317.623188405797,483
726,0,晶状体的其他疾患,981.0224747474747,1386
727,0,曲霉病,5912.726779026217,3738
728,0,月经过多、月经频繁和月经不规则	,919.5694444444445,756
729,0,有关食物和液体摄取的症状和体征,1553.9282183908047,1218
730,0,"有害效应,不可归类在他处者",1587.0019241982507,2401
731,0,有机溶剂的毒性效应,1093.9535714285714,98
732,0,有机粉尘引起的过敏性肺炎,3236.7742857142857,49
733,0,未特指的乳房肿块	,1219.9869142857142,6125
734,0,未特指的人类免疫缺陷病毒[HIV]病,1655.294976744186,1505
735,0,未特指的以皮肤和粘膜损害为特征的病毒性感染,753.3,70
736,0,未特指的器质性或症状性精神障碍,3879.8077979274613,2702
737,0,未特指的多处损伤,1183.3957868020304,1379
738,0,未特指的孕产妇高血压	,1412.5756,175
739,0,未特指的寄生虫病,2554.572222222222,126
740,0,未特指的尿失禁,1131.1068181818182,154
741,0,未特指的心境[情感]障碍,6271.920689655172,609
742,0,未特指的急性下呼吸道感染,908.5072484076434,5495
743,0,未特指的慢性支气管炎,632.1495891220809,118405
744,0,未特指的接触性皮炎,794.1800352112675,1988
745,0,未特指的流产	,775.7821276595745,658
746,0,未特指的疟疾,2003.625,28
747,0,未特指的病毒性肝炎,2534.52,35
748,0,未特指的病毒性脑炎,4624.919248554913,2422
749,0,未特指的痴呆,2928.4413571428568,980
750,0,未特指的真菌病,4442.6775956284155,8967
751,0,未特指的精神发育迟缓,562.4580732700136,5159
752,0,未特指的精神障碍,3889.2833333333333,903
753,0,未特指的糖尿病,1433.2204952830189,8904
754,0,未特指的肠道寄生虫病,1735.5,14
755,0,未特指的肺尘埃沉着病,1862.253205128205,546
756,0,未特指的肾挛缩	,3720.836470588235,119
757,0,未特指的肾炎综合征	,2322.3514285714286,2156
758,0,未特指的肾绞痛	,658.8311877394636,3654
759,0,未特指的肾衰竭	,2637.153222116301,7343
760,0,未特指的腹疝,4424.433076923077,637
761,0,未特指的蛋白质-能量营养不良,1430.487094017094,1638
762,0,未特指的血尿,1672.3857407407406,2646
763,0,未特指的重度蛋白质-能量营养不良,2029.0525000000002,1232
764,0,未特指的阑尾炎,818.7812809917356,1694
765,0,未特指的非器质性精神病,4406.907692307692,91
766,0,未特指的黄疸,2595.7691379310345,406
767,0,未特指细胞类型的白血病,3201.9692,525
768,0,未特指部位的病毒性感染,923.8554605263157,2128
769,0,未特指部位的细菌性感染,1702.313877952756,14224
770,0,未达到预期正常生理发育水平,648.8539337474119,3381
771,0,杀虫剂的毒性效应,1525.914399008674,5649
772,0,极重度精神发育迟缓,1059.20625,56
773,0,某些其他疾病个人史,512.3692173913043,805
774,0,核黄疸,3394.965833333333,84
775,0,根据体表累及范围分类的烧伤,219.3,14
776,0,梗阻性和反流性尿路病	,1392.7604162505913,266378
777,0,梨状窦恶性肿瘤,6791.426799999999,175
778,0,棘球蚴病,7635.990136986301,1022
779,0,植入装置的调整和管理,2016.7577824858759,4956
780,0,正常妊娠监督,980.8217585301837,2667
781,0,母体骨盆异常引起的梗阻性分娩	,1466.4557805907173,1659
782,0,毛细血管疾病,2400.371111111111,63
783,0,气压和水压的效应,1413.5100757575758,924
784,0,气管和支气管先天性畸形,3729.0,7
785,0,气管恶性肿瘤,7062.787499999999,28
786,0,气胸,1915.9878088803089,7252
787,0,水痘,663.3477450980392,4284
788,0,"水肿,不可归类在他处者",1635.943046116505,5768
789,0,泌尿器官其他和未特指的恶性肿瘤,4633.235483870968,217
790,0,泌尿器官动态未定或动态未知的肿瘤,2681.6376470588234,2023
791,0,泌尿器官良性肿瘤,4768.683134328358,469
792,0,泌尿生殖系假体装置、植入物和移植物的并发症,1071.9837077426391,6419
793,0,"泌尿生殖系统的操作后疾患,不可归类在他处者	",1252.4706896551725,1624
794,0,泌尿生殖道内异物,1651.5766666666666,189
795,0,泌尿系和盆腔器官损伤,3296.4841588785043,1498
796,0,泌尿系统的其他先天性畸形,2067.451891891892,259
797,0,泌尿系统的其他疾患	,1025.972357247438,66934
798,0,泪器系疾患,1011.8833089005235,6685
799,0,流产、异位妊娠和葡萄胎妊娠后的并发症	,1147.389847094801,2289
800,0,流感嗜血杆菌性肺炎,1711.3446421536441,10661
801,0,"流行性感冒,病毒未标明",757.1724050632912,1659
802,0,流行牲腮腺炎,547.425,210
803,0,浅表冻伤,149.0,7
804,0,消化不良,1454.9042063492063,2646
805,0,消化器官其他和不明确的恶性肿瘤,2991.1632352941174,238
806,0,消化器官其他和未特指的原位癌,4124.123962848297,2261
807,0,消化系统其他和不明确部位的良性肿瘤,4272.400016778523,4172
808,0,消化系统的其他先天性畸形,3174.9905555555556,126
809,0,消化系统的其他疾病,2108.002730671813,58037
810,0,"消化系统的操作后疾患,不可归类在他处者",2148.0035135135136,4662
811,0,消化道内异物,1348.031675,2800
812,0,消瘦性夸希奥科病,1633.0,14
813,0,涉及使用康复操作的医疗,1530.5551616915423,5628
814,0,"涉及免疫机制的其他疾患, 不可归类在他处者",5019.280625,112
815,0,涉及多个和未特指身体部位损伤的后遗症,384.08888888888885,126
816,0,涉及整形手术的随诊医疗,2783.741153846154,2002
817,0,涉及透析的医疗,1230.6543049327354,4683
818,0,涎腺疾病,1228.400576923077,5460
819,0,液体-电解质及酸碱平衡的其他紊乱,1407.778133748056,9002
820,0,淀粉样变,3977.5572222222218,378
821,0,淋巴、造血和有关组织其他和未特指的恶性肿瘤,2720.1033333333335,42
822,0,淋巴、造血和有关组织动态未定或动态未知的其他肿瘤,5675.751654411765,1904
823,0,淋巴样白血病,8344.97738317757,2247
824,0,淋巴管和淋巴结的其他非感染性疾患,2258.428403361345,833
825,0,淋巴结增大,2717.437227722772,3535
826,0,淋巴结继发性和未特指的恶性肿瘤,4931.271041095891,2555
827,0,淋球菌感染,748.3146774193549,434
828,0,混合性特定性发育障碍,88.5,91
829,0,溃疡性结肠炎,1640.232655538695,4613
830,0,滑膜和肌腱的其他疾患,995.049922202274,11697
831,0,滑膜和肌腱的自发性破裂,1414.6779166666665,168
832,0,滑膜炎和腱鞘炎,819.6557464871195,23912
833,0,滞产	,1862.3840259740261,1617
834,0,滤泡性淋巴瘤,6776.752173913043,483
835,0,滴虫病[毛滴虫病],606.3409090909091,154
836,0,"激素类及其合成代用品和拮抗剂中毒,不可归类在他处者",700.7744444444445,126
837,0,炎性多神经病,5057.405481481481,945
838,0,炭疽,699.9304347826087,161
839,0,烟酸缺乏[糙皮病],4138.0,7
840,0,烧伤、腐蚀伤和冻伤后遗症,774.640625,112
841,0,"烧伤和腐蚀伤,身体部位未特指",840.4267333333332,1050
842,0,热和光的效应,1165.2588451086958,5152
843,0,煤炭工肺尘埃沉着病,715.3466318537859,5362
844,0,牙发育和出牙疾患,704.942962962963,378
845,0,牙面畸形[包括错颌],1353.3899999999999,2821
846,0,牙髓和根尖周组织疾病,539.2945798319328,4998
847,0,牙齿及支持结构的其他疾患,990.0598314606742,1246
848,0,牙龈和无牙牙槽嵴的其他疾患,1253.1367669172932,931
849,0,牙龈恶性肿瘤,4441.980930232558,301
850,0,特发于围生期的其他感染,2719.5691214470285,2709
851,0,特发于多胎妊娠的并发症	,1791.3233333333333,315
852,0,特发于童年的情绪障碍,3286.2274193548387,434
853,0,特发于胎儿和新生儿体被的其他情况,1116.442857142857,196
854,0,特发于胎儿和新生儿的暂时性碳水化合物代谢紊乱,2139.292572815534,1442
855,0,特发性(原发性)高血压,1926.5443072289158,46480
856,0,特定性学习技能发育障碍,22.2,14
857,0,特定性言语和语言发育障碍,56.343835616438355,511
858,0,特定性运动功能发育障碍,3875.5,14
859,0,特应性皮炎,923.4862588652483,3948
860,0,特异性人格障碍,3327.6666666666665,42
861,0,特指细胞类型的其他白血病,6215.917647058823,119
862,0,"特纳综合征[性腺发育障碍症][45,X综合征]",1973.75,14
863,0,狂犬病,3396.0,7
864,0,独立(原发)多个部位的恶性肿瘤,11349.483333333334,21
865,0,猩红热,636.7702777777778,1008
866,0,玫瑰糠疹,939.1300000000001,280
867,0,玻璃体疾患,1257.9283720930232,6321
868,0,瓣膜未特指的心内膜炎,1988.3381387478848,4137
869,0,生殖器官其他和未特指的原位癌,2600.473023255814,301
870,0,"生物力学损害,不可归类在他处者",4058.5422222222223,315
871,0,生育问题,707.7552857142857,490
872,0,由衣原体引起的其他疾病,958.7314285714285,98
873,0,甲状旁腺功能亢进症和甲状旁腺的其他疾患,4319.176811594202,483
874,0,甲状旁腺功能减退症,1420.0675,140
875,0,甲状腺恶性肿瘤,4323.088091570389,16359
876,0,甲状腺毒症[甲状腺功能亢进症],2120.086236641221,9170
877,0,甲状腺炎,2193.659962264151,1855
878,0,甲状腺的其他疾患,2450.7819254658384,1127
879,0,甲状腺良性肿瘤,3323.9779249999997,2800
880,0,甲疾患,612.3548979591837,343
881,0,男性不育症	,977.1758620689656,203
882,0,男性生殖器官其他和未特指的恶性肿瘤,2788.2555555555555,63
883,0,男性生殖器官动态未定或动态未知的肿瘤,1964.0709803921568,714
884,0,男性生殖器官标本的异常所见,226.5,14
885,0,"男性生殖器官炎性疾患,不可归类在他处者	",1337.0213888888889,1260
886,0,男性生殖器官的其他先天性畸形,959.5402899159665,16660
887,0,男性生殖器官的其他疾患	,1545.3902164502165,1617
888,0,男性生殖器官良性肿瘤,1716.2546666666665,210
889,0,疥疮,264.85277777777776,252
890,0,疱疹病毒[单纯疱疹]感染,1080.6184329896907,3395
891,0,"疼痛,不可归类在他处者",1352.7377882352941,2975
892,0,病毒性和其他特指的肠道感染,800.4440506329114,1106
893,0,病毒性疣,1075.1077777777778,315
894,0,病毒性结膜炎,682.5768888888889,315
895,0,"病毒性肺炎,不可归类在他处者",1542.4648479532163,11970
896,0,病毒性脑膜炎,4384.73487394958,833
897,0,痔,1187.6809907834102,78988
898,0,痛风,1086.4130155497965,37814
899,0,痤疮,564.7554285714286,245
900,0,瘙痒(症),717.0975833333333,840
901,0,瘢痕性脱发[瘢痕性毛发缺失],786.85375,56
902,0,癫痫持续状态,3185.8038590604024,2086
903,0,癫癎[癫痫],1993.5799289835775,15771
904,0,登革热[古典登革热],1514.05,28
905,0,白癜风,92.15440650406504,4305
906,0,"白细胞异常,不可归类在他处者",1902.525,28
907,0,百日咳,894.2693800648299,17276
908,0,皂类和洗涤剂的毒性效应,1001.6807692307692,182
909,0,皮多肌炎,4179.8303086419755,1134
910,0,皮疹和其他非特异性斑疹,520.3417056074767,2996
911,0,皮肤其他恶性肿瘤,2743.187380952381,3234
912,0,皮肤其他良性肿瘤,1234.5205594405595,4004
913,0,皮肤原位癌,2992.0555555555557,63
914,0,皮肤和皮下组织其他局部感染,690.4721768867925,59360
915,0,皮肤和皮下组织毛囊囊肿,1082.6663246899661,12418
916,0,"皮肤和皮下组织的其他疾患,不可归类在他处者",1682.6729363449692,3409
917,0,皮肤和皮下组织的局部肿胀、肿物和肿块,1065.7130806310254,15974
918,0,皮肤和皮下组织肉芽肿性疾患,1357.6589361702127,329
919,0,皮肤恶性黑色素瘤,4123.675353535354,693
920,0,皮肤感觉障碍,1681.9681547619048,1176
921,0,皮肤癣菌病,858.7309999999999,350
922,0,皮肤的其他先天性畸形,329.51217391304345,805
923,0,皮肤肥厚性疾患,1050.2923770491802,854
924,0,皮肤脓肿、疖和痈,1014.6594128440368,15260
925,0,皮肤萎缩性疾患,1044.7878525641024,2184
926,0,直肠乙状结肠连接处恶性肿瘤,6337.195488721804,931
927,0,直肠恶性肿瘤,5934.945787269682,16716
928,0,真性红细胞增多症,5069.4800000000005,112
929,0,眼和眶损伤,1126.7166266666666,5250
930,0,眼和附器恶性肿瘤,1377.7684210526318,133
931,0,眼和附器的其他疾患,364.18041666666664,168
932,0,"眼和附器的操作后疾患,不可归类在他处者",1073.1421052631579,133
933,0,眼和附器良性肿瘤,1019.3719298245614,399
934,0,眼球疾患,1048.99075,1400
935,0,眼的其他先天性畸形,829.5384615384615,91
936,0,眼眶疾患,1354.63874251497,2338
937,0,眼睑、泪器和眼眶先天性畸形,839.9021875,896
938,0,眼睑的其他炎症,562.5299130434782,805
939,0,眼睑的其他疾患,815.7813618677043,14392
940,0,眼震和其他不规则眼运动,1297.2941176470588,119
941,0,睑腺炎和睑板腺囊肿,778.0803235294118,2380
942,0,睡眠障碍,1526.41308576481,7917
943,0,睾丸功能障碍,3259.6215384615384,91
944,0,睾丸恶性肿瘤,4747.467777777777,126
945,0,睾丸扭转	,1030.300918367347,686
946,0,睾丸未降,1081.6760538116591,3122
947,0,睾丸炎和附睾炎	,983.9832099596231,10402
948,0,短暂性大脑缺血性发作和相关的综合征,1618.3514007395333,176057
949,0,矿物质代谢紊乱,1727.5526315789473,931
950,0,硫胺素缺乏,3742.831304347826,161
951,0,碘缺乏相关性甲状腺疾患和有关情况,858.28,35
952,0,神经根和神经丛疾患,670.5326172839506,5670
953,0,神经疾患,845.7390876038781,40432
954,0,神经系统其他先天性畸形,5444.3865517241375,203
955,0,"神经系统的其他变性性疾病,不可归类在他处者",1719.485580357143,3136
956,0,"神经系统的其他疾患,不可归类在他处者",563.03,7
957,0,"神经系统的操作后疾患,不可归类在他处者",1810.1465486725663,791
958,0,神经系统的结核,6865.70062992126,889
959,0,移植器官和组织的失败和排斥,3761.5412499999998,784
960,0,空,831.411871788598,28609
961,0,窒息,1984.5833333333333,42
962,0,第一腕掌关节的关节病,1541.1663725490196,714
963,0,类丹毒,1122.1375,56
964,0,类天疱疮,2304.3936666666664,420
965,0,粒细胞缺乏,2034.3451219512194,1722
966,0,粟粒性结核,5905.862201834862,763
967,0,精神分裂症,2954.593543147208,6895
968,0,糖胺聚糖代谢紊乱,1385.0142857142857,49
969,0,糖蛋白代谢紊乱,1369.2149635036496,959
970,0,系统性红斑狼疮,2955.9785818561,6713
971,0,紫外线辐射引起的其他急性皮肤改变,1188.3034482758621,203
972,0,紫癜和其他出血性情况,2026.8059595959596,14553
973,0,累及一般感觉和知觉的其他症状和体征,2515.63,35
974,0,累及外貌与行为的症状和体征,3044.01,252
975,0,累及女性生殖道的瘘	,3482.3734042553197,329
976,0,累及循环和呼吸系统的其他症状和体征,1324.0372504378283,3997
977,0,累及情绪状态的症状和体征,2469.6833333333334,42
978,0,累及泌尿系统的其他症状和体征,634.8,7
979,0,累及消化系统和腹部的其他症状和体征,2694.265737704918,1708
980,0,累及神经和肌肉骨骼系统的其他症状和体征,1837.1999999999998,63
981,0,累及认知功能和意识的其他症状和体征,3224.6214285714286,49
982,0,"累及身体多个部位的其他损伤,不可归类在他处者",988.7205882352941,238
983,0,累及身体多个部位的创伤性切断,369.0,7
984,0,累及身体多个部位的开放性伤口,1092.544075829384,1477
985,0,累及身体多个部位的挤压伤,3029.1375000000003,56
986,0,累及身体多个部位的浅表损伤,1191.8654585881045,12593
987,0,累及身体多个部位的脱位、扭伤和劳损,1060.2392857142856,196
988,0,累及身体多个部位的骨折,4842.679347826087,322
989,0,红斑狼疮,2600.1214285714286,49
990,0,红细胞异常,976.25,14
991,0,红细胞沉降率升高和血浆粘滞度异常,3368.7,7
992,0,细菌性痢疾,647.7936752136752,819
993,0,"细菌性肺炎,不可归类在他处者",1672.8544599197276,437759
994,0,"细菌性脑膜炎,不可归类在他处者",5583.235223880597,469
995,0,经剖宫产术的单胎分娩	,1209.3207324364723,4683
996,0,经表皮排除疾患,1517.75,14
997,0,结核病后遗症,2838.4872093023255,301
998,0,结缔组织和其他软组织的其他良性肿瘤,1720.567570977918,2219
999,0,结缔组织的其他系统性受累,4044.5950758459744,5999
1000,0,结肠、直肠、肛门和肛管良性肿瘤,2166.6643806436673,60466
1001,0,结肠恶性肿瘤,6683.983931702815,15169
1002,0,结膜炎,398.68314928425355,3423
1003,0,结膜的其他疾患,845.33766245222,23807
1004,0,结节性多动脉炎和有关情况,2525.006548672566,2373
1005,0,结节性红斑,1847.0950434782608,805
1006,0,结节病,1294.937974137931,1624
1007,0,绝经期和其他围绝经期的疾患	,1404.9235135135136,4403
1008,0,绦虫病,5488.25,14
1009,0,继发性帕金森综合征,4065.141333333333,105
1010,0,继发性高血压,3945.9179527559054,889
1011,0,维生素B12缺乏性贫血,1966.6236363636363,231
1012,0,维生素D缺乏病,2508.0666666666666,105
1013,0,缺铁性贫血,2422.5460063224446,6643
1014,0,羊水和胎膜的其他疾患	,1366.5605838124723,15827
1015,0,羊水过多	,1393.3715217391305,644
1016,0,老年性白内障,929.2178014059755,159320
1017,0,耐多种抗生素的菌株,1746.2142857142858,49
1018,0,耐青霉素类抗生素的菌株,3373.6,7
1019,0,耳内异物,745.0533333333333,378
1020,0,"耳和乳突的操作后疾患,不可归类在他处者",1722.1000000000001,28
1021,0,耳痛和耳渗出液,1052.5583333333334,84
1022,0,耳的其他先天性畸形,871.8357239057239,2079
1023,0,"耳的其他疾患,不可归类在他处者",1051.6086348122867,4102
1024,0,耳硬化,1263.125,56
1025,0,职业性暴露于危险因素,45.31428571428571,147
1026,0,联合免疫缺陷,2768.0166666666664,42
1027,0,肋骨、胸骨和胸部脊柱骨折,1925.7696223451987,93604
1028,0,肌炎,1118.860502793296,5012
1029,0,肌肉其他疾患,1573.9214136125656,2674
1030,0,肌肉的原发性疾患,2831.5306557377053,427
1031,0,肌肉钙化和骨化,1582.5191304347827,161
1032,0,肌肉骨骼的其他先天性变形,1079.450303030303,231
1033,0,"肌肉骨骼系统先天性畸形,不可归类在他处者",2379.6514705882355,476
1034,0,肌肉骨骼系统和结缔组织的其他后天性变形,1265.772672413793,812
1035,0,肘关节和韧带脱位、扭伤和劳损,1673.7188095238096,1470
1036,0,肛门及直肠区的裂和瘘,1310.8769426336376,21476
1037,0,肛门和直肠区脓肿,1241.8720291806958,31185
1038,0,肛门和直肠的其他疾病,1580.5726101475816,64981
1039,0,肛门和肛管的恶性肿瘤,5456.668764044944,623
1040,0,肛门生殖器的疱疹病毒[单纯疱疹]感染,598.62625,280
1041,0,肝和肝内胆管恶性肿瘤,4223.2334708520175,23415
1042,0,"肝大和脾大,不可归类在他处者",4733.173235294117,238
1043,0,肝的其他疾病,2323.1386722689076,8330
1044,0,肝纤维化和肝硬变,2658.844407770652,37114
1045,0,"肝衰竭,不可归类在他处者",3127.9183074433654,21630
1046,0,肠吸收不良,2964.5499999999997,14
1047,0,肠憩室病,2285.6608831168833,2695
1048,0,肠易激综合征,1812.2099658703073,2051
1049,0,肠的其他先天性畸形,3690.9175531914893,658
1050,0,肠的其他疾病,1976.3000030528137,68789
1051,0,肠血管疾患,4429.836147704591,3507
1052,0,股疝,1920.777924107143,3136
1053,0,股骨骨折,3986.5001081761006,55650
1054,0,肥胖症,4101.378248175182,959
1055,0,"肩和上肢烧伤和腐蚀伤,除外腕和手",1285.783275261324,2009
1056,0,肩和上臂其他和未特指的损伤,844.7958426966293,623
1057,0,肩和上臂创伤性切断,9786.6,21
1058,0,肩和上臂开放性伤口,1323.5048333333334,420
1059,0,肩和上臂挤压伤,2951.56,35
1060,0,肩和上臂浅表损伤,1046.6725766871166,1141
1061,0,肩和上臂骨折,2064.477451742291,55846
1062,0,肩损害,850.7423320981936,60452
1063,0,肩胛带关节和韧带脱位、扭伤和劳损,1554.7239863130883,8183
1064,0,肺先天性畸形,2427.033829787234,329
1065,0,肺动脉瓣和三尖瓣先天性畸形,7835.127142857143,98
1066,0,肺动脉瓣疾患,4014.8,35
1067,0,肺和纵隔脓肿,3900.1326315789474,5054
1068,0,"肺嗜酸性粒细胞增多,不可归类在他处者",4786.002,35
1069,0,肺孢子虫病,6960.129139784946,651
1070,0,肺尘埃沉着病伴结核,8573.81,98
1071,0,肺栓塞,4443.909073806079,4837
1072,0,肺气肿,1065.509928229665,8778
1073,0,肺水肿,2577.1192653061225,1715
1074,0,"肺炎,病原体未特指",983.6533388096775,357903
1075,0,肺球孢子菌病,6419.685,42
1076,0,肺血管的其他疾病,7081.647755102042,343
1077,0,肺诊断性影像检查的异常所见,3178.5142333785616,15477
1078,0,肾(除外肾盂)恶性肿瘤,5569.415400943396,2968
1079,0,肾上腺性征疾患,1031.5625,56
1080,0,肾上腺恶性肫瘤,5809.196153846154,182
1081,0,"肾和输尿管的其他疾患,不可归类在他处者	",2622.975740162399,11207
1082,0,肾和输尿管结石	,1018.8863702278782,47306
1083,0,"肾小管-间质肾炎,未特指急性或慢性	",1036.0075483870967,1085
1084,0,肾小管功能损害所致的疾患	,5283.499696969697,231
1085,0,肾病综合征	,2658.9249958847736,8505
1086,0,肾的其他先天性畸形,2913.1123076923072,91
1087,0,肾盂恶性肿瘤,5940.34375,448
1088,0,肾盂的先天性梗阻性缺陷和输尿管先天性畸形,2166.511923076923,182
1089,0,肾缺如和肾的其他萎缩性缺陷,2561.75,28
1090,0,肿瘤的特殊筛查,3032.4249999999997,14
1091,0,胃-食管反流性疾病,1350.0875278396436,25144
1092,0,胃和十二指肠的其他疾病,1702.8007918504516,66654
1093,0,胃恶性肿瘤,5877.881516666667,16800
1094,0,胃溃疡,1969.7275057133531,42882
1095,0,胃灼热,378.0,7
1096,0,胃炎和十二指肠炎,932.2545668527057,201929
1097,0,胃空肠溃疡,2652.6930909090906,770
1098,0,胃肠气胀及有关情况,1482.7817213114756,854
1099,0,胆囊、胆管和肝先天性畸形,4810.476274509804,357
1100,0,胆囊恶性肿瘤,5324.828669950739,1421
1101,0,胆囊炎,960.0481271652741,34349
1102,0,胆囊的其他疾病,2031.255414507772,5404
1103,0,胆石症,2245.650435997564,195391
1104,0,胆道其他和未特指部位的恶性肿瘤,6449.716892655368,3717
1105,0,胆道的其他疾病,2799.6600970873787,14420
1106,0,背痛,538.9091475673503,52227
1107,0,胎儿和新生儿受产程和分娩的其他并发症的影响,302.85044247787613,791
1108,0,胎儿和新生儿受母体妊娠并发症的影响,1306.0336,175
1109,0,"胎儿和新生儿受母体情况影响,这些情况可能与本次妊娠无关",1290.7697674418605,602
1110,0,胎儿和新生儿受胎盘、脐带和胎膜的并发症的影响,746.9187499999999,112
1111,0,胎儿和新生儿播散性血管内凝血,8182.1,7
1112,0,胎儿和新生儿用药引起的反应和中毒,1140.5,7
1113,0,胎儿和新生儿的坏死性小肠结肠炎,8882.306896551725,406
1114,0,胎儿和新生儿的溶血性疾病,2067.5452008928573,3136
1115,0,胎儿和新生儿颅内非创伤性出血,2789.386153846154,91
1116,0,胎儿生长缓慢和胎儿营养不良,2444.64094017094,819
1117,0,胎儿的胎位不正和先露异常引起的梗阻性分娩	,1192.6935071090047,2954
1118,0,胎盘和胎膜滞留不伴有出血	,1247.8311555555556,6300
1119,0,胎盘恶性肿瘤,4190.55,28
1120,0,胎盘早期剥离	,1627.697980456026,2149
1121,0,胎盘疾患	,1420.8557196969698,1848
1122,0,胎膜早破	,1373.2555672823219,31836
1123,0,胰岛素依赖型糖尿病,2597.379110070258,2989
1124,0,胰恶性肿瘤,5775.473642857143,5880
1125,0,胰腺内分泌的其他疾患,3858.3023665480428,3934
1126,0,胰腺的其他疾病,2976.118264033264,6734
1127,0,胸腔内器官其他和未特指的良性肿瘤,8210.005753424659,511
1128,0,"胸腔积液,不可归类在他处者",2751.7319008264462,847
1129,0,胸腺恶性肿瘤,7733.233728813559,413
1130,0,胸腺病,4540.396323529411,476
1131,0,胸膜斑,3345.5,21
1132,0,胸部关节和韧带脱位、扭伤和劳损,1358.2570833333334,336
1133,0,胸部其他和未特指的损伤,770.5222222222222,2394
1134,0,胸部开放性伤口,1782.0054545454545,385
1135,0,胸部挤压伤和胸的部分创伤性切断,1314.9976923076924,91
1136,0,胸部浅表损伤,823.1702372262773,3836
1137,0,胸部血管损伤,17215.4,14
1138,0,脂溢性皮炎,1355.8062499999999,56
1139,0,脂溢性角化病,1329.2175,644
1140,0,脂环烃和芳香族烃的卤素衍生物的毒性效应,1719.5,7
1141,0,脂蛋白代谢紊乱和其他脂血症,935.2357894736841,2527
1142,0,脉络膜的其他疾患,811.7362686567164,469
1143,0,脉络膜视网膜炎,1891.7863636363634,154
1144,0,脊柱侧弯[脊柱侧凸],5205.008508064516,1736
1145,0,脊柱及胸廓先天性畸形,5034.088108108108,259
1146,0,脊柱后凸和脊柱前凸,7113.889642857143,392
1147,0,"脊柱和躯干的其他损伤,水平未特指",2175.910792079208,707
1148,0,脊柱裂,2016.1714285714288,49
1149,0,"脊柱骨折,水平未特指",1940.45,98
1150,0,脊柱骨软骨病,2040.3333333333333,21
1151,0,脊椎关节强硬,707.1670425131748,375907
1152,0,脊髓、脑神经和中枢神经系统其他部位的恶性肿瘤,6572.020624999999,112
1153,0,脊髓性肌萎缩和有关的综合征,3281.8191747572814,1442
1154,0,脊髓的其他先天性畸形,3113.2741176470586,119
1155,0,脊髓的其他疾病,4047.6059740259743,2156
1156,0,脐疝,1842.2894117647058,357
1157,0,脑内出血,5643.969538461539,26390
1158,0,"脑卒中,未特指为出血或梗死",1071.0802247191011,1246
1159,0,脑和中枢神经系统其他部位的良性肿瘤,7125.064951923077,1456
1160,0,脑和中枢神经系统动态未定或动态未知的肿瘤,5235.64048275862,2030
1161,0,脑恶性肿瘤,8984.599717223651,2723
1162,0,脑损害和功能障碍及躯体疾病引起的其他精神障碍,3461.526368794326,4935
1163,0,脑梗死,2440.1862985236844,386435
1164,0,脑炎、脊髓炎和脑脊髓炎,6111.680753623188,2415
1165,0,脑的其他先天性畸形,1387.0,49
1166,0,脑的其他疾患,4044.2291695501726,10115
1167,0,脑神经损伤,1896.188,350
1168,0,脑积水,4767.842862318841,1932
1169,0,脑脊膜动态未定或动态未知的肿瘤,10134.5736,175
1170,0,脑脊膜恶性肿瘤,8913.94,35
1171,0,脑脊膜良性肿瘤,7313.552168141592,3164
1172,0,脑膜炎球菌感染,5088.0,7
1173,0,脑膨出,2350.8849999999998,28
1174,0,脑血管病后遗症,1103.7764303574054,47593
1175,0,脑部疾病、损害和功能障碍引起的人格和行为障碍,775.9243956043956,1911
1176,0,脓疱病,636.0368217054264,903
1177,0,脓胸,4953.578716981132,1855
1178,0,脾疾病,4394.944662162162,1036
1179,0,腐蚀性物质的毒性效应,876.6266666666667,84
1180,0,腕和手其他和未特指的损伤,501.23626666666667,1575
1181,0,腕和手创伤性切断,1191.8538031591738,5761
1182,0,腕和手开放性伤口,846.2192218246869,7826
1183,0,腕和手挤压伤,840.74625,560
1184,0,腕和手浅表损伤,755.06125,1848
1185,0,腕和手烧伤和腐蚀伤,899.5325308641975,1134
1186,0,腭恶性肿瘤,6798.6616,175
1187,0,腭裂,1093.6635789473685,665
1188,0,腭裂伴唇裂,859.0,21
1189,0,腮腺恶性肿瘤,4114.274782608695,322
1190,0,腰椎和骨盆关节和韧带脱位、扭伤和劳损,797.5104935622318,6524
1191,0,腰椎和骨盆骨折,2584.7597258011233,63567
1192,0,腹内器官损伤,6623.890734126984,3528
1193,0,腹水,2334.288274647887,1988
1194,0,腹疝,2568.9705755395685,2919
1195,0,腹股沟疝,1365.3287527392258,76664
1196,0,腹股沟肉芽肿,1911.25,14
1197,0,腹膜后腔和腹膜恶性肿瘤,8787.985959595959,693
1198,0,腹膜后腔和腹膜软组织良性肿瘤,6208.063999999999,210
1199,0,腹膜炎,2494.175161998902,12747
1200,0,腹膜的其他疾患,2219.318546712803,2023
1201,0,腹部、下背和骨盆其他和未特指的损伤,1066.1505411499436,6209
1202,0,腹部、下背和骨盆开放性伤口,1227.875326633166,1393
1203,0,腹部、下背和骨盆浅表损伤,1258.7543407407406,4725
1204,0,腹部、下背和骨盆部分挤压伤和创伤性切断,2395.1783333333333,42
1205,0,腹部和盆腔痛,1026.0389286721172,24829
1206,0,膀胱恶性肿瘤,4035.743547008547,6552
1207,0,膀胱炎	,967.6931362889983,12789
1208,0,膀胱的其他疾患	,2317.1405555555557,2142
1209,0,"膀胱神经肌肉功能不良,不可归类在他处者	",2148.859358974359,546
1210,0,膈疝,3534.624716981132,1113
1211,0,膝关节内紊乱,1730.7847689958,18333
1212,0,膝关节和韧带脱位、扭伤和劳损,1985.6422375886527,19740
1213,0,膝关节病,1184.7830775182551,144753
1214,0,自主神经系统的疾患,2576.595047169811,1484
1215,0,自然流产	,1095.6557829181493,3934
1216,0,舌、口和咽的其他先天性畸形,777.02,672
1217,0,舌其他和未特指部位的恶性肿瘤,4154.086557377049,854
1218,0,舌根恶性肿瘤,6285.950000000001,126
1219,0,舌疾病,1187.16021978022,1911
1220,0,良性乳腺发育不良	,1594.2130514705882,9520
1221,0,良性脂肪瘤样肿瘤,1448.337337057728,15036
1222,0,色素沉着的其他疾患,1385.8473684210528,133
1223,0,芳香氨基酸代谢紊乱,3173.0,7
1224,0,荨麻疹,764.217998506348,18746
1225,0,药物和重金属诱发的肾小管-间质和肾小管情况	,1899.0,14
1226,0,营养性消瘦,1944.204358974359,4641
1227,0,葡萄球菌性烫伤样皮肤综合征,686.3146153846154,182
1228,0,葡萄胎[水泡状胎块]	,2247.030243902439,574
1229,0,藏毛囊肿,1466.8940769230771,910
1230,0,虹膜和睫状体的其他疾患,931.6357142857144,196
1231,0,虹膜睫状体炎,1278.9014576271188,2065
1232,0,蛔虫病,1007.7727272727273,77
1233,0,蛛网膜下出血,7391.374586288415,5922
1234,0,蜂窝织炎,951.2174775510205,17150
1235,0,蝇蛆病,622.6,7
1236,0,"血压读数异常,无诊断者",1435.05,14
1237,0,血吸虫病[裂体吸虫病],1448.733552631579,532
1238,0,血容量缺失,754.6316346153845,728
1239,0,血浆蛋白的其他异常,3391.379344262295,427
1240,0,血液化学的其他异常所见,481.05,56
1241,0,血液和造血器官的其他疾病,2937.9157037037035,945
1242,0,血清反应阳性的类风湿性关节炎,2923.238145933014,5852
1243,0,血清酶水平异常,2375.4416666666666,294
1244,0,血管性痴呆,2675.0340273972606,2555
1245,0,"血管瘤和淋巴管瘤,任何部位",1995.5567943805877,10962
1246,0,血管舒缩性和变应性鼻炎,1257.9907486631016,1309
1247,0,血糖水平升高,1877.9550000000002,140
1248,0,衰老,5869.093000000001,70
1249,0,被标明的其他流感病毒引起的流行性感冒,1325.469985549133,9688
1250,0,视[第二]神经和视路的其他疾患,1847.2382802547772,1099
1251,0,"视力缺损,包括盲(双眼或单眼)",2052.2784615384617,182
1252,0,视神经炎,3049.2730666666666,1050
1253,0,视网膜脱离和断裂,1135.0131831831832,6993
1254,0,视网膜血管阻塞,1045.6505850091407,3829
1255,0,视觉障碍,2739.2755555555555,378
1256,0,角膜炎,807.8350585284281,8372
1257,0,角膜瘢痕和混浊,1268.4642857142858,98
1258,0,角膜的其他疾患,1160.502,805
1259,0,"言语障碍,不可归类在他处者",1405.2207228915663,581
1260,0,语音障碍,1817.5625,84
1261,0,诺卡菌病,5438.945454545455,77
1262,0,"谵妄,非由酒精和其他精神活性物质所致",3577.9522033898306,413
1263,0,起源于围生期的其他呼吸性情况,3914.535,868
1264,0,起源于围生期的其他情况,1442.9326530612245,1029
1265,0,起源于围生期的心血管疾患,4540.974090909091,154
1266,0,起源于围生期的慢性呼吸性疾病,18306.1,84
1267,0,起源于围生期的肺出血,10003.675,70
1268,0,起源于围生期的间质肺气肿及有关情况,3653.28,70
1269,0,足先天性变形,1734.394512195122,574
1270,0,足菌肿[足分枝菌病],318.53999999999996,35
1271,0,"足骨折,除外踝",1441.7934530807752,32151
1272,0,踝和足其他和未特指的损伤,726.7258598726114,1099
1273,0,踝和足创伤性切断,1903.2670909090907,385
1274,0,踝和足开放性伤口,1251.2754178674352,4858
1275,0,踝和足挤压伤,1370.841219512195,287
1276,0,踝和足浅表损伤,980.8855043859649,3192
1277,0,踝和足烧伤和腐蚀伤,830.7891851851853,1890
1278,0,躁狂发作,2566.1458333333335,168
1279,0,身体多个部位的烧伤和腐蚀伤,2032.4314220183487,1526
1280,0,身体未特指部位的损伤,677.025870565046,21308
1281,0,躯体形式障碍,2247.3948857868018,5516
1282,0,躯干烧伤和腐蚀伤,1336.2348698884757,1883
1283,0,软骨的其他疾患,1503.0047777777777,630
1284,0,轻度精神发育迟缓,681.4096774193548,434
1285,0,辐射的未特指效应,1871.3333333333333,21
1286,0,输卵管炎和卵巢炎	,2089.4533088235294,6664
1287,0,输尿管恶性肿瘤,6204.735632183908,609
1288,0,输注、输血和治疗性注射后的并发症,2598.7924137931036,203
1289,0,过期妊娠	,844.9361538461538,273
1290,0,进食障碍,1359.1493055555557,504
1291,0,通常在童年和青少年期发病的其他行为和情绪障碍,3908.7288209606986,1603
1292,0,遗传性共济失调,3462.403243243243,518
1293,0,遗传性和特发性神经病,2379.072222222222,126
1294,0,遗传性因子lX缺乏,1608.7692307692307,91
1295,0,遗传性因子Ⅶ缺乏,2347.464383561644,511
1296,0,"遗传性肾病,不可归类在他处者	",3611.44,35
1297,0,避孕问题,831.9563874345549,2674
1298,0,部位未特指的恶性肿瘤,2515.54775,1120
1299,0,部位未特指的消化性溃疡,1437.8833548850575,19488
1300,0,酒渣鼻,587.0124999999999,56
1301,0,酒精性肝病,2788.396507936508,4851
1302,0,酒精的毒性效应,558.8000787401575,889
1303,0,酶代谢紊乱性贫血,1592.4363636363637,77
1304,0,醛固酮过多症,4621.480188679245,742
1305,0,重度精神发育迟缓,1505.2555555555557,252
1306,0,重症肌无力和其他肌神经疾患,3518.5158620689654,1624
1307,0,金属的毒性效应,1368.825,84
1308,0,钩端螺旋体病,1465.3,7
1309,0,钩虫病,3034.922857142857,98
1310,0,银屑病[牛皮癣],1179.8720604914934,3703
1311,0,链球菌和葡萄球菌作为分类于其他章疾病的原因,354.0,14
1312,0,链球菌性肺炎,1636.0077458659705,8043
1313,0,链球菌性败血症,9508.020784313725,357
1314,0,镇癫痫药、镇静催眠药和抗帕金森病药中毒,1190.9724550898204,1169
1315,0,门静脉血栓形成,4283.5575,196
1316,0,间日疟原虫疟疾,2996.8333333333335,21
1317,0,间皮瘤,6620.3,98
1318,0,阑尾的其他疾病,2104.7180555555556,504
1319,0,阴茎恶性肿瘤,3461.5160919540226,609
1320,0,阴茎的其他疾患	,668.2352542372881,4543
1321,0,阴道和外阴的其他炎症	,724.2249386281588,9695
1322,0,阴道恶性肿瘤,4074.1405555555557,126
1323,0,阴道的其他非炎性疾患	,1110.2921264367817,1218
1324,0,阵发性心动过速,2602.885632267442,9632
1325,0,阿尔茨海默病,3334.5567812500003,8960
1326,0,附带妊娠状态,619.1154411764707,476
1327,0,限于眼和附器的烧伤和腐蚀伤,891.5205357142856,784
1328,0,"除恶性肿瘤外,为其他情况治疗后的随诊检查",1885.00165,4200
1329,0,随后性心肌梗死,1378.8999999999999,14
1330,0,隐球菌病,6392.213561643835,511
1331,0,雄激素性脱发,1282.5,14
1332,0,霍奇金[何杰金]淋巴瘤,7096.18425,280
1333,0,青光眼,1175.8966920473774,8274
1334,0,"青春期疾患,不可归类在他处者",1533.4948854961833,917
1335,0,静脉炎和血栓性静脉炎,2952.19845096242,7637
1336,0,静脉的其他疾患,2307.8410544815465,3983
1337,0,非以改善健康状况为目的的操作,793.489751552795,1127
1338,0,非化脓性中耳炎,1086.191549118388,5558
1339,0,非器质性睡眠障碍,1965.172857142857,490
1340,0,非滤泡性淋巴瘤,7784.789405940594,2828
1341,0,非特异性淋巴结炎,672.8299843668577,13433
1342,0,非糖尿病低血糖性昏迷,1738.6505732484077,1099
1343,0,非胰岛素依赖型糖尿病,2486.438907467294,190484
1344,0,非致依赖性物质滥用,169.0,7
1345,0,非阿片样镇痛药、解热药和抗风湿药中毒,778.8002702702702,259
1346,0,非霍奇金淋巴瘤的其他和未特指类型,6325.707237569061,2534
1347,0,非风湿性三尖瓣疾患,10113.385675675676,259
1348,0,非风湿性主动脉瓣疾患,9886.744039548023,2478
1349,0,非风湿性二尖瓣疾患,7519.48094059406,1414
1350,0,面和颈部的其他先天性畸形,1113.2216470588235,2380
1351,0,鞘膜积液和精子囊肿	,1069.3578711704636,8911
1352,0,鞭虫病,138.0,7
1353,0,顶(浆分)泌汗腺疾患,433.8662605752961,4137
1354,0,预防性手术,3144.7741176470586,119
1355,0,颅内和椎管内的静脉炎和血栓性静脉炎,3105.9133333333334,21
1356,0,颅内和椎管内脓肿及肉芽肿,4580.646174698794,2324
1357,0,颅内损伤,3329.351294391379,57162
1358,0,颅和面骨的其他先天性畸形,3717.1281249999997,112
1359,0,颅骨和面骨骨折,1552.208638320775,13006
1360,0,颈椎间盘疾患,929.4262236718014,89068
1361,0,颈部其他和未特指的损伤,1265.394366197183,497
1362,0,颈部和躯干损伤后遗症,933.4153365384615,2912
1363,0,颈部开放性伤口,2609.025277777778,252
1364,0,颈部浅表损伤,1304.6174545454546,770
1365,0,颈部骨折,4025.4074789915967,3332
1366,0,颌的其他疾病,1806.8214814814814,1323
1367,0,风湿性三尖瓣疾病,9453.417647058823,238
1368,0,风湿性主动脉瓣疾病,6701.975,84
1369,0,风湿性二尖瓣疾病,4377.861791044776,938
1370,0,"风湿热,未提及心脏受累",479.17473597359736,4242
1371,0,风湿热伴有心脏受累,739.9250000000001,28
1372,0,食管先天性畸形,9566.544444444446,63
1373,0,食管恶性肿瘤,4385.546317657498,15778
1374,0,食管炎,1206.9422839506174,2268
1375,0,食管的其他疾病,2164.1187629688748,8771
1376,0,食管静脉曲张,2825.7148780487805,287
1377,0,饮食性硒缺乏,1453.5,7
1378,0,饮食性钙缺乏,3.8,7
1379,0,骨佩吉特病[畸形性骨炎],3126.0,7
1380,0,骨和关节软骨其他和未特指部位的恶性肿瘤,5062.551846153846,455
1381,0,骨和关节软骨良性肿瘤,2288.4315631691647,3269
1382,0,骨坏死,3029.653551401869,14980
1383,0,骨密度和结构的其他疾患,1314.1174893009984,4907
1384,0,骨的其他疾患,1263.8160688836106,5894
1385,0,骨质疏松不伴有病理性骨折,1762.3938723835245,20734
1386,0,骨质疏松伴有病理性骨折,2559.911653211009,38150
1387,0,骨连续性疾患,2528.3141330166272,2947
1388,0,骨髓增生异常综合征,3851.8188183807442,3199
1389,0,骨髓炎,2680.49975308642,5103
1390,0,髋先天性变形,3372.675074626866,469
1391,0,髋关节和韧带脱位、扭伤和劳损,1790.9136082474229,679
1392,0,髋关节病,2444.2877743589743,6825
1393,0,"髋和下肢烧伤和腐蚀伤,除外踝和足",1103.059720670391,3759
1394,0,髋和大腿其他和未特指的损伤,1117.8686259541985,917
1395,0,髋和大腿创伤性切断,3131.5,7
1396,0,髋和大腿开放性伤口,1458.3402654867255,791
1397,0,髋和大腿挤压伤,1289.6583333333333,84
1398,0,髋和大腿浅表损伤,1260.7770901639344,1708
1399,0,髌骨疾患,2371.5228865979384,1358
1400,0,髓样白血病,7284.515252225519,4718
1401,0,高危妊娠监督,1105.8692063492063,441
1402,0,高血压心脏和肾脏病,3029.0946899224805,1806
1403,0,高血压心脏病,2286.1672450175847,23884
1404,0,高血压肾脏病,3612.2317171717173,2079
1405,0,鸡眼和胼胝,655.413888888889,252
1406,0,鹦鹉热衣原体感染,4800.406666666667,84
1407,0,麻疹,569.2625,56
1408,0,麻痹性斜视,2422.138370044053,1589
1409,0,麻痹性肠梗阻和不伴有疝的肠梗阻,1842.7520360763972,59374
1410,0,麻醉品和致幻药[致幻剂]中毒,714.0,7
1411,0,麻风[汉森病],3081.2666666666664,21
1412,0,黑素细胞痣,930.6191556728232,2653
1413,0,鼓膜的其他疾患,711.3201250000001,560
1414,0,鼓膜穿孔,1348.6234782608697,644
1415,0,鼻先天性畸形,547.6094444444444,252
1416,0,鼻和鼻窦的其他疾患,1294.0891754874651,12565
1417,0,鼻咽恶性肿瘤,4345.504788732394,1988
1418,0,鼻息肉,1773.3058083832336,1169
1419,0,鼻旁窦恶性肿瘤,5141.177391304348,161
1420,0,鼻疽和类鼻疽,907.0,7
1421,0,鼻腔和中耳恶性肿瘤,3572.7164705882356,238
1422,0,龈炎和牙周疾病,362.68978168415083,24689
1423,0,龋(牙),1071.02,35
1424,1,上呼吸道的其他疾病,2570.23,14
1425,1,"下肢骨折,水平未特指",2756.5,7
1426,1,不适和疲劳,3421.5,7
1427,1,"与孕期短和低出生体重有关的疾患,不可归类在他处者",4734.25,14
1428,1,与有毒动物接触的毒性效应,2324.015319148936,329
1429,1,与淋巴网状组织和网状组织细胞系统的某些疾病,30937.0,21
1430,1,中枢神经系统的其他疾患,686.1,7
1431,1,中枢神经系统的其他脱髓鞘疾病,4842.8,14
1432,1,中枢神经系统的非典型病毒感染,5986.5,7
1433,1,中枢神经系统诊断性影像检查的异常所见,2469.203846153846,91
1434,1,中毒性肝病,8202.0,7
1435,1,中毒性脑病,37500.0,7
1436,1,为主要与妊娠有关的其他情况给予的孕产妇医疗	,3214.88,14
1437,1,为其他已知或可疑的胎儿问题给予的孕产妇医疗	,9866.0,7
1438,1,为可疑疾病和情况接受的医疗观察和评价,4958.0,7
1439,1,主动脉瘤和主动脉夹层,5391.7903703703705,189
1440,1,主要影响心血管系统的制剂中毒,2733.7916666666665,84
1441,1,主要影响自主神经系统的药物中毒,1707.3,7
1442,1,乳房恶性肿瘤,2556.6666666666665,21
1443,1,产后出血	,8223.5,28
1444,1,产科栓塞	,1632.0,7
1445,1,人类免疫缺陷病毒[HIV]病造成的传染病和寄生虫病,15650.460000000001,49
1446,1,"休克,不可归类在他处者",7986.433209876543,567
1447,1,传染性单核细胞增多症,1223.0,7
1448,1,低血压,2901.0,7
1449,1,使用酒精引起的精神和行为障碍,2448.666944444444,252
1450,1,使用镇静剂或催眠剂引起的精神和行为障碍,824.0,7
1451,1,偏瘫,4829.876923076923,91
1452,1,先天性肺炎,3308.7,7
1453,1,"入脑前动脉的闭塞和狭窄,未造成脑梗死",5517.96,35
1454,1,全身性抗生素中毒,4420.58,14
1455,1,其他产科创伤	,30705.625,14
1456,1,其他产褥感染	,8870.02,14
1457,1,其他代谢紊乱,44600.0,7
1458,1,"其他以皮肤和粘膜损害为特征的病毒性感染,不可归类在他处者",1187.0,7
1459,1,其他传导疾患,3617.7666666666664,21
1460,1,其他传染性和未特指病因的胃肠炎和结肠炎,6215.495999999999,70
1461,1,"其他传染性病原体引起的肺炎,不可归类在他处者",5018.78,14
1462,1,其他再生障碍性贫血,3390.0444444444443,63
1463,1,其他凝血缺陷,4839.833333333333,21
1464,1,其他功能性肠疾患,1912.0,7
1465,1,其他动脉瘤,14276.0,7
1466,1,其他医疗照顾,3449.725,112
1467,1,其他听觉丧失,3715.7,7
1468,1,其他吸虫感染,5254.280000000001,7
1469,1,其他呼吸性疾患,6713.786718750001,448
1470,1,其他和不明确部位的恶性肿瘤,4629.0,7
1471,1,其他和不明确部位的继发性恶性肿瘤,3909.225,28
1472,1,其他和未特指原因引起的脑膜炎,1348.0,7
1473,1,其他和未特指原因所致的新生儿黄疸,1022.3499999999999,42
1474,1,其他和未特指物质的毒性效应,1451.8,7
1475,1,其他和未特指的传染病,6489.090000000001,7
1476,1,其他和未特指胸内器官损伤,8830.127674418605,301
1477,1,其他和未特指部位的动态未定或动态未知的肿瘤,4700.125,28
1478,1,其他器官的结核,8338.0,7
1479,1,其他坏死性血管病,20565.4,14
1480,1,其他外因的效应,5281.817857142857,196
1481,1,其他多神经病,12349.5,7
1482,1,其他头痛综合征,1365.3846153846155,91
1483,1,其他心律失常,3822.5857142857144,49
1484,1,其他急性缺血性心脏病,6265.794615384616,91
1485,1,其他慢性阻塞性肺病,4772.385194274028,3423
1486,1,其他气体、烟雾和蒸气的毒性效应,20848.100000000002,49
1487,1,其他氨基酸代谢紊乱,0.0,7
1488,1,其他沙门菌感染,5657.166666666667,21
1489,1,其他炎性肝脏疾病,5875.85,28
1490,1,其他炎性脊椎病,8334.5,14
1491,1,"其他猝死,原因不知",1968.4,7
1492,1,其他甲状腺功能减退症,6337.0,7
1493,1,"其他病毒性出血热,不可归类在他处者",48338.0,7
1494,1,其他的一般症状和体征,10994.24,35
1495,1,其他皮肤改变,2093.7,7
1496,1,其他破伤风,31855.40666666667,21
1497,1,其他神经症性障碍,2678.5,7
1498,1,其他类风湿性关节炎,17962.4,7
1499,1,"其他细菌性疾病,不可归类在他处者",3596.5,7
1500,1,其他细菌性肠道感染,2702.2000000000003,14
1501,1,"其他细菌性食物中毒,不可归类在他处者",1365.6,35
1502,1,其他结缔组织和软组织恶性肿瘤,44643.0,7
1503,1,其他肌病,2699.1800000000003,35
1504,1,其他肺源性心脏病,5879.0425000000005,56
1505,1,其他肾上腺疾患,7716.0,7
1506,1,其他肾小管-间质疾病	,9627.5,7
1507,1,其他胸膜情况,5258.400000000001,56
1508,1,其他脑血管病,2527.806666666667,105
1509,1,其他脓毒病,13375.431332046332,3626
1510,1,其他营养性贫血,2745.0,7
1511,1,其他螺旋体感染,1633.5,7
1512,1,其他贫血,3080.5299999999997,42
1513,1,其他身体结构诊断性影像检查的异常所见,3559.98,7
1514,1,其他部位的静脉曲张,6501.666666666667,21
1515,1,其他间质性肺疾病,2465.9857142857145,49
1516,1,其他非创伤性颅内出血,6307.006923076923,273
1517,1,其他非感染性胃肠炎和结肠炎,2504.1,35
1518,1,其他风湿性心脏病,1501.0,7
1519,1,其他麻痹[瘫痪]综合征,22770.5,7
1520,1,出生窒息,2935.4,7
1521,1,"出血,不可归类在他处者",1883.9750000000001,14
1522,1,分离[转换]性障碍,1891.2375,56
1523,1,创伤的某些早期并发症,8888.748,105
1524,1,利什曼病,13011.0,7
1525,1,利尿剂和其他及未特指的药物、药剂和生物制品中毒,2746.656086956522,322
1526,1,前庭功能疾患,1750.537037037037,189
1527,1,前臂开放性伤口,4433.666666666667,21
1528,1,前臂骨折,10967.74,133
1529,1,动脉和小动脉的其他疾患,10237.625,28
1530,1,动脉栓塞和血栓形成,14645.5,28
1531,1,动脉粥样硬化,17794.25,14
1532,1,十二指肠溃疡,8342.625454545454,231
1533,1,卵巢恶性肿瘤,28355.0,7
1534,1,原有的高血压并发于妊娠、分娩和产褥期	,2525.46,14
1535,1,"原有高血压性疾患,并发蛋白尿	",5576.88,7
1536,1,双相情感障碍,1279.8,7
1537,1,受压区褥疮,6633.016,35
1538,1,变应性接触性皮炎,2644.0,7
1539,1,口炎和有关损害,8931.5,28
1540,1,口腔、食管和胃原位癌,8858.5,7
1541,1,口腔和消化器官动态未定或动态未知的肿瘤,10162.333333333334,21
1542,1,可归类在他处的孕产妇的其他疾病并发于妊娠、分娩和产褥期	,3611.4566666666665,84
1543,1,叶酸盐缺乏性贫血,2946.0,7
1544,1,后天性溶血性贫血,4149.82,28
1545,1,含硅[矽]粉尘引起的肺尘埃沉着病,1213.75,14
1546,1,吸入化学制剂、气体、烟雾和蒸气引起的呼吸性情况,1784.8,7
1547,1,呼吸异常,2846.975,14
1548,1,"呼吸衰竭,不可归类在他处者",7405.386646884273,2359
1549,1,呼吸道内异物,6079.416666666667,42
1550,1,呼吸道出血,2515.055714285714,49
1551,1,呼吸道烧伤和腐蚀伤,14568.5,14
1552,1,"呼吸道结核,未经细菌学或组织学所证实",6856.166666666667,42
1553,1,"呼吸道结核,经细菌学和组织学证实",6617.785714285715,49
1554,1,咳嗽,1668.2,7
1555,1,哮喘,2252.6166666666663,84
1556,1,哮喘持续状态,3757.1583333333333,84
1557,1,喉恶性肿瘤,4352.0,7
1558,1,嗜眠、木僵和昏迷,3540.156129032258,217
1559,1,固体和液体引起的肺炎,6635.760499999999,140
1560,1,在小腿水平的神经损伤,7098.8,7
1561,1,在小腿水平的肌肉和肌腱损伤,10688.916666666666,21
1562,1,在小腿水平的血管损伤,5005.966666666667,21
1563,1,在肩和上臂水平的神经损伤,2454.8,7
1564,1,在肩和上臂水平的肌肉和肌腱损伤,12635.0,7
1565,1,在肩和上臂水平的血管损伤,6133.95,7
1566,1,在胸水平的神经和脊髓损伤,24155.4,14
1567,1,在腕和手水平的关节和韧带脱位、扭伤和劳损,4175.0,7
1568,1,在腕和手水平的骨折,12835.266666666666,21
1569,1,在腹、下背和骨盆水平的神经和腰部脊髓损伤,3265.5,7
1570,1,在腹、下背和骨盆水平的血管损伤,5851.633333333333,21
1571,1,在踝和足水平的肌肉和肌腱损伤,1157.0,7
1572,1,在颈水平的关节和韧带脱位、扭伤和劳损,10712.050000000001,14
1573,1,在颈水平的神经和脊髓损伤,16065.524444444445,63
1574,1,在髋和大腿水平的血管损伤,9062.25,14
1575,1,垂体功能减退和其他疾患,5301.0,7
1576,1,"声带和喉疾病,不可归类在他处者",6351.762222222223,63
1577,1,多发性和未特指部位的急性上呼吸道感染,6993.6,14
1578,1,多发性骨髓瘤和恶性浆细胞肿瘤,1900.0,7
1579,1,多形性红斑,4860.0,7
1580,1,"大脑动脉的闭塞和狭窄,未造成脑梗死",4733.5,21
1581,1,头的部分创伤性切断,4596.5,28
1582,1,头部开放性伤口,5128.82111111111,126
1583,1,头部浅表损伤,1068.6,35
1584,1,"妊娠[妊娠引起的]高血压,伴有有意义的蛋白尿	",5872.42,14
1585,1,妊娠期剧吐	,1664.030909090909,77
1586,1,妊娠期泌尿生殖道的感染	,2462.0,7
1587,1,子宫平滑肌瘤,5538.0,7
1588,1,子痫	,4175.3,7
1589,1,"对精神有影响的药物中毒,不可归类在他处者",3857.585128205128,273
1590,1,小腿(包括踝)骨折,11950.445161290323,217
1591,1,小腿开放性伤口,5877.9,21
1592,1,小腿挤压伤,7555.0,7
1593,1,尿道狭窄	,7829.0,7
1594,1,尿道的其他疾患	,4501.0,7
1595,1,帕金森病,2947.15,7
1596,1,带状疱疹,4341.666666666667,21
1597,1,异位妊娠	,2014.3333333333333,21
1598,1,循环系统的其他先天性畸形,6220.25,14
1599,1,心力衰竭,6850.923963414634,1148
1600,1,心包的其他疾病,7847.216,35
1601,1,心房纤颤和扑动,8495.066666666666,21
1602,1,心绞痛,3368.8,35
1603,1,心肌病,7662.141,140
1604,1,心脏停搏,5700.758163265306,343
1605,1,心脏损伤,8388.18,28
1606,1,心脏病的并发症和不明确表述,31888.63333333333,21
1607,1,心间隔先天性畸形,7383.75,14
1608,1,念珠菌病,19337.51421052632,133
1609,1,急性和亚急性心内膜炎,3513.1666666666665,21
1610,1,急性咽炎,1843.0833333333333,42
1611,1,急性喉炎和气管炎,1889.7733333333333,21
1612,1,急性心包炎,6051.95,7
1613,1,急性心肌梗死,7305.314266666666,1050
1614,1,急性心肌炎,25055.57125,56
1615,1,急性扁桃体炎,2113.0,35
1616,1,急性支气管炎,2048.6125,112
1617,1,急性梗阻性喉炎[哮吼]和会厌炎,4513.58,14
1618,1,急性肾小管-间质肾炎	,6653.447999999999,35
1619,1,急性肾炎综合征,3383.0,7
1620,1,急性肾衰竭	,7143.994736842105,133
1621,1,急性胰腺炎,13982.956470588237,595
1622,1,急性阑尾炎,16607.0,14
1623,1,恢复期,4723.883333333333,42
1624,1,"惊厥,不可归类在他处者",3274.28875,56
1625,1,慢性缺血性心脏病,5649.033170731707,287
1626,1,慢性肾病	,8787.242881355933,826
1627,1,成人型呼吸窘迫综合征,8680.14,49
1628,1,成纤维细胞疾患,3998.4,7
1629,1,截瘫和四肢瘫,11229.733333333334,21
1630,1,房室传导阻滞和左束支传导阻滞,5754.95,126
1631,1,"手术和医疗的其他并发症,不可归类在他处者",3572.8624999999997,56
1632,1,抑郁发作,1623.0,7
1633,1,持久的妄想性障碍,2176.95,7
1634,1,摄入食物中其他有害物质的毒性效应,3750.6173770491805,427
1635,1,播散性血管内凝血[去纤维蛋白综合征],1794.5,7
1636,1,"操作后内分泌和代谢紊乱,不可归类在他处者",2231.9,7
1637,1,"操作后的呼吸性疾患,不可归类在他处者",13139.05,14
1638,1,"操作并发症,不可归类在他处者",1712.8333333333333,21
1639,1,支气管和肺恶性肿瘤,5436.410322580646,217
1640,1,支气管扩张(症),4931.4,91
1641,1,"支气管炎,未特指为急性或慢性",1597.3,14
1642,1,斑疹伤寒,6589.900000000001,7
1643,1,新生儿吸入综合征,456.4,7
1644,1,新生儿呼吸窘迫,2940.0,7
1645,1,新生儿的其他大脑障碍,5052.36,7
1646,1,晕厥和虚脱,3716.05,84
1647,1,晚期梅毒,10773.5,7
1648,1,曲霉病,32328.12833333333,42
1649,1,"有害效应,不可归类在他处者",2236.858823529412,119
1650,1,有机溶剂的毒性效应,13812.328333333335,42
1651,1,未特指的器质性或症状性精神障碍,14947.0,7
1652,1,未特指的多处损伤,7868.9,14
1653,1,未特指的慢性支气管炎,6538.0,7
1654,1,未特指的病毒性脑炎,6951.894285714286,49
1655,1,未特指的真菌病,11858.86125,56
1656,1,未特指的精神发育迟缓,1792.4214285714284,49
1657,1,未特指的糖尿病,6414.307142857143,98
1658,1,未特指的肺尘埃沉着病,1355.7,56
1659,1,未特指的肾炎综合征	,3235.2,7
1660,1,未特指的肾衰竭	,7128.736,70
1661,1,未特指的腹疝,11571.5,7
1662,1,未特指部位的细菌性感染,12633.492499999998,56
1663,1,杀虫剂的毒性效应,4391.58124137931,1015
1664,1,梗阻性和反流性尿路病	,9750.863333333333,105
1665,1,气胸,4860.28125,112
1666,1,泌尿系和盆腔器官损伤,11203.38,28
1667,1,泌尿系统的其他疾患	,4280.028571428571,49
1668,1,流感嗜血杆菌性肺炎,7614.529473684211,133
1669,1,消化系统其他和不明确部位的良性肿瘤,13565.069999999998,7
1670,1,消化系统的其他疾病,5297.323771929825,798
1671,1,"消化系统的操作后疾患,不可归类在他处者",7129.0,14
1672,1,消化道内异物,1024.25,14
1673,1,涉及使用康复操作的医疗,11018.0,7
1674,1,涉及整形手术的随诊医疗,18455.75,28
1675,1,液体-电解质及酸碱平衡的其他紊乱,4008.2349999999997,168
1676,1,淀粉样变,1292.0,7
1677,1,淋巴、造血和有关组织动态未定或动态未知的其他肿瘤,51401.06,7
1678,1,淋巴样白血病,49217.5,14
1679,1,"激素类及其合成代用品和拮抗剂中毒,不可归类在他处者",1027.0,7
1680,1,炎性多神经病,1760.5,7
1681,1,热和光的效应,4012.305,280
1682,1,特发于围生期的其他感染,308.2,7
1683,1,特发于胎儿和新生儿的暂时性碳水化合物代谢紊乱,207.3,7
1684,1,特发性(原发性)高血压,2675.41,49
1685,1,瓣膜未特指的心内膜炎,2620.25,14
1686,1,甲状腺的其他疾患,4720.5,7
1687,1,疱疹病毒[单纯疱疹]感染,11014.3,7
1688,1,病毒性和其他特指的肠道感染,1586.0,7
1689,1,"病毒性肺炎,不可归类在他处者",13806.8,35
1690,1,痔,1825.0,7
1691,1,癫痫持续状态,6066.524545454546,385
1692,1,癫癎[癫痫],4935.8553846153845,273
1693,1,百日咳,3289.52,7
1694,1,皮肤和皮下组织其他局部感染,416.0,7
1695,1,皮肤和皮下组织毛囊囊肿,621.0,7
1696,1,皮肤和皮下组织的局部肿胀、肿物和肿块,993.5,14
1697,1,皮肤恶性黑色素瘤,2520.0,7
1698,1,皮肤脓肿、疖和痈,12056.8,7
1699,1,直肠恶性肿瘤,13569.166666666666,21
1700,1,短暂性大脑缺血性发作和相关的综合征,3360.453846153846,182
1701,1,神经疾患,777.5,14
1702,1,"神经系统的其他变性性疾病,不可归类在他处者",2218.8333333333335,21
1703,1,神经系统的结核,19528.5,14
1704,1,移植器官和组织的失败和排斥,9369.5,7
1705,1,空,1397.0,7
1706,1,窒息,4189.25,14
1707,1,粒细胞缺乏,2415.5,14
1708,1,精神分裂症,1581.6619999999998,175
1709,1,系统性红斑狼疮,12914.0,14
1710,1,紫癜和其他出血性情况,2670.3444444444444,63
1711,1,累及女性生殖道的瘘	,2611.0,7
1712,1,累及循环和呼吸系统的其他症状和体征,2290.5,14
1713,1,累及认知功能和意识的其他症状和体征,896.5,7
1714,1,"累及身体多个部位的其他损伤,不可归类在他处者",12860.0,7
1715,1,累及身体多个部位的开放性伤口,3831.8375,28
1716,1,累及身体多个部位的挤压伤,3064.133333333333,21
1717,1,累及身体多个部位的浅表损伤,945.9545454545455,77
1718,1,累及身体多个部位的骨折,18808.725000000002,28
1719,1,"细菌性肺炎,不可归类在他处者",9668.797002583979,2709
1720,1,"细菌性脑膜炎,不可归类在他处者",49750.5,7
1721,1,结肠恶性肿瘤,7025.5,28
1722,1,肋骨、胸骨和胸部脊柱骨折,12801.603448275862,609
1723,1,肌炎,18927.175,14
1724,1,肌肉其他疾患,2278.5,14
1725,1,肛门及直肠区的裂和瘘,2960.0,7
1726,1,肛门和直肠的其他疾病,4255.0,7
1727,1,肝和肝内胆管恶性肿瘤,8592.86,105
1728,1,肝的其他疾病,6841.75,28
1729,1,肝纤维化和肝硬变,6003.8648,525
1730,1,"肝衰竭,不可归类在他处者",9696.225434782607,322
1731,1,肠憩室病,9426.0,7
1732,1,肠的其他疾病,12285.64,84
1733,1,肠血管疾患,20732.399999999998,21
1734,1,股骨骨折,12168.04,378
1735,1,"肩和上肢烧伤和腐蚀伤,除外腕和手",3840.5,7
1736,1,肩和上臂浅表损伤,626.0,7
1737,1,肩和上臂骨折,10873.553703703703,189
1738,1,肩胛带关节和韧带脱位、扭伤和劳损,6557.0,7
1739,1,肺和纵隔脓肿,3476.766666666667,42
1740,1,肺孢子虫病,29661.5,14
1741,1,肺栓塞,8017.601578947369,133
1742,1,肺气肿,13123.5,7
1743,1,肺水肿,14508.431428571428,49
1744,1,"肺炎,病原体未特指",10191.097932692308,2912
1745,1,肺诊断性影像检查的异常所见,2101.7,28
1746,1,肾(除外肾盂)恶性肿瘤,4770.0,7
1747,1,"肾和输尿管的其他疾患,不可归类在他处者	",12193.930000000002,14
1748,1,肾病综合征	,3666.6666666666665,21
1749,1,胃-食管反流性疾病,1343.0,7
1750,1,胃和十二指肠的其他疾病,6779.712500000001,56
1751,1,胃恶性肿瘤,4604.7699999999995,28
1752,1,胃溃疡,7184.821857142857,490
1753,1,胃炎和十二指肠炎,2546.875,28
1754,1,胃空肠溃疡,5892.52,35
1755,1,胆囊恶性肿瘤,11292.5,7
1756,1,胆囊炎,7367.1,7
1757,1,胆石症,8853.322173913044,161
1758,1,胆道的其他疾病,6061.681250000001,56
1759,1,胎儿生长缓慢和胎儿营养不良,1038.2,7
1760,1,胎盘早期剥离	,14099.0,7
1761,1,胰岛素依赖型糖尿病,4624.551818181818,77
1762,1,胰恶性肿瘤,10247.0,14
1763,1,胰腺内分泌的其他疾患,3546.9166666666665,42
1764,1,"胸腔积液,不可归类在他处者",3175.55,14
1765,1,胸部其他和未特指的损伤,5328.75,14
1766,1,胸部开放性伤口,552.0,7
1767,1,胸部血管损伤,4641.0,7
1768,1,脂环烃和芳香族烃的卤素衍生物的毒性效应,1909.0,7
1769,1,"脊柱和躯干的其他损伤,水平未特指",19671.629999999997,14
1770,1,"脊柱骨折,水平未特指",1473.0,7
1771,1,脊髓性肌萎缩和有关的综合征,7645.1,35
1772,1,脑内出血,8393.368624641835,4886
1773,1,"脑卒中,未特指为出血或梗死",2298.3,14
1774,1,脑和中枢神经系统其他部位的良性肿瘤,12887.8,7
1775,1,脑恶性肿瘤,27274.807500000003,28
1776,1,脑损害和功能障碍及躯体疾病引起的其他精神障碍,4140.383333333333,21
1777,1,脑梗死,6036.371238738739,3108
1778,1,脑炎、脊髓炎和脑脊髓炎,9165.35,35
1779,1,脑的其他疾患,9295.143835616438,511
1780,1,脑神经损伤,2138.9,7
1781,1,脑积水,11122.6,21
1782,1,脑脊膜恶性肿瘤,35594.8,7
1783,1,脑脊膜良性肿瘤,2501.0,7
1784,1,脑血管病后遗症,12409.241333333333,105
1785,1,脑部疾病、损害和功能障碍引起的人格和行为障碍,5033.166666666667,21
1786,1,脓胸,6244.575,14
1787,1,脾疾病,15267.2,14
1788,1,腕和手开放性伤口,9954.7,14
1789,1,腕和手烧伤和腐蚀伤,1974.5,7
1790,1,腰椎和骨盆骨折,13566.451616161617,693
1791,1,腹内器官损伤,10357.039662921348,623
1792,1,腹股沟疝,5029.7,21
1793,1,腹膜炎,15064.071666666667,84
1794,1,腹膜的其他疾患,2957.5,14
1795,1,腹部、下背和骨盆其他和未特指的损伤,2002.7000000000003,14
1796,1,腹部、下背和骨盆开放性伤口,6253.66,35
1797,1,腹部、下背和骨盆部分挤压伤和创伤性切断,156.3,7
1798,1,腹部和盆腔痛,2261.9,7
1799,1,膀胱恶性肿瘤,5853.5,7
1800,1,膀胱的其他疾患	,3089.7,7
1801,1,自主神经系统的疾患,17304.8,7
1802,1,营养性消瘦,4422.0,7
1803,1,蛛网膜下出血,7312.009810126582,1106
1804,1,蜂窝织炎,774.0,7
1805,1,血容量缺失,5023.75,14
1806,1,血管性痴呆,7220.0,7
1807,1,被标明的其他流感病毒引起的流行性感冒,8575.166666666666,21
1808,1,"谵妄,非由酒精和其他精神活性物质所致",1993.7124999999999,56
1809,1,"足骨折,除外踝",7532.0,21
1810,1,踝和足开放性伤口,8225.0,7
1811,1,身体多个部位的烧伤和腐蚀伤,40464.994,35
1812,1,身体未特指部位的损伤,1091.7,21
1813,1,躯干烧伤和腐蚀伤,6115.900000000001,21
1814,1,轻度精神发育迟缓,2055.9,7
1815,1,遗传性因子lX缺乏,2805.5,7
1816,1,部位未特指的恶性肿瘤,2458.0,7
1817,1,部位未特指的消化性溃疡,6040.847368421052,133
1818,1,酒精性肝病,8966.772500000001,112
1819,1,酒精的毒性效应,1691.65,70
1820,1,重症肌无力和其他肌神经疾患,2805.1,14
1821,1,链球菌性肺炎,5625.5599999999995,77
1822,1,链球菌性败血症,26004.286666666667,21
1823,1,镇癫痫药、镇静催眠药和抗帕金森病药中毒,2641.147142857143,196
1824,1,阵发性心动过速,6297.85,98
1825,1,阿尔茨海默病,4712.6,7
1826,1,静脉炎和血栓性静脉炎,10335.1,28
1827,1,非滤泡性淋巴瘤,23306.149999999998,14
1828,1,非糖尿病低血糖性昏迷,6467.1,49
1829,1,非胰岛素依赖型糖尿病,6326.794468085106,658
1830,1,非阿片样镇痛药、解热药和抗风湿药中毒,3294.0,7
1831,1,非风湿性二尖瓣疾患,9402.8,7
1832,1,颅内和椎管内脓肿及肉芽肿,13154.284615384617,91
1833,1,颅内损伤,10815.173755215577,5033
1834,1,颅骨和面骨骨折,9038.21052631579,133
1835,1,颈部其他和未特指的损伤,2693.4249999999997,14
1836,1,颈部开放性伤口,2706.2000000000003,14
1837,1,颈部骨折,9417.105555555556,63
1838,1,风湿性三尖瓣疾病,3823.0,7
1839,1,风湿性二尖瓣疾病,6224.5,7
1840,1,食管恶性肿瘤,7638.699999999999,42
1841,1,食管炎,17643.5,7
1842,1,食管的其他疾病,5343.056,70
1843,1,食管静脉曲张,4477.0,7
1844,1,骨髓增生异常综合征,768.5,7
1845,1,"髋和下肢烧伤和腐蚀伤,除外踝和足",30624.050000000003,21
1846,1,髋和大腿创伤性切断,8704.3,14
1847,1,髋和大腿开放性伤口,4463.75,14
1848,1,髓样白血病,11999.75,28
1849,1,高血压心脏和肾脏病,4521.0,7
1850,1,高血压心脏病,4264.242857142857,49
1851,1,高血压肾脏病,8210.0,7
1852,1,麻痹性肠梗阻和不伴有疝的肠梗阻,5959.670999999999,140
1853,1,鼻和鼻窦的其他疾患,7635.5,7
1854,1,鼻咽恶性肿瘤,8763.45,14
