,basy_zyzd_jbbm_3,count,耗材费
0,0,10,2369.77
1,1,41,1316.5678048780487
2,2,313,745.7954952076677
3,3,50,402.0424
4,4,341,535.7627272727273
5,5,32,2729.875
6,6,33,506.99454545454546
7,7,398,464.6864824120603
8,8,2739,1097.5342278203725
9,9,7354,1431.1936116399238
10,10,8366,1362.950234281616
11,11,3808,1566.2153203781513
12,12,2302,3434.4853562119897
13,13,1419,2781.385158562368
14,14,179,750.5855307262569
15,15,51,4024.0870588235293
16,16,42,2491.085476190476
17,17,49,1062.0653061224489
18,18,73,707.5457534246576
19,19,91,942.1892307692308
20,20,128,1135.891953125
21,21,188,1055.7898936170213
22,22,185,965.4227027027027
23,23,68,2193.7247058823527
24,24,3191,2059.449974929489
25,25,6329,2146.9399241586348
26,26,6969,2162.247790213804
27,27,6721,2013.6043282249664
28,28,6210,1875.7676247987117
29,29,6637,1800.1534789814675
30,30,480,1093.7425416666667
31,31,368,1088.9224456521738
32,32,528,1019.731231060606
33,33,500,980.33372
34,34,271,1047.5177859778598
35,35,242,1164.8137603305786
36,36,93,640.6965591397849
37,37,43,3950.792790697675
38,38,46,924.6654347826087
39,39,202,531.9158910891089
40,40,84,575.1054761904762
41,41,96,1051.2040625
42,42,68,514.7751470588236
43,43,127,683.4256692913385
44,44,54,517.4996296296296
45,45,74,2565.457027027027
46,46,17,841.1529411764706
47,47,8,277.91625
48,48,360,863.642111111111
49,49,114,654.7071929824561
50,50,426,803.37441314554
51,51,318,1055.4356918238993
52,52,209,951.0752631578948
53,53,663,838.6187481146304
54,54,228,610.7676754385965
55,55,1285,1498.4392529182878
56,56,1019,1238.699617271835
57,57,32,598.5378125
58,58,2197,1596.9505644060082
59,59,84,590.292261904762
60,60,804,1372.0468532338307
61,61,791,977.0231605562578
62,62,1550,1088.9081419354839
63,63,843,1129.8107473309608
64,64,243,1269.4836625514401
65,65,188,1050.4956914893617
66,66,1381,1025.5972700941347
67,67,523,1400.1424091778201
68,68,251,2833.3419920318725
69,69,890,1030.069584269663
70,70,225,1183.154311111111
71,71,791,800.3859544879899
72,72,236,1046.6461864406779
73,73,634,704.0328706624606
74,74,592,629.3765709459459
75,75,150,1027.1170666666667
76,76,609,750.51039408867
77,77,222,497.6842792792793
78,78,394,721.6451269035533
79,79,410,1438.9928780487803
80,80,678,959.7085250737463
81,81,295,434.5983050847458
82,82,1407,1532.289722814499
83,83,594,1268.61101010101
84,84,1349,1582.3018161601185
85,85,347,995.8523919308358
86,86,545,1887.1643486238534
87,87,3084,1656.2606939040209
88,88,138,3130.1638405797103
89,89,1982,1684.834561049445
90,90,54,4609.417592592592
91,91,907,1913.673197353914
92,92,2750,1484.6033672727274
93,93,64,2737.5396875
94,94,755,1528.7048741721853
95,95,360,1998.8494722222224
96,96,1335,1611.1811685393257
97,97,676,1472.3605917159764
98,98,124,11003.677822580645
99,99,345,7085.275739130435
100,100,664,1583.1393674698795
101,101,58,4320.32224137931
102,102,244,11865.318483606557
103,103,220,11846.236545454545
104,104,70,2683.0238571428567
105,105,90,10047.335333333334
106,106,148,7546.255945945947
107,107,58,11086.883620689656
108,108,24,619.5708333333333
109,109,90,12437.636111111111
110,110,12,2219.2925
111,111,49,1992.9104081632654
112,112,31,1016.0203225806451
113,113,99,2813.047474747475
114,114,89,1878.9320224719102
115,115,65,2133.9075384615385
116,116,145,4905.668344827586
117,117,151,7084.333178807948
118,118,270,8605.92774074074
119,119,196,6595.560459183674
120,120,256,6855.1168359375
121,121,258,8470.742209302327
122,122,354,6370.051638418078
123,123,321,6125.733925233645
124,124,226,8478.939601769913
125,125,465,5600.380666666667
126,126,398,4515.323291457286
127,127,483,3671.587142857143
128,128,276,5730.623188405797
129,129,1230,7717.65225203252
130,130,2610,9008.40750191571
131,131,4436,9780.630946798918
132,132,4671,9733.188122457717
133,133,3424,8994.526775700935
134,134,7858,8999.497057775514
135,135,5086,9652.451645694062
136,136,9365,8582.478345969033
137,137,5883,8267.249976202618
138,138,10285,8093.687944579485
139,139,7510,9387.599051930758
140,140,5302,7972.570726141079
141,141,9399,7991.183704649431
142,142,4134,8693.564954039672
143,143,6325,7902.342320948616
144,144,2807,7896.947826861418
145,145,10167,7211.511056358808
146,146,10615,9120.167155911446
147,147,15510,9623.228818826563
148,148,3451,6123.157510866416
149,149,8352,9500.393302203065
150,150,7487,9392.707213837317
151,151,7771,9092.908201003731
152,152,6901,8621.821553398058
153,153,495,3833.331191919192
154,154,14797,9144.56172399811
155,155,438,5830.205958904109
156,156,541,2966.3060258780038
157,157,8406,8053.330561503688
158,158,679,3937.460250368189
159,159,2446,3534.153045789043
160,160,3924,3408.459006116208
161,161,2851,3394.6390354261666
162,162,1087,4452.2753633854645
163,163,3997,3643.941953965474
164,164,4752,3486.95429503367
165,165,1258,4719.845031796503
166,166,3608,4017.4782483370286
167,167,4514,3595.081360212672
168,168,1128,4129.981418439716
169,169,2506,3398.631169193935
170,170,5941,3572.046192560175
171,171,1619,3062.8994193946883
172,172,962,4797.047515592516
173,173,3598,4012.921981656476
174,174,2726,3336.419471753485
175,175,1284,3523.2281308411216
176,176,3273,3768.4501680415524
177,177,2676,4474.497615844543
178,178,263,5407.149961977186
179,179,2924,4806.893816689466
180,180,3243,4835.3997748997845
181,181,2747,4762.120298507463
182,182,5459,4057.6022256823594
183,183,3727,4509.537099543869
184,184,1475,6012.953857627118
185,185,2915,4232.190188679246
186,186,6649,4135.993086178373
187,187,3087,4957.746848072562
188,188,4533,4456.184153981911
189,189,3336,3965.346900479616
190,190,1773,4754.287021996616
191,191,2957,3787.01772404464
192,192,4220,4023.862720379147
193,193,1841,3402.810358500815
194,194,2198,3764.34661055505
195,195,1331,3503.6233508640116
196,196,1553,2072.7666902768833
197,197,1922,2672.6731425598337
198,198,2432,2436.9236965460527
199,199,1524,1970.5161745406824
200,200,1060,1810.818216981132
201,201,1200,1565.5734916666665
202,202,1397,1970.5369935576236
203,203,1435,1880.2597421602786
204,204,1236,3236.3042961165047
205,205,1533,2762.8849380300067
206,206,1513,4819.9055651024455
207,207,1104,7196.606313405797
208,208,1190,4357.995184873949
209,209,1190,3300.9550924369746
210,210,1624,4167.850782019705
211,211,2447,3760.422219043727
212,212,1584,2580.3074873737373
213,213,5368,1945.12493852459
214,214,2592,3035.7342322530862
215,215,9965,1429.7185619668842
216,216,14706,1458.7428886168912
217,217,10333,2161.3825413723025
218,218,3833,3247.0055465692667
219,219,7969,1947.3298556908017
220,220,13506,1521.08728046794
221,221,5493,3199.727050791917
222,222,9945,2086.166840623429
223,223,7727,2054.5746848712306
224,224,5311,2850.866526077951
225,225,6413,2217.1709683455483
226,226,11834,2078.8837358458677
227,227,12668,2638.8619979475843
228,228,12370,2516.3949506871463
229,229,6482,2392.2072431348347
230,230,5912,2691.5435977672532
231,231,8845,2327.9008807235728
232,232,7404,2979.827131280389
233,233,4958,2374.8251230334813
234,234,8613,3367.699719029374
235,235,9854,3250.2545879845748
236,236,2198,5436.429858962693
237,237,7899,3431.6691859729076
238,238,6051,3747.977180631301
239,239,2818,5457.637214336409
240,240,4102,4479.998815212091
241,241,2462,5020.6587002437045
242,242,2265,7041.37276379691
243,243,2183,5441.7614704535035
244,244,2430,3711.1429547325106
245,245,2439,6923.660455104552
246,246,1743,4853.149627079748
247,247,2613,4514.0925717566015
248,248,1773,4750.577507050198
249,249,1546,2477.453648124191
250,250,1968,4337.9230538617885
251,251,1783,3889.977195737521
252,252,1202,2762.416638935108
253,253,581,3718.083562822719
254,254,1171,3357.7872331340736
255,255,816,2668.713161764706
256,256,930,2229.549494623656
257,257,623,2632.47948635634
258,258,1302,2452.7830568356376
259,259,591,752.2746869712353
260,260,760,856.5234736842104
261,261,1099,1807.4105641492265
262,262,885,611.2714915254237
263,263,756,656.0444444444444
264,264,767,831.2807301173402
265,265,675,827.625674074074
266,266,755,845.3747682119205
267,267,754,568.511299734748
268,268,1797,675.2373233166388
269,269,589,1676.0030560271648
270,270,829,731.5705428226779
271,271,609,2477.960114942529
272,272,1162,1939.3954475043026
273,273,636,2425.9448427672955
274,274,550,984.9341818181819
275,275,784,2068.3639413265305
276,276,299,4664.359498327759
277,277,57,2995.5312280701755
278,278,264,1095.737121212121
279,279,680,3986.6813382352943
280,280,132,1833.675
281,281,143,2015.1690209790208
282,282,881,4777.612973893303
283,283,255,6618.943137254902
284,284,2492,4405.058467094703
285,285,1628,4108.295485257985
286,286,1698,4079.6933097762076
287,287,5112,1222.848838028169
288,288,1485,4010.6295555555553
289,289,13401,1145.8167591970748
290,290,6545,1716.443847211612
291,291,8185,2053.8176456933415
292,292,1972,3595.7243103448277
293,293,7412,2220.8427415002698
294,294,806,7609.52358560794
295,295,5363,1646.7262390453104
296,296,7234,1787.203056400332
297,297,5399,1231.2400314873123
298,298,5812,1696.0992997247076
299,299,709,2450.5295345557124
300,300,635,5266.791322834646
301,301,5436,1957.6079231052245
302,302,599,10871.720150250418
303,303,234,3407.9119230769234
304,304,305,2644.4792459016394
305,305,349,2528.4450716332376
306,306,482,10279.194419087136
307,307,286,2248.887937062937
308,308,336,3228.394821428571
309,309,585,2010.8365470085473
310,310,158,3354.6025949367086
311,311,378,655.690529100529
312,312,141,4271.560141843972
313,313,274,2069.0368978102188
314,314,254,1598.8017322834646
315,315,261,2318.0821072796934
316,316,237,1541.334430379747
317,317,164,4286.706890243902
318,318,289,1667.1732525951556
319,319,160,6950.2844375
320,320,249,2064.784457831325
321,321,77,8968.066233766234
322,322,55,804.0743636363637
323,323,168,3938.914880952381
324,324,160,7340.753625
325,325,127,9483.627952755905
326,326,126,7515.01253968254
327,327,167,7963.283353293414
328,328,84,8525.544404761904
329,329,97,4063.7329896907213
330,330,107,8196.951495327103
331,331,69,621.9297101449275
332,332,165,1122.3674545454546
333,333,775,2955.872322580645
334,334,215,6794.901534883721
335,335,1264,2653.976368670886
336,336,144,709.385625
337,337,961,2653.469937565036
338,338,176,799.0726704545455
339,339,341,599.2193255131965
340,340,2621,2564.3149828309806
341,341,907,2605.5352811466373
342,342,936,2118.1718055555557
343,343,950,2374.1344736842107
344,344,251,878.4194023904382
345,345,725,1794.9166068965517
346,346,178,667.1824719101123
347,347,259,660.9492277992279
348,348,274,582.5702919708029
349,349,95,1645.5737894736842
350,350,250,523.81124
351,351,355,2355.1135774647887
352,352,35,4180.7814285714285
353,353,194,516.4771134020618
354,354,180,445.2596111111111
355,355,72,433.7105555555556
356,356,273,437.40322344322345
357,357,100,815.0932
358,358,178,533.5108988764046
359,359,68,572.2338235294118
360,360,22,509.03681818181815
361,361,186,433.40349462365594
362,362,399,453.9370426065163
363,363,156,506.6202564102564
364,364,259,472.00853281853284
365,365,292,652.846301369863
366,366,340,667.0450588235294
367,367,434,426.58566820276496
368,368,306,605.5553267973856
369,369,17,479.6305882352941
370,370,251,434.65529880478084
371,371,516,818.905
372,372,277,647.4426353790614
373,373,92,5841.202717391305
374,374,430,751.2783255813953
375,375,44,6156.8125
376,376,215,737.8998139534883
377,377,7,350.7542857142857
378,378,14,787.8714285714286
379,379,116,457.2898275862069
380,380,4,1541.8175
381,381,9,442.0422222222222
382,382,16,343.97375
383,383,197,732.4477157360407
384,384,13,806.6076923076923
385,385,17,548.3635294117647
386,386,2,1111.5
387,387,8,787.0975
388,388,5,887.052
389,389,1,692.3900000000001
390,390,7,457.49857142857144
391,391,15,466.00333333333333
392,392,62,436.7164516129032
393,393,113,1777.2423008849557
394,394,70,768.0817142857143
395,395,307,2122.2402280130295
396,396,416,3076.1804086538464
397,397,206,2300.930582524272
398,398,68,562.6330882352942
399,399,248,1834.6741935483872
400,400,276,2133.9765579710147
401,401,401,1464.5572319201995
402,402,928,13060.880409482757
403,403,479,14873.025052192066
404,404,434,2632.5492857142854
405,405,442,3387.4172171945697
406,406,368,17763.469375
407,407,865,13807.747826589597
408,408,337,547.0588724035608
409,409,234,5058.141367521368
410,410,657,23309.449360730596
411,411,926,15107.609751619872
412,412,1059,1248.5290557129367
413,413,755,4064.211006622517
414,414,410,8684.599
415,415,1003,1547.0975274177467
416,416,3851,1158.5435471306155
417,417,3787,2950.424388698178
418,418,938,5612.084658848614
419,419,1004,6191.2609760956175
420,420,2992,1935.684154411765
421,421,4365,1422.6487926689576
422,422,1440,3035.495819444445
423,423,1794,4755.604665551839
424,424,4666,1897.5044727818258
425,425,4377,1414.86610235321
426,426,1279,5243.816770914777
427,427,1626,6767.851795817958
428,428,1332,4050.570773273273
429,429,281,2251.567259786477
430,430,430,1381.4543953488374
431,431,2249,1309.4091863050246
432,432,1078,1717.466215213358
433,433,1343,3427.4358376768428
434,434,1874,2099.315971184632
435,435,616,1876.295827922078
436,436,373,982.416166219839
437,437,470,5867.505340425531
438,438,2045,2575.99680195599
439,439,1313,2637.04993907083
440,440,2199,2359.2467939972717
441,441,1765,1481.5423002832863
442,442,1425,3589.099354385965
443,443,1097,1157.5924703737464
444,444,1816,3687.41454845815
445,445,784,6123.253035714286
446,446,2020,2379.5324752475244
447,447,3445,2432.3126328011613
448,448,1545,2739.7242653721682
449,449,1521,2316.265305719921
450,450,2760,1225.1255579710146
451,451,903,840.9786046511628
452,452,2326,1118.269105760963
453,453,1146,2493.8349040139615
454,454,1940,1114.935118556701
455,455,3565,1244.089624123422
456,456,1055,1769.7515924170616
457,457,58074,2354.7592712745804
458,458,13449,2779.2935392966024
459,459,29801,2586.8836159860407
460,460,7895,2791.068363521216
461,461,364,1705.3918681318683
462,462,25618,2784.5649953157936
463,463,27169,2608.6971257683385
464,464,61279,2587.932911764226
465,465,40893,2664.4478028024355
466,466,27189,2742.609923130678
467,467,27292,2799.4319020225707
468,468,7286,3310.0404474334337
469,469,3010,5272.583365448505
470,470,1240,3231.022040322581
471,471,4649,4109.635160249516
472,472,3009,3811.0942107012297
473,473,17217,2854.2456606842075
474,474,6496,3049.274967672414
475,475,2165,3781.2788868360276
476,476,1215,3374.5533086419755
477,477,647,1040.7341576506956
478,478,2371,2596.5040489245043
479,479,474,790.2356118143459
480,480,2619,1408.1539557082856
481,481,1453,1179.6130075705437
482,482,1204,1897.586719269103
483,483,821,4037.483946406821
484,484,906,1345.352417218543
485,485,610,1714.4008360655737
486,486,902,1414.827694013304
487,487,1746,1228.6455555555556
488,488,2153,1047.7477008824894
489,489,1965,1326.3967124681933
490,490,1392,1062.2357183908048
491,491,1357,1570.6144804716287
492,492,757,1752.1730250990752
493,493,1023,1584.786871945259
494,494,474,1718.2491561181434
495,495,475,1928.8012631578947
496,496,1686,880.3682087781732
497,497,354,1363.787966101695
498,498,1517,1432.590112063283
499,499,758,537.257493403694
500,500,531,5118.465649717515
501,501,981,2498.7502242609585
502,502,456,4821.635789473684
503,503,769,20120.046085825747
504,504,483,14764.389130434784
505,505,729,1951.9244855967077
506,506,1333,8467.470982745686
507,507,1008,2727.756904761905
508,508,1346,11233.680765230312
509,509,1144,13214.611634615385
510,510,10373,6160.812734985057
511,511,11246,7931.771780188511
512,512,5083,6357.738272673618
513,513,10200,5412.476166666666
514,514,4775,6735.759604188482
515,515,22616,3910.456900866643
516,516,19844,4812.022461197339
517,517,12350,6116.581668016194
518,518,30275,5011.676726341866
519,519,7119,9564.726986936368
520,520,25005,4131.189615676864
521,521,17779,4849.174732549637
522,522,22483,3084.057773428813
523,523,13487,5007.079126566324
524,524,2198,8876.46550045496
525,525,20080,2802.5367211155376
526,526,7449,7032.757746006176
527,527,3690,7198.133669376693
528,528,1303,24282.29108211819
529,529,1791,25820.169240647683
530,530,10867,7320.453202355756
531,531,1636,18831.946577017115
532,532,2070,22299.872425120775
533,533,3001,36889.5487170943
534,534,2540,27539.73482677165
535,535,7748,9106.96826019618
536,536,6966,13831.31566609245
537,537,3495,30933.406311874107
538,538,10980,13331.88503369763
539,539,8076,18635.60870851907
540,540,19060,12095.039034102834
541,541,18381,9388.219824819107
542,542,12405,10007.458246674727
543,543,21307,9257.082456000375
544,544,9404,18191.03213526159
545,545,26735,6396.535459884048
546,546,16027,5632.068171835029
547,547,26412,9990.496931319098
548,548,19256,9196.540446614043
549,549,6314,17309.13418118467
550,550,25854,6743.801860447126
551,551,5810,16193.83609466437
552,552,6064,19015.78433707124
553,553,4264,24272.93126172608
554,554,9169,16936.631136437994
555,555,2945,19877.17459762309
556,556,14299,6621.433368067697
557,557,12752,5767.740419542032
558,558,10993,5741.013638679159
559,559,3900,5506.656884615385
560,560,10016,6539.083294728434
561,561,4040,6713.537430693069
562,562,10103,2421.1753795902205
563,563,12806,4414.028111041699
564,564,18118,1980.1410978032893
565,565,8389,2069.954206699249
566,566,7175,2897.108900348432
567,567,12650,2247.903881422925
568,568,616,6784.21025974026
569,569,1787,3352.979099048685
570,570,1632,10066.051158088236
571,571,1554,5843.500386100386
572,572,1191,5568.912233417296
573,573,3767,1929.3397318821342
574,574,7977,1936.6299711671054
575,575,1470,527.4668707482994
576,576,2183,1006.2912688960146
577,577,2832,1371.230515536723
578,578,14760,607.266464092141
579,579,13581,576.8095935498122
580,580,8566,855.418624795704
581,581,9901,1117.249994950005
582,582,16008,568.2010157421289
583,583,16579,599.1139043368116
584,584,10641,645.550690724556
585,585,23916,704.3592511289514
586,586,24993,765.7699515864441
587,587,19220,690.1182003121748
588,588,42689,752.9605547096442
589,589,17667,888.5937833248429
590,590,22503,1055.7620961649557
591,591,4287,973.7472195008164
592,592,4430,929.1700677200903
593,593,5871,1242.681200817578
594,594,9211,1483.189788296602
595,595,14209,1072.3455310014779
596,596,9969,1249.8772715417795
597,597,19334,1550.269954484328
598,598,27488,938.6061303114086
599,599,20233,717.6472742549302
600,600,6469,729.1579842324934
601,601,6860,1338.7953309037903
602,602,18311,847.1266118726448
603,603,19170,676.3452357850808
604,604,1056,592.6010037878788
605,605,3172,3308.252976040353
606,606,28987,1075.721485493497
607,607,31056,686.8145929933024
608,608,18841,531.2030895387718
609,609,4697,846.0522461145412
610,610,1998,1237.7073723723724
611,611,1452,1228.2139600550963
612,612,172,1366.2895930232557
613,613,482,744.2411410788382
614,614,389,8256.367043701799
615,615,8684,766.2225138185167
616,616,1065,1922.567089201878
617,617,776,2121.0304639175256
618,618,908,1431.7151211453745
619,619,175,1539.9910285714286
620,620,1810,3506.1081712707182
621,621,2033,1634.850324643384
622,622,1736,2203.1415322580647
623,623,5986,1070.478316070832
624,624,9504,2171.6363594276095
625,625,5233,2457.8799961781006
626,626,1950,2137.2480666666665
627,627,4808,1227.6482861896839
628,628,6773,2109.9944574044
629,629,4159,3077.0808824236597
630,630,5783,1092.252872211655
631,631,6008,2642.43771138482
632,632,7224,2170.4957419712073
633,633,12759,1942.3352786268517
634,634,5796,2976.62244478951
635,635,926,1011.2586285097192
636,636,509,3848.935304518664
637,637,1032,3564.772781007752
638,638,1397,2336.668768790265
639,639,742,1305.427412398922
640,640,3224,1636.770666873449
641,641,3554,3574.5533033202023
642,642,2809,2371.366735493058
643,643,2510,1572.5604980079681
644,644,2782,1337.9760783608915
645,645,1748,1461.3064130434782
646,646,2807,931.5168257926612
647,647,2686,1430.486798212956
648,648,7634,1249.0215090385118
649,649,12830,1521.9082424006235
650,650,5568,1593.3383908045978
651,651,11818,1466.9495422237267
652,652,5861,1445.4325900017063
653,653,16941,2370.0781524113095
654,654,15073,1489.5313892390366
655,655,22415,2028.9353941556992
656,656,13454,1621.5926698379665
657,657,6075,1144.4217251028808
658,658,24079,2049.067043897172
659,659,34307,1908.1100454717696
660,660,26812,2196.9077983738625
661,661,2471,2478.4108903278025
662,662,11689,3129.4268038326627
663,663,16585,3531.2986837503768
664,664,19074,3215.8127718360074
665,665,2635,2937.386937381404
666,666,2526,3584.9730799683293
667,667,5019,2108.635839808727
668,668,12905,1641.8828562572648
669,669,5046,1559.5787039239
670,670,10092,1395.4410285374554
671,671,11558,1054.8660019034435
672,672,16010,2265.842201748907
673,673,9595,1404.9779989577905
674,674,9941,1456.6369540287699
675,675,12871,1444.7719415740812
676,676,13800,1201.9603789855073
677,677,17064,1437.8579295593063
678,678,14446,1126.4465859061334
679,679,17075,1646.5113985358712
680,680,19925,1189.8694715181932
681,681,26127,1472.4614046771537
682,682,37024,2027.5130944792568
683,683,8584,1953.634941752097
684,684,21140,2608.4680402081362
685,685,3879,3262.2740964166023
686,686,7938,2861.4289166036783
687,687,22766,2603.977164192216
688,688,28427,2395.6434069722445
689,689,29073,2443.936857565439
690,690,14298,2183.98132536019
691,691,27154,2485.3376025631583
692,692,42465,2514.811077122336
693,693,42050,2374.080516527943
694,694,3016,2730.7688693633954
695,695,7515,1849.2799055222888
696,696,9553,2052.1373003245053
697,697,8325,1424.083953153153
698,698,2776,3778.446055475504
699,699,3266,1530.247486221678
700,700,4407,1582.3889176310415
701,701,22502,2372.5110025775484
702,702,867,1056.6703229527106
703,703,1904,1530.1798266806722
704,704,2412,1773.2867454394693
705,705,3132,1190.5490229885058
706,706,1046,2569.2302963671127
707,707,1073,1564.8669711090402
708,708,981,2019.829887869521
709,709,1596,1007.7953320802005
710,710,26,413.32653846153846
711,711,170,548.4817058823529
712,712,484,949.5181818181818
713,713,288,558.2572222222221
714,714,210,530.6591428571428
715,715,181,683.5401657458564
716,716,557,1603.325565529623
717,717,81,646.4133333333334
718,718,247,712.4478137651822
719,719,257,426.49953307392997
720,720,205,419.4506341463415
721,721,244,452.6837704918033
722,722,163,498.5756441717792
723,723,86,482.68918604651157
724,724,140,399.1775714285714
725,725,141,609.4598581560283
726,726,92,512.4639130434782
727,727,174,401.9785057471264
728,728,99,785.1132323232324
729,729,65,852.2956923076923
730,730,155,609.9994193548388
731,731,548,621.6733759124088
732,732,509,665.3279371316306
733,733,46,2173.413695652174
734,734,99,720.5156565656566
735,735,197,798.3468527918781
736,736,918,588.3427777777778
737,737,60,1759.651
738,738,414,591.1054830917875
739,739,157,713.7807643312102
740,740,869,631.1074223245109
741,741,664,1169.9424548192771
742,742,790,942.0759746835444
743,743,397,1766.946095717884
744,744,758,850.7861741424803
745,745,394,717.1581218274112
746,746,219,635.8609589041096
747,747,277,2949.2037906137184
748,748,594,2761.4154545454544
749,749,434,1960.4736405529954
750,750,212,2038.0978301886792
751,751,966,1587.6172774327122
752,752,479,2803.726701461378
753,753,342,2379.1183918128654
754,754,659,1912.351153262519
755,755,1169,2687.3997091531223
756,756,623,2869.318988764045
757,757,1119,1734.004218051832
758,758,306,2308.098366013072
759,759,860,3492.2271395348835
760,760,842,3011.744536817102
761,761,1318,3422.28375569044
762,762,2850,7348.66650877193
763,763,4841,7386.014067341459
764,764,959,4428.932314911366
765,765,874,4026.9963501144166
766,766,1412,4926.023151558074
767,767,4857,7307.948575252212
768,768,4977,6689.991032750653
769,769,4768,7236.243611577181
770,770,1453,4465.0478940123885
771,771,1185,5373.297299578059
772,772,3146,7202.461567069295
773,773,6980,8268.277425501432
774,774,4232,6769.26084120983
775,775,2389,5270.633260778568
776,776,3217,7387.336381722102
777,777,1197,3570.662681704261
778,778,1787,5070.485551203134
779,779,2970,5261.447717171717
780,780,2507,6422.124654966095
781,781,1713,7558.874611792178
782,782,1990,4855.634929648241
783,783,3449,6792.278460423311
784,784,3081,7302.218192145408
785,785,2620,8064.2157022900765
786,786,4663,5164.383825863179
787,787,7451,5070.053166017984
788,788,2119,8808.181250589902
789,789,2828,5088.263352192362
790,790,7966,6062.45125910118
791,791,3203,9521.100821105214
792,792,5784,4227.701047717842
793,793,6623,4760.355814585535
794,794,4143,5490.293050929278
795,795,3484,7669.673714121699
796,796,6379,3827.83918168992
797,797,11472,4867.645499476987
798,798,2602,7135.001087624904
799,799,6418,5177.083200373949
800,800,4872,4765.557748357965
801,801,1386,1447.2646753246754
802,802,3711,2804.1216195095662
803,803,5953,3911.070181421132
804,804,2484,7288.340813204508
805,805,2039,2526.0758116723887
806,806,6397,4626.70796467094
807,807,4954,2694.24400484457
808,808,4896,4870.6312990196075
809,809,4632,7847.767592832471
810,810,4261,3209.677078150669
811,811,2134,4511.80427366448
812,812,5227,6063.431892098718
813,813,6731,4496.748233546278
814,814,1694,2471.141458087367
815,815,3631,6084.126036904434
816,816,3043,3132.086937232994
817,817,1377,3581.055250544662
818,818,3376,9762.868761848342
819,819,2147,7408.725435491383
820,820,1099,3767.422957233849
821,821,2125,7254.50209882353
822,822,3692,5103.9577925243775
823,823,453,3108.177439293598
824,824,593,3872.893018549747
825,825,745,3492.1949395973156
826,826,1195,2709.3766778242675
827,827,1462,8484.944596443229
828,828,10346,3544.1345640827376
829,829,14175,3598.8427971781302
830,830,688,825.2233139534884
831,831,994,1033.8018209255533
832,832,5464,1879.548413250366
833,833,30194,3295.620688878585
834,834,2285,3378.602319474836
835,835,3022,2891.739718729318
836,836,12462,3414.5509412614347
837,837,21041,2872.70441661518
838,838,26192,3697.978555665852
839,839,4045,3702.2351372064277
840,840,10459,2690.417637441438
841,841,36071,3140.479165257409
842,842,6819,2726.2015280832966
843,843,4206,3569.6959629101284
844,844,4360,2637.33323853211
845,845,11573,1968.8966732912813
846,846,1882,2643.68178533475
847,847,7467,3308.2254104727467
848,848,20219,3167.9659913942332
849,849,1458,2087.658216735254
850,850,2330,1871.5903519313306
851,851,2256,1747.5080496453902
852,852,10330,2289.0190929332043
853,853,6057,2263.4716080567937
854,854,3224,3079.6503008684863
855,855,6564,1946.032134369287
856,856,5769,2213.282145952505
857,857,4950,2162.637955555556
858,858,5726,2127.4810059378274
859,859,4073,2063.0718733120552
860,860,6093,2040.8286262924669
861,861,4923,2104.2807739183427
862,862,1433,2280.8184577808793
863,863,3316,2123.7826477683957
864,864,4306,1802.7765954482118
865,865,1329,964.329036869827
866,866,3247,2246.6674992300586
867,867,6092,2191.9616841759685
868,868,7216,1475.4281444013304
869,869,4208,2134.9375047528515
870,870,4907,2157.8475606276747
871,871,4991,2791.848076537768
872,872,4339,2049.553178151648
873,873,7095,1241.650115574348
874,874,10730,1172.0524930102517
875,875,5083,2129.3975782018492
876,876,3916,2495.571149131767
877,877,5298,1682.762227255568
878,878,8268,1652.9976790033866
879,879,9696,1314.5511241749175
880,880,7665,2186.410806262231
881,881,5946,1200.941802892701
882,882,6656,1600.3616150841347
883,883,14047,1304.0763771623836
884,884,8174,1229.392580132126
885,885,2813,1215.859836473516
886,886,6458,1044.0156503561475
887,887,7617,806.3215898647761
888,888,2721,819.2739287026828
889,889,3191,1291.7649608273268
890,890,6459,1415.6116039634617
891,891,2122,2080.29938265787
892,892,3696,708.4360173160173
893,893,4079,1057.258438342731
894,894,8900,895.3732134831461
895,895,4832,1137.5976552152317
896,896,2558,939.6931743549649
897,897,4334,1161.1937263497923
898,898,2038,759.4271687929343
899,899,7204,1201.1237729039424
900,900,3079,1321.6753816174082
901,901,3266,640.0825107164727
902,902,4471,1159.3755222545292
903,903,7010,919.1564935805991
904,904,1904,692.3108981092437
905,905,1205,622.0538257261411
906,906,1992,679.0750251004016
907,907,3293,868.492171272396
908,908,1183,1023.8989771766695
909,909,3296,907.7267202669902
910,910,5481,1121.961510673235
911,911,2589,872.1386790266512
912,912,3364,955.0262960760999
913,913,1143,1088.3293088363953
914,914,4151,755.8920669718141
915,915,5054,931.5473605065296
916,916,1591,1017.9031363922061
917,917,10090,896.7974271555995
918,918,2855,966.1735866900175
919,919,12337,889.410736807976
920,920,4553,941.903992971667
921,921,9938,913.5644093378949
922,922,8492,847.0531123410269
923,923,13409,924.732040420613
924,924,12080,905.4019842715232
925,925,4730,958.9512727272727
926,926,12077,938.0134511882089
927,927,9739,912.6178437211213
928,928,12409,904.3362849544686
929,929,13576,856.3501075427225
930,930,10448,969.0173746171515
931,931,6998,883.6220820234353
932,932,7010,863.2052196861626
933,933,5289,898.8777765172999
934,934,6040,916.0965331125827
935,935,4630,904.3751166306696
936,936,1991,1130.1278051230538
937,937,2925,1012.1103863247863
938,938,8356,912.7594722355194
939,939,3327,663.3412714156899
940,940,4661,823.064035614675
941,941,4412,729.946219401632
942,942,5147,845.251225956868
943,943,6897,756.7900956937799
944,944,5126,838.1112621927429
945,945,5641,809.8526006027299
946,946,4536,687.9403549382716
947,947,5067,873.3052239984212
948,948,6214,785.8971017058255
949,949,5166,596.8768660472319
950,950,4728,801.2073350253806
951,951,6072,764.8538306982872
952,952,3742,668.6260823089257
953,953,3256,886.1513544226044
954,954,1898,905.8263171759747
955,955,1148,898.1019773519163
956,956,1489,903.6709536601746
957,957,3370,753.6675430267063
958,958,642,923.5406853582555
959,959,3132,884.1180363984674
960,960,4434,752.6329409111412
961,961,1120,746.2623839285715
962,962,3429,888.8767483231263
963,963,1258,1145.2990858505564
964,964,3304,853.9897003631962
965,965,3411,808.963221929053
966,966,3501,1020.1595229934305
967,967,5382,855.425232255667
968,968,574,1329.6702264808362
969,969,663,790.4587028657617
970,970,6429,998.7859340488411
971,971,1588,553.1828022670026
972,972,1140,1209.8138245614034
973,973,1018,1358.590913555992
974,974,79,533.5039240506329
975,975,516,1049.7062403100776
976,976,2505,818.2427744510977
977,977,2329,782.2103306139975
978,978,2911,949.7522706973548
979,979,1517,582.419301252472
980,980,567,1043.9638447971781
981,981,2326,768.5714531384351
982,982,3128,645.9914609974425
983,983,1792,556.1219921875
984,984,1508,1091.0600464190982
985,985,2860,574.5718706293707
986,986,148,959.3308783783784
987,987,533,829.9228893058162
988,988,63,1316.8195238095238
989,989,177,742.3937288135594
990,990,888,618.2550900900901
991,991,242,825.7152066115704
992,992,549,966.2801821493624
993,993,1770,619.7447627118644
994,994,275,516.7390181818182
995,995,499,512.854629258517
996,996,365,596.8036164383561
997,997,86,1119.576511627907
998,998,503,525.7688071570577
999,999,279,667.0577777777778
1000,1000,361,488.0736288088642
1001,1001,325,985.9975076923077
1002,1002,403,901.5233498759304
1003,1003,421,793.4360332541568
1004,1004,98,1177.4075510204082
1005,1005,107,1455.895327102804
1006,1006,114,867.3667543859649
1007,1007,158,1254.3593670886075
1008,1008,126,933.0623015873016
1009,1009,108,1624.8532407407406
1010,1010,269,875.6318587360595
1011,1011,127,1597.7837007874016
1012,1012,157,2581.288025477707
1013,1013,68,3451.3276470588235
1014,1014,92,2445.495
1015,1015,80,6232.736625
1016,1016,169,1701.8120118343195
1017,1017,224,3419.888660714286
1018,1018,326,1880.5462576687116
1019,1019,98,5574.565714285715
1020,1020,695,14252.262776978418
1021,1021,75,3452.006
1022,1022,192,4810.56703125
1023,1023,590,2036.3543389830509
1024,1024,334,7125.8770059880235
1025,1025,877,17396.60781071836
1026,1026,1224,11212.05260620915
1027,1027,323,8596.453777089782
1028,1028,1968,12774.328348577237
1029,1029,679,5018.838159057437
1030,1030,839,18978.621847437425
1031,1031,1540,8131.02975974026
1032,1032,700,10278.159642857143
1033,1033,1360,9916.955176470588
1034,1034,1309,9355.07345301757
1035,1035,538,13583.146821561339
1036,1036,1368,13910.631184210528
1037,1037,858,6178.810303030304
1038,1038,482,7968.973029045643
1039,1039,559,2437.143237924866
1040,1040,632,8093.808765822784
1041,1041,519,4664.216705202312
1042,1042,494,2640.215182186235
1043,1043,650,4323.233323076924
1044,1044,244,3253.3622540983606
1045,1045,951,15208.015867507886
1046,1046,450,2861.9865555555552
1047,1047,199,4956.532261306533
1048,1048,859,1696.5298253783471
1049,1049,441,7479.64537414966
1050,1050,224,3393.9764285714286
1051,1051,591,2036.0674111675128
1052,1052,724,3415.086837016575
1053,1053,404,2089.765569306931
1054,1054,641,1962.3827145085804
1055,1055,456,2403.4127850877194
1056,1056,787,1885.3112325285895
1057,1057,542,3510.4728228782287
1058,1058,588,1414.1115136054423
1059,1059,468,1608.8912820512821
1060,1060,519,4086.121078998073
1061,1061,223,3357.0295515695066
1062,1062,766,2458.5676501305484
1063,1063,279,5501.120573476703
1064,1064,2652,1065.6897775263951
1065,1065,341,6234.136510263929
1066,1066,297,4859.761346801347
1067,1067,466,3534.226759656652
1068,1068,221,5046.028009049774
1069,1069,379,1883.7818205804751
1070,1070,360,3972.2505277777777
1071,1071,589,2411.015687606112
1072,1072,409,6748.7723716381415
1073,1073,1818,1312.8517601760177
1074,1074,452,3900.9430973451326
1075,1075,225,5817.076222222222
1076,1076,296,1898.3470945945946
1077,1077,402,2078.396965174129
1078,1078,289,2323.878200692042
1079,1079,295,2297.9709152542373
1080,1080,591,5153.034568527919
1081,1081,214,3119.9407476635515
1082,1082,2141,2379.879864549276
1083,1083,237,4639.489240506329
1084,1084,725,2920.94955862069
1085,1085,488,1906.4362909836066
1086,1086,381,1385.0381627296588
1087,1087,885,1271.7843389830507
1088,1088,790,2385.817151898734
1089,1089,144,2453.492013888889
1090,1090,482,2837.792323651452
1091,1091,737,1538.9306105834467
1092,1092,380,853.6450263157894
1093,1093,1963,1363.5096535914417
1094,1094,954,1059.6922431865828
1095,1095,522,2298.811111111111
1096,1096,572,1392.0422202797204
1097,1097,401,1311.1713216957605
1098,1098,1022,750.2444716242661
1099,1099,1445,1004.9765743944636
1100,1100,226,840.4449115044247
1101,1101,215,1584.517488372093
1102,1102,181,1570.3045303867402
1103,1103,652,1131.5574386503067
1104,1104,640,1260.82790625
1105,1105,751,1023.7943009320906
1106,1106,475,776.3696210526316
1107,1107,314,1845.9242356687896
1108,1108,585,823.4045641025641
1109,1109,481,766.0739708939709
1110,1110,1524,858.6846062992126
1111,1111,198,1490.3133838383837
1112,1112,256,1051.085390625
1113,1113,180,1040.754888888889
1114,1114,119,654.0570588235294
1115,1115,59,1139.5840677966103
1116,1116,711,1102.4609985935303
1117,1117,348,1467.0066666666667
1118,1118,256,937.394140625
1119,1119,294,797.5248299319727
1120,1120,98,854.2178571428572
1121,1121,243,1353.9698353909464
1122,1122,543,883.5337753222836
1123,1123,488,999.4913524590164
1124,1124,268,2667.7489552238803
1125,1125,504,954.386369047619
1126,1126,544,1360.8998529411765
1127,1127,348,1982.6128448275863
1128,1128,270,1245.1315555555557
1129,1129,330,1107.0047272727272
1130,1130,490,2172.3464897959184
1131,1131,519,1210.8600192678227
1132,1132,628,1923.9627866242035
1133,1133,421,2083.3838954869357
1134,1134,456,1394.2218859649124
1135,1135,687,2328.771630276565
1136,1136,574,1257.1421951219513
1137,1137,908,2024.8710682819383
1138,1138,417,2297.950815347722
1139,1139,981,1765.3340672782874
1140,1140,490,1118.442918367347
1141,1141,635,1629.9933543307086
1142,1142,116,1140.820948275862
1143,1143,356,1101.696966292135
1144,1144,324,2442.0474074074073
1145,1145,284,553.9580633802817
1146,1146,350,2459.0524
1147,1147,98,1783.6330612244897
1148,1148,452,2517.2536946902655
1149,1149,653,1272.8957580398162
1150,1150,2055,2244.3021605839417
1151,1151,486,1636.0965020576132
1152,1152,871,1439.0140528128588
1153,1153,142,689.0304929577464
1154,1154,129,1362.3942635658914
1155,1155,336,1384.8225892857142
1156,1156,1275,2241.0645647058823
1157,1157,962,4824.481735966736
1158,1158,1376,4056.4124055232555
1159,1159,1451,2369.4306409372844
1160,1160,1875,2248.745930666667
1161,1161,3287,4758.16574079708
1162,1162,3536,4646.127522624434
1163,1163,910,1199.754846153846
1164,1164,2583,3564.1448432055754
1165,1165,683,1312.1487554904832
1166,1166,1070,1287.397710280374
1167,1167,2187,3817.5279423868315
1168,1168,5209,5815.348823190631
1169,1169,138,7734.004637681159
1170,1170,1307,1917.6546595256314
1171,1171,4575,4511.437180327869
1172,1172,7272,5121.995792079208
1173,1173,107,1526.2720560747664
1174,1174,1362,2475.8023861967695
1175,1175,4498,4053.8827301022675
1176,1176,6189,5589.779791565681
1177,1177,3593,4855.000918452547
1178,1178,487,6363.174168377823
1179,1179,617,4169.590064829821
1180,1180,3527,5551.165772611284
1181,1181,1233,6778.626739659367
1182,1182,841,4505.463198573127
1183,1183,3727,5903.852315535282
1184,1184,378,3257.6128835978834
1185,1185,2971,5805.6360282733085
1186,1186,6728,5853.227112068966
1187,1187,12251,5717.471060321606
1188,1188,464,6033.848685344828
1189,1189,135,5406.125925925926
1190,1190,3907,5524.578333759919
1191,1191,3679,6040.663835281326
1192,1192,859,5279.128079161816
1193,1193,3617,6202.887168924523
1194,1194,186,4902.055752688172
1195,1195,3731,5510.618134548379
1196,1196,8278,5555.846792703552
1197,1197,11249,5637.658607876256
1198,1198,497,3319.9567806841046
1199,1199,164,3115.1313414634146
1200,1200,7680,6821.64196875
1201,1201,4885,8067.093821903787
1202,1202,3138,5415.049792861695
1203,1203,4529,4756.5478140869955
1204,1204,936,5262.5513782051285
1205,1205,4510,6218.565847006652
1206,1206,7251,4486.600135153772
1207,1207,13399,4898.476675871333
1208,1208,890,4117.424943820225
1209,1209,648,5478.767268518518
1210,1210,8330,6647.744176470588
1211,1211,5977,6676.539488037478
1212,1212,3687,6245.311036072688
1213,1213,3203,3938.67451451764
1214,1214,1173,10837.953674339302
1215,1215,5587,5419.564113119742
1216,1216,5902,3762.027078956286
1217,1217,8039,3259.2584351287474
1218,1218,401,3390.059501246883
1219,1219,1444,7947.371301939058
1220,1220,8715,4208.876121629374
1221,1221,4254,3880.874402914904
1222,1222,5861,4661.168921685719
1223,1223,2581,3053.5243200309956
1224,1224,931,10306.823168635874
1225,1225,3737,3561.249684238694
1226,1226,9374,6330.566960742479
1227,1227,9348,5543.565179717586
1228,1228,481,3312.4398752598754
1229,1229,2042,3370.2319539666996
1230,1230,6971,3290.6995208721846
1231,1231,2832,2203.4242090395483
1232,1232,4384,3856.1685629562044
1233,1233,7323,6497.154651099276
1234,1234,2049,2589.0976964372862
1235,1235,2601,2158.4186774317573
1236,1236,12871,6462.534461191826
1237,1237,18496,6693.1497913062285
1238,1238,1929,7422.7922654224985
1239,1239,1213,2463.2699340478157
1240,1240,7876,6395.821043676993
1241,1241,6483,7170.187183402745
1242,1242,1731,2555.6724378971694
1243,1243,7043,5208.951419849496
1244,1244,2172,7227.1405662983425
1245,1245,7034,6870.097436735854
1246,1246,9772,4922.786510437986
1247,1247,15184,5572.612651475237
1248,1248,3117,8940.60553416747
1249,1249,577,4522.975667244367
1250,1250,12370,6562.890785772029
1251,1251,7291,6682.777898779316
1252,1252,6427,8048.286676520927
1253,1253,2033,3496.5040973930154
1254,1254,798,5799.379962406015
1255,1255,7292,5424.677369720242
1256,1256,3731,6166.667359957117
1257,1257,4037,3704.8508867971263
1258,1258,692,5638.745144508671
1259,1259,801,3399.1105368289636
1260,1260,7940,5286.542423173804
1261,1261,9305,6280.75296399785
1262,1262,1591,10107.481074795727
1263,1263,400,7414.2584
1264,1264,815,4083.0816073619635
1265,1265,2426,3113.9638829348723
1266,1266,595,7843.964991596638
1267,1267,290,6578.431827586207
1268,1268,268,4342.729514925373
1269,1269,648,2946.331327160494
1270,1270,2373,3664.8632659081327
1271,1271,2680,3651.0184701492535
1272,1272,446,4706.555515695068
1273,1273,625,1978.6358080000002
1274,1274,615,3193.7018536585365
1275,1275,380,2791.882842105263
1276,1276,340,2826.3885882352943
1277,1277,500,3717.1511
1278,1278,918,2003.8680392156864
1279,1279,815,2158.27445398773
1280,1280,360,2957.577611111111
1281,1281,331,3639.4414199395774
1282,1282,760,1957.5844868421052
1283,1283,874,1395.1217734553775
1284,1284,304,5371.405460526315
1285,1285,415,2780.6505542168675
1286,1286,722,3012.742299168975
1287,1287,538,3003.1472304832714
1288,1288,358,4178.014301675978
1289,1289,651,4670.385760368664
1290,1290,604,2168.3219205298014
1291,1291,328,4800.595335365853
1292,1292,719,2935.9359527121005
1293,1293,712,3997.723988764045
1294,1294,405,8810.735456790124
1295,1295,253,1680.9143083003953
1296,1296,432,3117.54587962963
1297,1297,390,2515.7510512820513
1298,1298,245,2452.3533877551017
1299,1299,224,3123.672321428571
1300,1300,244,4734.8093852459015
1301,1301,205,8332.177707317072
1302,1302,279,10197.262903225806
1303,1303,343,4490.402011661808
1304,1304,202,3058.715643564357
1305,1305,21,6230.026666666667
1306,1306,69,2411.61
1307,1307,143,13703.225524475525
1308,1308,365,1990.6470136986302
1309,1309,114,2867.120438596491
1310,1310,400,3260.127675
1311,1311,277,2460.8429963898916
1312,1312,327,3881.257217125383
1313,1313,14,2945.473571428571
1314,1314,58,1297.078620689655
1315,1315,35,2066.3422857142855
1316,1316,391,3533.124961636829
1317,1317,106,2463.8493396226413
1318,1318,110,2017.4759090909092
1319,1319,187,4387.639144385027
1320,1320,537,4213.313054003725
1321,1321,241,3783.0788381742736
1322,1322,108,3302.6269444444447
1323,1323,586,3301.1206313993175
1324,1324,552,2831.4770289855073
1325,1325,562,2761.7148398576514
1326,1326,626,4098.900127795527
1327,1327,874,3335.5166933638443
1328,1328,1017,3563.4050147492626
1329,1329,869,7549.298066743384
1330,1330,267,3922.8968913857675
1331,1331,556,2289.649784172662
1332,1332,523,5519.959674952199
1333,1333,542,777.2427490774908
1334,1334,1672,4702.379072966507
1335,1335,592,4879.98410472973
1336,1336,1773,2505.8377664974623
1337,1337,1312,8107.841753048781
1338,1338,1025,1520.0603707317075
1339,1339,725,8351.974400000001
1340,1340,919,2990.805070729053
1341,1341,910,4055.5707802197803
1342,1342,1055,4302.081497630332
1343,1343,814,5246.142616707616
1344,1344,1028,6029.528910505836
1345,1345,874,6181.3100457665905
1346,1346,718,2682.041643454039
1347,1347,2094,4286.306146131806
1348,1348,1634,2800.167154222766
1349,1349,1250,1487.4781679999999
1350,1350,1519,5296.380928242264
1351,1351,1373,2031.2066569555716
1352,1352,451,10061.725498891354
1353,1353,213,2493.6851173708924
1354,1354,368,2023.8073369565216
1355,1355,1108,1823.95130866426
1356,1356,82,2224.4453658536586
1357,1357,1661,1102.9581396748947
1358,1358,1471,1575.3664989802855
1359,1359,586,1222.7506655290103
1360,1360,1431,1757.2356743535988
1361,1361,829,961.457876960193
1362,1362,518,676.9382046332046
1363,1363,1779,915.7927093872962
1364,1364,1226,1071.1423898858075
1365,1365,419,480.5581145584726
1366,1366,1765,874.9456203966006
1367,1367,442,4089.416334841629
1368,1368,800,4609.85595
1369,1369,1991,3697.0534806629835
1370,1370,879,4644.348839590443
1371,1371,2070,2905.8693381642515
1372,1372,1385,6627.929574007221
1373,1373,9791,826.5903840261465
1374,1374,11415,990.3185913272011
1375,1375,1078,2183.574443413729
1376,1376,1210,1093.8051983471075
1377,1377,15999,1164.3268748046753
1378,1378,22350,1376.659308277405
1379,1379,633,10096.86802527646
1380,1380,1244,8174.592266881028
1381,1381,2132,3362.034169793621
1382,1382,724,11812.03437845304
1383,1383,1804,12224.628492239468
1384,1384,9611,1219.0947934658204
1385,1385,18043,1100.6148229230173
1386,1386,2690,5807.534078066915
1387,1387,1553,4025.5085898261427
1388,1388,28692,1542.5779091732886
1389,1389,41666,1391.3219121105938
1390,1390,12531,1416.7525911738887
1391,1391,1683,5693.521212121212
1392,1392,28954,1325.7880959452925
1393,1393,9241,1437.904191104859
1394,1394,21805,1410.9011130474662
1395,1395,2222,6814.241462646264
1396,1396,21323,1329.6670187121888
1397,1397,33201,1324.2898566308245
1398,1398,813,2320.560541205412
1399,1399,8012,944.6062793310035
1400,1400,563,2319.89486678508
1401,1401,22537,1271.2011878244666
1402,1402,168,3015.7472619047617
1403,1403,21100,1273.4574919431282
1404,1404,291,2358.489175257732
1405,1405,18,12622.524444444445
1406,1406,158,3677.776518987341
1407,1407,50,6836.3434
1408,1408,30,3697.5179999999996
1409,1409,23,6505.988695652173
1410,1410,129,3325.0842635658914
1411,1411,179,1561.8650837988826
1412,1412,175,1616.9517714285714
1413,1413,45,3557.6946666666668
1414,1414,262,3599.8269083969467
1415,1415,40,6879.09325
1416,1416,172,2145.589127906977
1417,1417,168,4060.457202380953
1418,1418,36,2456.1222222222223
1419,1419,12,3715.258333333333
1420,1420,114,4953.526140350877
1421,1421,154,2360.9347402597405
1422,1422,179,1593.4248044692736
1423,1423,165,1234.4463030303032
1424,1424,7,3609.0242857142853
