,basy_caption,耗材费
0,万源仁合医院,5224.429593147752
1,万源市中医院,1114.0442857142857
2,万源市中心医院,1549.2986268871316
3,万源市古东关街道社区卫生服务中心,222.21466666666666
4,万源市固军镇卫生院,207.52
5,万源市大沙镇卫生院,263.1
6,万源市大竹中心卫生院,223.84333333333333
7,万源市妇幼保健计划生育服务中心,794.241294117647
8,万源市河口中心卫生院,322.03125
9,万源市玉带乡卫生院,213.03
10,万源市石窝镇卫生院,226.775
11,万源市竹峪中心卫生院,256.0
12,万源市罗文中心卫生院,205.0
13,万源忠栋医院,3898.8450000000003
14,万源民生医院,1351.6666666666667
15,三六三医院,3189.6911447997063
16,三台华厦眼科医院,1416.122340425532
17,三台县中医院,2612.476925110132
18,三台县中医骨科医院,2241.5289523809524
19,三台县中太镇中心卫生院,1479.5
20,三台县乐安镇中心卫生院,874.4825000000001
21,三台县人民医院,2797.3439901112483
22,三台县八洞镇卫生院,753.4
23,三台县刘营镇中心卫生院,653.362
24,三台县北坝镇中心卫生院,865.5204347826087
25,三台县古井镇中心卫生院,696.3199999999999
26,三台县塔山镇中心卫生院,701.1500952380952
27,三台县妇幼保健院,216.9
28,三台县富顺镇中心卫生院,1235.1084615384616
29,三台县建中镇卫生院,624.01
30,三台县建平镇中心卫生院,230.5
31,三台县忠孝乡卫生院,258.0
32,三台县新生镇中心卫生院,612.1999999999999
33,三台县新鲁镇卫生院,660.5793333333334
34,三台县景福镇中心卫生院,2161.097
35,三台县永明镇卫生院,610.275
36,三台县灵兴镇卫生院,1198.01
37,三台县精神病院,393.245
38,三台县芦溪镇中心卫生院  （三台县第二人民医院）,966.6286222222222
39,三台县西平镇中心卫生院,1522.454393939394
40,三台县观桥镇中心卫生院,1223.075483870968
41,三台县郪江镇中心卫生院,547.9066666666666
42,三台县金石镇中心卫生院,990.9410714285714
43,三台县鲁班镇卫生院,810.0714285714286
44,三台县龙树镇中心卫生院,410.46333333333337
45,中国五冶集团有限公司医院,1030.7140567612687
46,中国人民解放军第五七O一工厂医院,1030.4453571428571
47,中国十九冶集团有限公司职工医院,1235.5130990990992
48,中康凉山康复医院,1602.9499999999998
49,中江县万福中心卫生院,1411.8933333333334
50,中江县中医医院,1503.9216581632654
51,中江县人民医院,3685.2025675675677
52,中江县仓山中心卫生院,1464.5794347826088
53,中江县凯江中心卫生院,983.36
54,中江县南华镇卫生院,1638.6729411764704
55,中江县城南社区卫生服务中心,2374.1641538461536
56,中江县妇幼保健院（中江县妇女儿童医院、中江县妇幼保健计划生育服务中心）,872.3821965317919
57,中江县富兴镇卫生院,1233.8333333333333
58,中江县广福中心卫生院,967.1323529411765
59,中江县悦来镇卫生院,249.8
60,中江县永兴中心卫生院,512.5
61,中江县永太中心卫生院,410.7788888888889
62,中江县永安中心卫生院,750.8
63,中江县继光镇卫生院,682.0
64,中江县辑庆中心卫生院,838.0035714285714
65,中江县集凤中心卫生院,1422.4762500000002
66,中江县黄鹿镇卫生院,237.05
67,中江县龙台中心卫生院,887.6614917127073
68,中铁二局集团医院,1245.7136685082874
69,丹巴县人民医院,1581.990987654321
70,丹巴长征骨科医院,5209.926060606061
71,丹棱南苑中医医院,1818.051485148515
72,丹棱县人民医院,2025.2377615062762
73,丹棱县妇幼保健服务中心,285.90625
74,乐山五通桥中医医院,2995.233846153846
75,乐山友谊医院,5520.136931216931
76,乐山市中医医院,2855.3816452154447
77,乐山市五通桥区中医医院,1305.2500591715977
78,乐山市五通桥区人民医院,2575.188757142857
79,乐山市五通桥区冠英镇卫生院,1439.09
80,乐山市五通桥区妇幼保健院,510.3358064516129
81,乐山市五通桥区蔡金镇卫生院,1175.3649999999998
82,乐山市五通桥区金粟镇卫生院,1639.841
83,乐山市人民医院,4577.398011765878
84,乐山市妇幼保健院,1531.3360626836436
85,乐山市市中区中医医院,3615.0826764705885
86,乐山市市中区人民医院（乐山市第二人民医院）,2519.9225856164385
87,乐山市市中区妇幼保健计划生育服务中心,630.3282589285715
88,乐山市市中区安谷镇中心卫生院,583.04
89,乐山市市中区肿瘤医院（乐山市市中区第二人民医院）,1148.6872844827587
90,乐山市市中区苏稽镇中心卫生院,1151.2825806451613
91,乐山市市中区茅桥镇中心卫生院,961.7
92,乐山市沙湾区人民医院,1961.2024999999999
93,乐山市沙湾区福禄镇中心卫生院,1194.5240000000001
94,乐山市精神卫生中心,313.70666666666665
95,乐山市金口河区人民医院,1337.2659677419356
96,乐山昶康心血管病医院,21885.435345911952
97,乐山爱尔眼科医院,1551.8249541284406
98,乐山现代妇产医院,723.0064285714286
99,乐山老年病专科医院,2249.943013168087
100,乐山肛康中医肛肠医院,1683.2844117647057
101,乐山骨科医院,9098.102894736843
102,乐山鲍氏医疗投资有限公司乐山嘉定医院,1831.298880597015
103,乐至上好医院,706.6560000000001
104,乐至县人民医院,2206.681251725725
105,乐至县南塔街道社区卫生服务中心,1424.0
106,乐至县回澜镇中心卫生院,806.0
107,乐至县妇幼保健计划生育服务中心,437.54714285714283
108,乐至县石湍镇中心卫生院,454.25
109,乐至县童家镇中心卫生院,695.0154545454545
110,乐至天颐新区医院,2922.620688405797
111,乐至民仁医院,1148.2463636363636
112,乐至蓝天医院,712.5861111111111
113,九〇三医院,3253.537400442478
114,九寨沟县中藏医院,283.8533333333333
115,九寨沟县人民医院,620.0
116,乡城县人民医院,843.446923076923
117,井研县中医医院,1216.2476527331191
118,井研县人民医院,1274.6009117221417
119,井研县妇幼保健计划生育服务中心,441.5208928571429
120,井研县马踏镇中心卫生院,1714.41
121,井研骨康医院,4469.192
122,什邡丽人医院,255.0
123,什邡国仁医院,2292.302888888889
124,什邡岷德烧伤医院,908.7040625
125,什邡市中医医院,2181.3510403397026
126,什邡市人民医院（什邡市人民医院互联网医院）,3766.9635123614667
127,什邡市元石卫生院,398.02
128,什邡市妇幼保健院（什邡市妇女儿童医院、什邡市妇幼保健计划生育中心）,694.181376146789
129,什邡市师古中心卫生院,1541.2751020408161
130,什邡市洛水中心卫生院,2000.7142857142858
131,什邡市第四人民医院,1186.4625510204082
132,什邡市蓥华中心卫生院,1962.067142857143
133,什邡市马井中心卫生院,1462.5144827586207
134,什邡市马祖中心卫生院,1313.0775
135,什邡第二医院,1938.8554921020657
136,仁和区仁和社区卫生服务中心,243.55
137,仁寿中鑫老年病医院,1508.675303030303
138,仁寿县中医医院,1900.9307201086956
139,仁寿县人民医院,3362.6185960784314
140,仁寿县妇幼保健院,392.50387096774193
141,仁寿县禄加镇卫生院,323.090625
142,仁寿县禾加镇卫生院,931.9164285714286
143,仁寿县第七人民医院（仁寿县钟祥镇卫生院）,1249.1176923076923
144,仁寿县第三人民医院（仁寿县汪洋镇卫生院）,1316.355918367347
145,仁寿县第二人民医院（仁寿县富加镇卫生院）,1191.2071428571428
146,仁寿县第六人民医院（仁寿县彰加镇卫生院）,967.344
147,仁寿县第四人民医院（仁寿县文宫镇卫生院）,726.4428571428572
148,仁寿县视高街道清水社区卫生服务中心,914.995
149,仁寿县视高街道社区卫生服务中心,262.46666666666664
150,仁寿县龙正中心卫生院,699.1800000000001
151,仁寿县龙马镇卫生院,1122.08
152,仁寿喜稚来妇产医院,401.3164705882353
153,仁寿爱尔眼科医院,1204.2466049382717
154,仁寿立康创伤医院,4612.21379032258
155,仁寿运长医院,1305.7970121951219
156,仁寿鳌峰外科医院,1589.1783333333335
157,仪陇中仁骨科医院,2533.4565217391305
158,仪陇县中医医院,2550.9156878850104
159,仪陇县人民医院,2484.5750367559876
160,仪陇县复兴中心卫生院,2526.34
161,仪陇县大寅中心卫生院,516.5933333333334
162,仪陇县妇幼保健计划生育服务中心,887.9776309794988
163,仪陇县文星镇卫生院,623.55
164,仪陇县日兴中心卫生院,328.7925
165,仪陇县永乐中心卫生院,462.33375
166,仪陇县立山中心卫生院,570.4775
167,仪陇县第二人民医院,1678.8421721311474
168,仪陇县观紫中心卫生院,513.9939999999999
169,仪陇弘立医院,2150.106141868512
170,仪陇德新医院,1948.1057792207791
171,会东县中医医院,1194.8849006622515
172,会东县人民医院,1680.66
173,会东县妇幼保健计划生育服务中心会东县妇幼保健院,672.1276724137931
174,会东康和医院,2006.5085714285715
175,会东紫荆花医院,932.8
176,会理市中医医院,1817.5442480620156
177,会理市人民医院,1443.0476837865056
178,会理市妇幼保健计划生育服务中心（会理市妇幼保健院）,451.438688172043
179,会理市益门镇中心卫生院,419.00470588235294
180,会理市第二人民医院,983.526338028169
181,会理市鹿厂镇中心卫生院,463.62
182,佛都老年病医院,3310.327417218543
183,兴文光明骨科医院,6421.175300546449
184,兴文县中医医院,2358.2486736474693
185,兴文县人民医院,1462.6225163826998
186,兴文县僰王山镇中心卫生院,306.4533333333333
187,兴文县大河苗族乡卫生院,355.35
188,兴文县妇幼保健计划生育服务中心,342.2671296296296
189,内江中西骨科医院,5393.123695652174
190,内江市东兴区中医医院,1071.4514179104476
191,内江市东兴区人民医院,2183.4080544217686
192,内江市东兴区椑木中心卫生院,903.1598076923076
193,内江市中医医院,3108.476582103321
194,内江市妇幼保健院,1047.1441907514452
195,内江市市中区中医医院,878.3255882352942
196,内江市市中区人民医院,1823.522932642487
197,内江市市中区妇幼保健院,575.6825362318841
198,内江市市中区朝阳镇卫生院,462.12
199,内江市市中区永安镇卫生院,272.0
200,内江市市中区白马镇中心卫生院,914.75
201,内江市第一人民医院,4250.046168539326
202,内江市第二人民医院,3367.472000982077
203,内江市第六人民医院,793.4299342105263
204,内江爱尔眼科医院,1227.5038048780489
205,冕宁县中医医院,1147.3106711409396
206,冕宁县人民医院,1859.7490759753593
207,冕宁县妇幼保健计划生育服务中心,232.49
208,冕宁县泸沽铁矿职工医院,1532.4590521327013
209,冕宁县漫水湾友松医院,1978.5620689655173
210,冕宁县第二人民医院,292.2109195402299
211,凉山中科耳鼻喉专科医院,1656.0788917197451
212,凉山州妇幼保健计划生育服务中心（凉山州妇幼保健院、凉山州妇女儿童医院）,880.0066081871345
213,凉山彝族自治州中西医结合医院,2578.7143862520456
214,凉山彝族自治州第一人民医院（凉山州传染病医院）,3065.6987503628447
215,凉山彝族自治州第七人民医院,1434.3514285714284
216,凉山彝族自治州第二人民医院,2308.55465237167
217,凉山爱尔眼科医院,1402.356393442623
218,凉山视康眼科医院,2486.0641509433963
219,凉山骨科医院,10097.046237623763
220,凉山高新肿瘤医院,1278.6753846153845
221,剑阁仁爱医院(普通合伙）,2458.688181818182
222,剑阁光明医院,978.0322580645161
223,剑阁县下寺镇中心卫生院,2842.5
224,剑阁县中医医院,1585.7394301994302
225,剑阁县义兴镇卫生院,330.0
226,剑阁县人民医院,1996.42110176619
227,剑阁县元山镇中心卫生院,2157.5011111111107
228,剑阁县公兴镇中心卫生院,569.415
229,剑阁县剑门关镇中心卫生院,230.05
230,剑阁县妇幼保健院,272.95698113207544
231,剑阁县开封镇中心卫生院,415.0095454545455
232,剑阁县普安镇中心卫生院,1348.5
233,剑阁县武连镇中心卫生院,1235.61
234,剑阁县第一人民医院,1170.3956074766356
235,剑阁县鹤龄镇中心卫生院,305.1666666666667
236,剑阁友好医院,8448.300833333333
237,北城医院,3166.9743434343436
238,北川羌族自治县中羌医医院,2899.848571428571
239,北川羌族自治县人民医院,1770.5726324503314
240,北川羌族自治县妇幼保健计划生育服务中心,423.96888888888884
241,北川羌族自治县小坝镇中心卫生院,200.6
242,北川羌族自治县擂鼓镇中心卫生院,460.1
243,北川羌族自治县桂溪镇卫生院,2676.4866666666667
244,北川羌族自治县永安镇中心卫生院,399.1725
245,北川羌族自治县片口乡卫生院,475.2
246,北川羌族自治县禹里镇中心卫生院,520.6
247,北川羌族自治县第三人民医院,1609.589673735726
248,北川羌族自治县陈家坝镇中心卫生院,829.9033333333333
249,华康肾病医院,989.4338961038961
250,华蓥市人民医院,2773.265489548955
251,华蓥市高兴镇中心卫生院,224.0
252,南充东大肛肠医院,1981.2911392405063
253,南充东方医院,2127.9425173852574
254,南充东江医院,925.625
255,南充临江医院,1271.9033333333334
256,南充佑安医院,1125.9618181818184
257,南充博视眼耳鼻喉专科医院,1796.8118387096777
258,南充友谊医院,244.422
259,南充同星医院,980.0
260,南充地调处医院,534.0
261,南充姜氏医院,1804.1290625000001
262,南充市中医医院,3395.216650406504
263,南充市中心医院,5274.618275111151
264,南充市嘉陵区中医医院,522.4569230769231
265,南充市嘉陵区人民医院,2508.77242506812
266,南充市嘉陵区妇幼保健计划生育服务中心,806.6087254901961
267,南充市嘉陵区李渡镇中心卫生院（南充市嘉陵区第二人民医院）,339.96327868852455
268,南充市嘉陵区金凤镇中心卫生院,3207.48
269,南充市妇幼保健计划生育服务中心（南充市妇幼保健院）,538.8819540229886
270,南充市第四人民医院,795.0180855397149
271,南充市身心医院,2156.9693549842127
272,南充市顺庆区人民医院,1000.4906374501992
273,南充市顺庆区北城社区卫生服务中心,455.58294117647057
274,南充市顺庆区妇幼保健计划生育服务中心(南充市顺庆区妇幼保健院),338.2344444444445
275,南充市顺庆区李家镇中心卫生院,358.65333333333336
276,南充市顺庆区潆溪街道社区卫生服务中心,2662.3907692307694
277,南充市高坪区中医医院,2034.1584615384616
278,南充市高坪区人民医院,2881.365009357455
279,南充市高坪区妇幼保健计划生育服务中心（南充市高坪区妇幼保健院）,450.10291390728474
280,南充市高坪区第三人民医院(南充市高坪区东观中心卫生院),1189.269
281,南充市高坪区长乐中心卫生院（高坪区人民医院长乐分院）,470.47200000000004
282,南充市高坪区龙门社区卫生服务中心,243.4178260869565
283,南充康健医院,3448.225
284,南充康顺医院,1257.8313253012047
285,南充明镜新视眼科医院,1283.5
286,南充果城骨科医院,1769.493613445378
287,南充永康医院,774.6666666666666
288,南充海圣堂医院,204.45
289,南充爱尔麦格眼科医院,1445.4043416370107
290,南充现代妇产医院,327.8484848484849
291,南充百姓医院,321.2
292,南充罾康医院,375.0
293,南充龙医官医院,3070.9002564102566
294,南充龙门中医院,495.52250000000004
295,南江云山骨科医院,5331.23115942029
296,南江县下两镇中心卫生院,222.0
297,南江县中医医院,2130.4259738372093
298,南江县人民医院,2411.962840236686
299,南江县大河镇中心卫生院,1167.925
300,南江县妇幼保健院,394.3907272727273
301,南江县正直镇中心卫生院,698.5
302,南江县沙河镇中心卫生院,298.38
303,南江县红光镇卫生院,216.83
304,南江县长赤镇中心卫生院,1162.1367567567568
305,南江镇阳医院,367.5
306,南部中仁医院,1489.5583225806452
307,南部仁爱胃肠医院,206.55999999999997
308,南部县东风社区卫生服务中心,720.0333333333333
309,南部县中医医院,2303.048652657602
310,南部县人民医院,2814.964047410009
311,南部县伏虎中心卫生院,387.4
312,南部县妇幼保健计划生育服务中心（南部县妇幼保健院、南部县妇女儿童医院）,541.2471755725192
313,南部县建兴中心卫生院（南部县第三人民医院）,1000.667
314,南部县河东中心卫生院,1840.9478260869566
315,南部嘉伦医院,1178.775
316,南部瑞康医院,1461.591304347826
317,南部精诚眼科医院,2439.6554782608696
318,南部良骨医院,5158.716666666666
319,南部骨科医院,4180.811797752809
320,叙永县两河中心卫生院,1561.18
321,叙永县中医医院,1163.6818093699517
322,叙永县人民医院,979.8947568474008
323,叙永县叙永镇中心卫生院,1589.4847246376812
324,叙永县向林镇卫生院,752.2466666666666
325,叙永县妇幼保健计划生育服务中心（叙永县妇幼保健院）,567.1444444444445
326,叙永县摩尼中心卫生院,8316.095
327,叙永县水尾中心卫生院,665.124
328,叙永县江门镇卫生院,561.415
329,叙永县马岭中心卫生院,1492.49
330,叙永县黄坭镇卫生院,1479.0
331,叙永安民医院,2457.377571669477
332,叙永民康医院,3910.1668316831688
333,古蔺县中医医院,2564.63301458671
334,古蔺县人民医院,2654.1640916736756
335,古蔺县双沙中心卫生院,1339.4675
336,古蔺县妇幼保健计划生育服务中心（古蔺县妇幼保健院）,340.9
337,古蔺县石宝中心卫生院,272.46666666666664
338,古蔺县茅溪中心卫生院,2479.958
339,古蔺县金兰街道社区卫生服务中心,1114.4666666666665
340,古蔺县龙山中心卫生院,1489.59
341,古蔺康兴妇产医院,2743.360507246377
342,古蔺德康医院,3963.7797209302325
343,古蔺树强骨科医院,4852.728947368421
344,合江健欣兴康医院,2235.434251626898
345,合江县中医医院,2924.1001479750776
346,合江县九支中心卫生院(合江县第二人民医院),3491.2194690265487
347,合江县人民医院,2923.4732519280205
348,合江县大桥中心卫生院（合江县第四人民医院）,868.22
349,合江县妇幼保健院,291.0594117647059
350,合江县符阳街道社区卫生服务中心(合江县符阳街道卫生院),625.0
351,合江康城肾病专科医院,1707.8380000000002
352,合江张氏骨科医院,209.0
353,喜德县人民医院,1130.8292024539878
354,四川何氏骨科医院,4728.335641025641
355,四川华美紫馨医学美容医院,5532.35294117647
356,四川华蓥山广能（集团）有限责任公司总医院,282.17391304347825
357,四川友好医院,427.8966666666667
358,四川友谊医院,3350.2281322094054
359,四川地质医院,421.945
360,四川大学华西医院,4458.350663068147
361,四川大学华西口腔医院,6508.925185185185
362,四川大学华西天府医院,675.062866414278
363,四川大学华西第二医院,2442.7900011909014
364,四川大学华西第四医院,3861.916992864424
365,四川天府新区万安社区卫生服务中心,292.775
366,四川天府新区人民医院,2195.5380256622516
367,四川天府新区太平中心卫生院,541.5539130434782
368,四川天府新区新兴卫生院,253.5
369,四川天府新区永兴卫生院,294.45
370,四川天府新区籍田中心卫生院,1608.2457142857143
371,四川奥斯迪康骨医院,3891.1373770491805
372,四川宝石花医院,2548.613721533583
373,四川巴中经济开发区人民医院（四川巴中经济开发区兴文中心卫生院）,1530.13203125
374,四川护理职业学院附属医院（四川省第三人民医院）,2329.9336471321694
375,四川泌尿外科医院,2210.476046511628
376,四川泰康医院,2308.235168408827
377,四川现代医院,3496.2009271112947
378,四川电力医院,1655.931777777778
379,四川省中西医结合医院（四川省中医药科学院附属医院）,990.1033774834436
380,四川省乐至县中医医院,2038.6975257731958
381,四川省交通医院,1556.23875
382,四川省儿童医院（四川省儿童医学中心）,526.6082921348315
383,四川省八一康复中心（四川省康复医院）,5393.970955223881
384,四川省医学科学院·四川省人民医院,8499.81194653214
385,四川省南充卫生学校附属医院,374.6914285714286
386,四川省南充精神卫生中心,1188.7257391304347
387,四川省司法警官总医院,1411.8272037914692
388,四川省地矿局四0五医院,2054.6521617418352
389,四川省妇幼保健院,1038.6568000851607
390,四川省建筑医院,4742.00365953109
391,四川省林业中心医院,2376.455
392,四川省武胜县中医医院,1808.5863772455089
393,四川省民政康复医院,771.4321428571428
394,四川省生殖健康研究中心附属生殖专科医院（四川省生殖健康研究中心附属生殖专科医院互宜达互联网医院）,388.6666666666667
395,四川省监狱管理局中心医院,1180.5303886925794
396,四川省科学城医院,3545.933454189123
397,四川省第一退役军人医院,1531.7758062234795
398,四川省第二中医医院,1908.864035460993
399,四川省第二退役军人医院,203.2
400,四川省第五人民医院,2490.5273301737757
401,四川省第四人民医院,4666.553867924528
402,四川省肿瘤医院,5266.161600073482
403,四川省骨科医院,5287.888913287386
404,四川眼科医院,1872.4564210526314
405,四川结石病医院,3834.7396919917865
406,四川绵阳四0四医院,4944.948266640254
407,四川肛肠医院,4013.7080563380287
408,四川蓝生脑科医院,4219.117121559633
409,四川西婵泛亚整形美容医院,5400.0
410,四川赫尔森康复医院,1885.0402325581395
411,四川锦欣西囡妇女儿童医院,1153.3289686237963
412,壤塘县人民医院,3479.7980263157897
413,大安区何市中心卫生院,334.63714285714286
414,大安区牛佛中心卫生院,836.968947368421
415,大安区老年病医院,475.02
416,大竹仁爱医院,750.5205128205127
417,大竹众幸医院,2384.7
418,大竹县东柳街道社区卫生服务中心,356.1455555555556
419,大竹县中医院,2191.238195302843
420,大竹县人民医院,2655.2067726240675
421,大竹县八渡乡卫生院,1213.92
422,大竹县四合镇卫生院,1016.5
423,大竹县妇幼保健计划生育服务中心,362.1209411764706
424,大竹县安吉乡卫生院,556.5333333333333
425,大竹县川主乡卫生院,277.5
426,大竹县文星中心卫生院,333.30029850746274
427,大竹县杨家中心卫生院,512.0833333333334
428,大竹县清水中心卫生院,578.61
429,大竹县清河中心卫生院,489.39
430,大竹县石子中心卫生院,934.5
431,大竹县童家镇卫生院,560.9
432,大竹县第三人民医院,1171.75
433,大竹县第二人民医院,2343.6985714285715
434,大竹县第四人民医院,936.3333333333334
435,大竹县观音中心卫生院,317.85900000000004
436,大竹县高穴中心卫生院,1177.6
437,大竹慈卫医院,2457.2188815789473
438,大竹骨科医院,3263.185100671141
439,大英县中医医院,923.1856617647059
440,大英县人民医院,1291.7266353677621
441,大英县回马镇卫生院,316.92
442,大英县河边中心卫生院,840.3957894736842
443,大英君珉骨科医院,5090.468142857143
444,大邑元兴卫生院,1396.1942857142858
445,大邑县人民医院,2679.599761459308
446,大邑县出江镇公立卫生院,238.29814285714284
447,大邑县妇幼保健计划生育服务中心,416.9864122137405
448,大邑县安仁镇公立卫生院,328.85
449,大邑县悦来镇公立卫生院（大邑县第六人民医院）,530.2894444444445
450,大邑县新场镇公立卫生院,310.8009090909091
451,大邑县沙渠街道社区卫生服务中心(大邑县第三人民医院）,322.95244897959185
452,大邑县王泗镇公立卫生院（大邑县第五人民医院）,356.55598870056497
453,大邑县第二人民医院,782.8711801242235
454,大邑县西岭镇公立卫生院,229.99
455,大邑宁康医院,810.2915789473685
456,大邑希尔医院,470.9850574712643
457,大邑志昌骨科医院,2320.639768976898
458,大邑望县中医医院（大邑望县中医医院互联网医院）,1269.138223583461
459,天全县中医医院,3201.30120020429
460,天全县人民医院,2099.929903846154
461,天全天愿医院,1117.8376868327402
462,夹江县中医医院,2918.1486534216338
463,夹江县人民医院,3124.4520399113085
464,夹江县木城镇中心卫生院,1376.7
465,威远县严陵镇卫生院(威远县第二人民医院）,872.8095959595959
466,威远县中医医院,1237.8704663212436
467,威远县人民医院,2195.8072584147667
468,威远县新场镇卫生院,492.34
469,威远县新店镇卫生院,354.4052941176471
470,威远县第三人民医院,1012.1783333333334
471,威远县连界镇卫生院,602.7479999999999
472,威远县镇西镇卫生院,1276.5994117647058
473,威远县龙会镇卫生院,2056.97
474,威远同心医院,922.8515463917524
475,威远大生医院,1124.182894736842
476,威远正和医院,1048.1471428571429
477,娇点医学美容医院,1436.3636363636363
478,宁南县中医医院,1518.1322319474837
479,宁南县人民医院,1201.2900434404867
480,宁南县妇幼保健计划生育服务中心（宁南县妇幼保健院）,423.009898989899
481,安岳仁良医院有限公司,1662.0939999999998
482,安岳县中医医院,2027.1075927687916
483,安岳县人民医院,2010.600902797808
484,安岳县兴隆镇中心卫生院,314.20838983050845
485,安岳县华严镇卫生院,1264.6666666666667
486,安岳县南薰镇卫生院,236.01857142857145
487,安岳县周礼镇中心卫生院,423.0309523809524
488,安岳县妇幼保健计划生育服务中心,612.064222972973
489,安岳县岳阳镇中心卫生院（安岳县第五人民医院）,610.75
490,安岳县思贤镇卫生院,234.99846153846153
491,安岳县拱桥乡卫生院,241.5675
492,安岳县李家镇中心卫生院,1220.4068181818182
493,安岳县林凤镇卫生院,244.3275
494,安岳县毛家镇卫生院,208.44
495,安岳县永清镇中心卫生院,410.82
496,安岳县石羊镇中心卫生院,682.5395614035087
497,安岳县第三人民医院,1772.3696296296296
498,安岳县通贤镇中心卫生院,2718.9656250000003
499,安岳县镇子镇中心卫生院,1396.705
500,安岳县龙台镇中心卫生院（安岳县第四人民医院）,1198.177818181818
501,安岳川中医院,4758.904347826087
502,安岳易视眼科医院有限公司,1326.9696594427246
503,安岳锦民妇女儿童医院,453.2025
504,安州仁晨医院,1505.26
505,安州民生医院,2101.3777777777777
506,宜宾三松医院,1470.8020000000001
507,宜宾三江新区沙坪社区卫生服务中心,764.7642857142857
508,宜宾三江新区白沙湾社区卫生服务中心,654.6075
509,宜宾中山医院,3491.6476923076925
510,宜宾利民医院,2087.3526617375232
511,宜宾协同医院,1452.3866666666665
512,宜宾和康白花骨科医院,3258.583982683983
513,宜宾和康骨科医院,4033.949708029197
514,宜宾国康骨科医院,4232.330488145049
515,宜宾大欣妇产医院,729.8297872340426
516,宜宾川南体育骨科医院,2499.1466025641025
517,宜宾市中医医院,2403.0485878962536
518,宜宾市中西医结合医院,1978.5591568047337
519,宜宾市南溪区大观镇中心卫生院,1179.405
520,宜宾市南溪区妇幼保健计划生育服务中心、宜宾市南溪区妇幼保健院,351.595
521,宜宾市叙州区双龙镇中心卫生院,262.5953125
522,宜宾市叙州区妇幼保健计划生育服务中心,744.3691240875913
523,宜宾市叙州区柳嘉镇中心卫生院,1317.4341379310345
524,宜宾市叙州区横江镇中心卫生院,243.18
525,宜宾市叙州区泥溪镇中心卫生院,704.18
526,宜宾市叙州区蕨溪镇中心卫生院,987.5675
527,宜宾市叙州区观音镇中心卫生院,1301.3480466472304
528,宜宾市叙州区高场镇中心卫生院,576.23
529,宜宾市妇幼保健计划生育服务中心,1032.423773006135
530,宜宾市工人医院,2110.113492063492
531,宜宾市矿山急救医院,1067.1388771929826
532,宜宾市第一人民医院,4062.2388210427434
533,宜宾市第三中医医院,1357.0135802469138
534,宜宾市第三人民医院,2229.600145267104
535,宜宾市第二中医医院,1341.9339562624255
536,宜宾市第二人民医院,3853.834095121029
537,宜宾市第五人民医院、宜宾市南溪区人民医院,1903.5511004431314
538,宜宾市第六人民医院,2048.4411754176613
539,宜宾市第四人民医院,3195.1527272727276
540,宜宾市翠屏区妇幼保健计划生育服务中心,488.33278820375335
541,宜宾戎南骨科医院,4268.368272727273
542,宜宾旌宏眼科医院,1829.4767527675276
543,宜宾普爱老年病医院,4037.572037037037
544,宜宾民心创伤骨科医院,4369.033152173913
545,宜宾爱尔优视眼科医院,1718.3437313432837
546,宜宾肛泰肛肠医院,1155.9959349593496
547,宝兴县人民医院,572.0453333333334
548,宣汉县三墩土家族乡卫生院,241.4975
549,宣汉县中医院,1395.3855653710248
550,宣汉县人民医院,3031.538769031422
551,宣汉县南坝镇中心卫生院,1734.7201315789475
552,宣汉县厂溪乡卫生院,384.72333333333336
553,宣汉县土黄镇中心卫生院,1215.9542424242425
554,宣汉县大成镇卫生院,388.03000000000003
555,宣汉县妇幼保健计划生育服务中心,926.4569473684211
556,宣汉县峰城镇中心卫生院,340.9
557,宣汉县新华镇中心卫生院,293.044375
558,宣汉县普光镇双河中心卫生院,1362.312658227848
559,宣汉县樊哙镇中心卫生院,940.1454054054053
560,宣汉县清溪镇中心卫生院,1776.6157142857141
561,宣汉县第三人民医院,1164.4687130434784
562,宣汉县精神病医院,624.0471717171718
563,宣汉县胡家镇中心卫生院,802.19775
564,宣汉县马渡关镇卫生院,282.245
565,宣汉同盛医院,2741.225
566,宣汉蒲晶眼科医院,1472.7488584474886
567,富顺县中医医院,2548.353005725191
568,富顺县人民医院,2705.6799260733583
569,富顺县代寺镇中心卫生院,1151.510909090909
570,富顺县妇幼保健院,631.1236096256685
571,富顺县怀德镇中心卫生院,542.0
572,富顺县晨光医院（富顺县第三人民医院）,1541.8374999999999
573,富顺县板桥镇中心卫生院,599.644
574,富顺县永年镇中心卫生院,562.0
575,富顺县赵化镇中心卫生院,1385.3333333333333
576,富顺天善眼科医院,2414.4716981132074
577,富顺西区老年病医院,2309.661517857143
578,富顺赵化岭南医院,4681.178064516129
579,富顺鸽王护理院,3312.728666666667
580,射洪市中医院,2771.435034285714
581,射洪市人民医院,3155.0199374097256
582,射洪市仁和中心卫生院,427.5280000000001
583,射洪市太乙中心卫生院,867.0083333333333
584,射洪市妇幼保健院（射洪市妇幼保健卫生服务中心）,510.7570857142857
585,射洪市沱牌中心卫生院,503.5967857142858
586,射洪市潼射镇卫生院,250.85000000000002
587,射洪市红十字医院（射洪市武安中心卫生院）,1089.5225490196078
588,射洪市金华中心卫生院,1538.4822222222224
589,射洪市青岗中心卫生院,319.6666666666667
590,射洪老年病医院,1195.0273333333332
591,小金县中藏医院,298.97
592,小金县人民医院,894.3515625
593,屏山县中医医院,1423.987202643172
594,屏山县中都镇中心卫生院,259.235
595,屏山县人民医院,1828.3774772727272
596,屏山县新市镇民族中心卫生院,2547.179230769231
597,岳池县中医医院,1739.6932911392405
598,岳池县九龙街道社区卫生服务中心,270.69
599,岳池县人民医院,3018.622938028169
600,岳池县妇幼保健计划生育服务中心,530.9219512195122
601,岳池县石垭镇中心卫生院,1684.8025
602,岳池县罗渡镇中心卫生院,205.76
603,岳池县酉溪镇中心卫生院,235.22799999999998
604,岳池川东医院（岳池红十字川东医院）,1799.667857142857
605,岳池百兴医院,604.9977906976744
606,峨眉山佛光医院,2179.965854483926
607,峨眉山市中医医院峨眉山市骨科医院,2308.5217570093455
608,峨眉山市人民医院,1643.4811450980392
609,峨眉山市妇幼保健院,568.7184000000001
610,峨眉山市龙池镇中心卫生院,1404.4
611,峨边彝族自治县中医医院,810.3263636363637
612,峨边彝族自治县人民医院,1206.9586746987952
613,崇州二医院,4365.14641723356
614,崇州寿康老年病医院,511.4906666666667
615,崇州市三江街道社区卫生服务中心,265.17466666666667
616,崇州市中医医院,1822.086779252111
617,崇州市人民医院,2281.1569253910952
618,崇州市妇幼保健计划生育服务中心（崇州市妇幼保健院）,561.1062295081967
619,崇州市廖家镇卫生院,1021.8684210526316
620,崇州市街子镇卫生院,341.213076923077
621,崇州恒德医院,241.186
622,崇州民仁汾州医院,3299.031428571429
623,崇州浩康疼痛康复医院,6596.181
624,崇州老年病医院,264.9975
625,崇州蜀州颈腰病医院,1088.1084999999998
626,崇州金鸡医院,408.28999999999996
627,川北医学院附属医院,5200.127368257664
628,川投西昌医院,2011.54259202454
629,巴中仁达医院,432.8666666666666
630,巴中儿童专科医院,410.3877777777778
631,巴中博济医院,903.0653266331658
632,巴中博雅眼科医院,1494.8609756097562
633,巴中嘉禾妇儿医院,1126.1397460317462
634,巴中市中医院（巴中市巴州区人民医院）,2431.423197715917
635,巴中市中心医院(巴中市人民医院),3017.976244635193
636,巴中市妇幼保健院,516.1707168458781
637,巴中市巴州区东城街道大东社区卫生服务中心,768.0
638,巴中市巴州区妇幼保健院（巴中市巴州区妇幼保健计划生育服务中心、巴中市巴州区妇女儿童医院）,435.100625
639,巴中市恩阳区中医医院,1247.7864
640,巴中市恩阳区人民医院,1835.679780658026
641,巴中市恩阳区妇幼保健院,340.38000000000005
642,巴中市恩阳区文治社区卫生服务中心,1006.0884848484848
643,巴中市恩阳区渔溪中心卫生院,873.6448275862069
644,巴中市恩阳区玉山中心卫生院,443.828
645,巴中市恩阳区花丛中心卫生院,3008.15375
646,巴中市恩阳区茶坝镇中心卫生院,717.5999999999999
647,巴中市恩阳区雪山中心卫生院,926.8299999999999
648,巴中市精神卫生中心（巴中市巴州区第二人民医院）,2350.899850746269
649,巴中市蓉蓉眼科医院,1911.3782786885245
650,巴中康达医院,2562.077183098592
651,巴中经济开发区第二人民医院(四川巴中经济开发区西锦社区卫生服务中心),2032.602222222222
652,巴中骨科医院,1725.4413620386642
653,巴中鸿福妇产科医院,802.815625
654,巴塘县人民医院,897.6881818181818
655,巴州北门医院,2159.591639344262
656,巴州区清江中心卫生院,5799.45
657,巴州区鼎山中心卫生院,1015.0090909090909
658,巴州华龙医院,1977.9346192893402
659,布拖县人民医院,1334.588612244898
660,布拖县龙潭镇中心卫生院,308.68
661,平昌县中医医院,1446.1538280166435
662,平昌县云台镇中心卫生院,2646.761111111111
663,平昌县人民医院,2081.73535699879
664,平昌县元山镇中心卫生院,1095.3323076923077
665,平昌县响滩镇中心卫生院,220.27
666,平昌县土兴镇中心卫生院,205.22
667,平昌县妇幼保健计划生育服务中心（平昌县妇幼保健院）,308.0210344827586
668,平昌县得胜镇中心卫生院,1173.5
669,平昌县得胜镇五木卫生院,375.8113333333333
670,平昌县汉王庙社区卫生服务中心,272.0
671,平昌县白衣镇中心卫生院,784.352
672,平昌县第二人民医院,1135.9635737704918
673,平昌县西兴镇中心卫生院,1052.06
674,平昌宝鑫医院,5568.18
675,平昌江龙医院,1774.0608438818565
676,平武县中医医院,1102.209012345679
677,平武县人民医院,994.0224528301887
678,平武县平通羌族乡中心卫生院（平武县第二人民医院）,1029.0
679,广元万江眼科医院,1499.1436036036037
680,广元万缘医院,367.9318181818182
681,广元东晨医院,433.44919999999996
682,广元九龙骨科医院,4796.289277108433
683,广元佑安中医医院,230.0
684,广元口腔医院,204.79
685,广元回龙河医院,211.02
686,广元圣仁康医院,1736.5375
687,广元宝轮二医院,2261.0267938931297
688,广元川北糖尿病专科医院,519.0448837209302
689,广元市中医医院,2257.5210957722174
690,广元市中心医院,3919.2717517308006
691,广元市优抚医院,260.42857142857144
692,广元市利州区上西街道社区卫生服务中心,209.4
693,广元市利州区东坝街道社区卫生服务中心,220.23
694,广元市利州区中医医院,1640.4188819875776
695,广元市利州区嘉陵街道千佛社区卫生服务中心,584.2457142857143
696,广元市利州区嘉陵街道社区卫生服务中心,1299.09
697,广元市利州区大石镇卫生院,447.00333333333333
698,广元市利州区宝轮镇赤化卫生院,214.0
699,广元市利州区河西街道天曌社区卫生服务中心,2062.85
700,广元市利州区第二人民医院,953.8671929824561
701,广元市利州区荣山镇卫生院,1893.0385714285715
702,广元市利州区雪峰街道社区卫生服务中心,582.4433333333333
703,广元市利州区龙潭乡卫生院,1874.9960000000003
704,广元市妇幼保健院,515.3970397111914
705,广元市昭化区人民医院,1577.322991202346
706,广元市昭化区妇幼保健院,923.150406504065
707,广元市朝天区两河口镇卫生院,416.8
708,广元市朝天区中医医院,1049.585573770492
709,广元市朝天区中子镇中心卫生院,427.995
710,广元市朝天区人民医院,1481.392961876833
711,广元市朝天区妇幼保健院,582.5128571428571
712,广元市朝天区曾家镇中心卫生院（广元市朝天区第二人民医院）,216.558
713,广元市朝天区羊木镇中心卫生院,247.0
714,广元市第一人民医院,4238.855819552529
715,广元市第二人民医院,2701.6176796407185
716,广元市精神卫生中心,2675.5863422818793
717,广元德新肾病医院,1831.4177777777777
718,广元曾家山老年病专科医院,357.1
719,广元湘康医院,1013.0485714285714
720,广元爱尔眼科医院,2362.8284132841327
721,广元福康老年病医院,288.5
722,广安市中医医院,1053.5340732265447
723,广安市人民医院/四川大学华西医院广安医院/广安市人民医院互联网医院,3943.3300072115385
724,广安市前锋区人民医院,938.3865193370166
725,广安市前锋区代市中心卫生院,1101.8243333333335
726,广安市前锋区观塘中心卫生院,278.54200000000003
727,广安市前锋区观阁中心卫生院,405.5833333333333
728,广安市前锋区龙塘街道社区卫生服务中心,366.885
729,广安市广安区万盛社区卫生服务中心,233.085
730,广安市广安区人民医院,2790.976582510062
731,广安市广安区协兴中心卫生院,943.7307317073171
732,广安市广安区妇幼保健计划生育服务中心,488.7168049792531
733,广安市广安区官盛镇卫生院,324.1
734,广安市广安区广福社区卫生服务中心（枣山园区）,393.39311111111107
735,广安市广安区恒升中心卫生院,933.2709090909091
736,广安市广安区悦来中心卫生院,464.4333333333334
737,广安市广安区浓洄社区卫生服务中心,2061.31375
738,广安市广安区石笋中心卫生院,860.4649999999999
739,广安市广安区花桥中心卫生院,1176.9554385964911
740,广安恒德医院,709.4305699481865
741,广安新迪眼科医院（枣山园区）,2671.3390547263684
742,广安福源医院,2560.494273858921
743,广旺矿区代池坝医院,293.025
744,广旺矿区宝轮院医院,602.8
745,广汉圣心妇女儿童医院,590.172429906542
746,广汉市中医医院,1773.0359672131146
747,广汉市人民医院,2959.6460347490347
748,广汉市向阳镇卫生院,278.95
749,广汉市妇幼保健院,661.7318897637795
750,广汉市小汉镇中心卫生院,213.75666666666666
751,广汉市连山镇中心卫生院,852.7631578947369
752,广汉市金鱼镇卫生院,1207.7
753,广汉市雒城街道顺德路社区卫生服务中心,349.3
754,广汉市高坪镇中心卫生院,680.165
755,广汉骨科医院,2987.3269807037454
756,康定市人民医院,988.4189393939395
757,康定市第二人民医院,858.0128571428571
758,开江县中医院,1580.6025423728815
759,开江县人民医院,623.8837209302326
760,开江县任市中心卫生院（开江县第二人民医院）,1438.9866666666667
761,开江县妇幼保健计划生育服务中心,447.88491803278686
762,开江县甘棠镇卫生院,1276.1933333333334
763,开江复康医院有限公司,1934.9459055118111
764,开江康仁骨科医院,4549.890869565218
765,彭山瑞正利康医院,1174.634090909091
766,彭州同一医院,920.8316384180791
767,彭州市中医医院,2066.0787324426174
768,彭州市中西医结合医院,1943.3303982300883
769,彭州市九尺镇卫生院,391.38571428571424
770,彭州市人民医院,3090.993769140165
771,彭州市传染病医院,204.53
772,彭州市天彭街道安康护理院,3544.3577777777778
773,彭州市天彭街道西郊社区卫生服务中心,377.5
774,彭州市妇幼保健院 彭州市妇女儿童医院,446.8051724137931
775,彭州市敖平镇卫生院（彭州市第三人民医院）,247.033125
776,彭州市第二人民医院,1897.0804104803492
777,彭州市第四人民医院（彭州市精神卫生中心）,237.365
778,彭州市通济镇卫生院,1271.091111111111
779,彭州市隆丰街道社区卫生服务中心,512.7571428571429
780,彭州段氏中医骨科医院,703.0773728813559
781,彭州熊氏中医骨科医院,3795.690882352941
782,彭州爱瞳眼科医院,3453.855118110236
783,彭州磊络福兴医院,6092.014522292994
784,得荣县瓦卡镇中心卫生院,398.0
785,德昌县中医医院,1788.141604696673
786,德昌县人民医院,2445.57375
787,德昌县妇幼保健计划生育服务中心,413.90615384615387
788,德格县人民医院,982.3514705882352
789,德阳博爱耳鼻喉专科医院,1913.9901197604788
790,德阳市中西医结合医院,3289.4296597353496
791,德阳市人民医院,5002.770593667546
792,德阳市口腔医院,1955.0889855072467
793,德阳市旌阳区中医院（旌阳区人民医院）,1740.2528926905134
794,德阳市旌阳区八角井镇卫生院,2036.0325471698113
795,德阳市旌阳区双东镇卫生院,840.54
796,德阳市旌阳区和新镇卫生院,1281.15
797,德阳市旌阳区妇幼保健计划生育服务中心（德阳市妇幼保健院，德阳市旌阳区妇幼保健院）,353.49317180616737
798,德阳市旌阳区孝感社区卫生服务中心,1503.0685714285714
799,德阳市旌阳区孝泉镇卫生院,2097.764133333333
800,德阳市旌阳区德新镇卫生院,643.5166666666667
801,德阳市旌阳区旌西社区卫生服务中心,874.0316666666668
802,德阳市旌阳区柏隆镇卫生院,1748.2626086956523
803,德阳市旌阳区黄许镇卫生院,1093.6603225806452
804,德阳市第二人民医院,3991.9279154929577
805,德阳市第六人民医院(东汽医院）,1800.8398687664042
806,德阳市精神卫生中心（德阳市安康医院，德阳市第七人民医院）,253.07000000000002
807,德阳市罗江区中医医院,2118.148907103825
808,德阳市罗江区人民医院,1917.2190083905416
809,德阳市罗江区新盛镇卫生院,1126.0941666666665
810,德阳市罗江区鄢家镇中心卫生院,934.3799999999999
811,德阳市罗江区金山镇中心卫生院（德阳市罗江区第二人民医院）,1384.9266666666665
812,德阳爱尔眼科医院,1183.3777740863788
813,德阳眼科医院,1509.470961832061
814,德阳第五医院（德阳第五医院互联网医院）,2524.1316061776065
815,德阳肿瘤医院,2391.5816419919247
816,德阳锦欣护理中心,279.7766666666667
817,德阳骨科医院,5896.554893617022
818,志辉医院,1283.487191780822
819,悦好医学美容医院,4425.9474193548385
820,成都三松肾病医院,4597.098571428572
821,成都上锦南府医院,1977.9411764705883
822,成都东区医院,881.7234313725489
823,成都东区爱尔眼科医院,2624.9853086419757
824,成都东升医院,257.96
825,成都东大肛肠医院,5978.216404494382
826,成都东篱医院,2592.9092253521126
827,成都东部新区三岔中心卫生院（成都东部新区第三人民医院）,1938.407870528109
828,成都东部新区石板中心卫生院,1089.9528767123288
829,成都东部新区第二人民医院,1235.7863532297629
830,成都中医大银海眼科医院（成都中医大银海眼科医院互联网医院）,3269.0805647058824
831,成都中医药大学第三附属医院（四川省糖尿病防治中心）,240.56625
832,成都中医药大学附属医院（四川省中医医院  成都中医药大学附属医院（四川省中医医院）互联网医院）,3256.6647300337463
833,成都中医药大学附属生殖妇幼医院,964.5935714285714
834,成都中德肾病医院,311.0
835,成都中科甲状腺医院,11849.850387596898
836,成都九如城康复医院,4884.26675
837,成都九龙医院（成都九龙中医医院）,2545.5916666666667
838,成都二零四医院,484.8737735849057
839,成都五块石医院,301.96486486486486
840,成都交通医院,1105.1499999999999
841,成都京东方医院,4381.43167038483
842,成都亲睦家爱立康老年病医院,506.12172413793104
843,成都仁品耳鼻喉专科医院,2760.904626262626
844,成都体育学院附属体育医院,6407.498678977273
845,成都保髋股骨头骨科医院（成都保髋股骨头骨科医院互联网医院）,8897.164922547332
846,成都儿童专科医院,508.95828125
847,成都八一骨科医院,4805.312176330422
848,成都八大处医疗美容医院,1583.2410256410258
849,成都军大整形外科医院,3095.1873071895425
850,成都军建医院,442.28909090909093
851,成都冬雷脑科医院,1211.7775
852,成都北新医院,1439.9190217391306
853,成都医学院第一附属医院,4758.497494692144
854,成都华厦眼科医院,3283.451722543353
855,成都博仕胃肠病医院,1739.643956043956
856,成都双华骨科医院,3555.763
857,成都双楠医院,3126.884693084693
858,成都双流海尔森老年病医院,386.2611111111111
859,成都双流蛟龙港医院有限公司,349.7529411764706
860,成都嘉事康复医院,1068.2524
861,成都城东康复医院,617.9738775510205
862,成都城南金花医院,1446.8105544422176
863,成都大华韩艺整形美容医院,8387.714285714286
864,成都大学附属医院（成都大学附属医院互联网医院）,5210.335547772485
865,成都天使之翼整形美容医院,4145.0
866,成都天使儿童医院,335.9451503759399
867,成都天大不孕不育医院,1443.87345323741
868,成都天府新区顾连禾泰康复医院,3028.603181818182
869,成都威高肾病医院,8261.447931034483
870,成都安琪儿妇产医院,434.125
871,成都宝石花医院,1054.3322222222223
872,成都小青草眼科医院,3174.1838235294117
873,成都川蜀血管病医院,1902.3236057692307
874,成都市中西医结合医院,4236.208473985841
875,成都市公共卫生临床医疗中心,3435.7468667763155
876,成都市双流区中医医院,2187.0356986301367
877,成都市双流区妇幼保健院,736.705083251714
878,成都市双流区彭镇卫生院,204.06
879,成都市双流区永安中心卫生院,1044.969014084507
880,成都市双流区第一人民医院,2502.8009831297263
881,成都市双流区西航港社区卫生服务中心,823.934375
882,成都市双流区黄龙溪镇卫生院,244.63375
883,成都市妇女儿童中心医院,1354.1540023337222
884,成都市德康医院,238.29166666666666
885,成都市成华区中医医院,929.2976056338028
886,成都市成华区妇幼保健院,811.4337288135592
887,成都市成华区第七人民医院,468.8
888,成都市成华区第三人民医院,959.7793464052287
889,成都市新津区中医医院,1782.2801367053999
890,成都市新津区人民医院（成都市新津区急救指挥分中心）,3790.3256462179866
891,成都市新津区兴义镇中心卫生院,727.6748148148149
892,成都市新津区妇幼保健计划生育服务中心（成都市新津区妇幼保健院）,898.1242727272728
893,成都市新津区武阳社区卫生服务中心,447.2877777777778
894,成都市新津区第二人民医院,300.0
895,成都市新津区花源街道中心卫生院,938.3566666666666
896,成都市新都区三河街道社区卫生服务中心,203.35000000000002
897,成都市新都区中医医院,2831.210855063675
898,成都市新都区人民医院,3187.0390208034437
899,成都市新都区妇幼保健院,922.435294117647
900,成都市新都区斑竹园街道社区卫生服务中心,347.6
901,成都市新都区新繁街道社区卫生服务中心,231.5952380952381
902,成都市新都区石板滩街道社区卫生服务中心,494.88435483870967
903,成都市新都区第三人民医院,4386.541912350598
904,成都市新都区第二人民医院,1530.187966101695
905,成都市武侯区人民医院,718.0085138004247
906,成都市武侯区第三人民医院,453.1351666666667
907,成都市温江区中医医院,1649.04156641604
908,成都市温江区人民医院,2776.771430107527
909,成都市温江区和盛镇中心卫生院（成都市温江区第二人民医院）,2091.733870967742
910,成都市温江区妇幼保健院（成都市温江区妇幼保健计划生育服务中心）,685.7342116182573
911,成都市第七人民医院,3328.3524807395997
912,成都市第三人民医院,6705.690522363427
913,成都市第二人民医院,4662.66065347351
914,成都市第五人民医院,5370.511142452625
915,成都市第八人民医院（成都市慢性病医院   成都市第八人民医院互联网医院）,873.79389572061
916,成都市第六人民医院,2450.819546362339
917,成都市第四人民医院（精神卫生中心 电子科技大学成都脑科学研究院临床医院 第四人民医院互联网医院,577.623076923077
918,成都市郫都区三道堰镇卫生院,724.46
919,成都市郫都区中医医院,2760.2070614250615
920,成都市郫都区人民医院,2799.9478932126694
921,成都市郫都区团结街道社区卫生服务中心,1160.9926356589147
922,成都市郫都区安德街道社区卫生服务中心,752.3954545454545
923,成都市郫都区安靖街道社区卫生服务中心,1232.4660358056265
924,成都市郫都区犀浦街道社区卫生服务中心（成都市郫都区中西医结合医院）,768.3565217391304
925,成都市郫都区第二人民医院,1468.5339731682145
926,成都市郫都区红光街道社区卫生服务中心,347.02571428571434
927,成都市郫都区郫筒街道社区卫生服务中心,253.2903448275862
928,成都市郫都区骨科医院,5041.274014869889
929,成都市金牛区中医医院,766.9219494584838
930,成都市金牛区人民北路社区卫生服务中心（成都市金牛区第二人民医院、成都市金牛区嗓音专科门诊部）,282.81
931,成都市金牛区人民医院（四川省人民医院金牛医院 成都市脑外伤抢救中心 成都市金牛区人民医院互联网医院）,3247.768886097152
932,成都市金牛区妇幼保健院（成都市金牛区妇幼保健院互联网医院）,633.5291135135136
933,成都市金牛区沙河源社区卫生服务中心（成都市金牛区金建人民医院）,1189.3615178571429
934,成都市锦江区妇幼保健院,1492.1557355242567
935,成都市青白江区中医医院,1768.8426764705882
936,成都市青白江区人民医院,3590.1910681056943
937,成都市青白江区城厢镇公立中心卫生院,3288.053012048193
938,成都市青白江区大弯社区卫生服务中心,299.0043636363637
939,成都市青白江区妇幼保健院,541.298785046729
940,成都市青白江区清泉镇公立中心卫生院,841.8827388535032
941,成都市青白江区祥福镇公立中心卫生院,1309.6951612903226
942,成都市青白江区红阳社区卫生服务中心,1639.1276470588236
943,成都市青白江区龙王镇卫生院,1568.12
944,成都市青羊区妇幼保健计划生育服务中心（成都市青羊区妇幼保健院）,359.3671875
945,成都市青羊区府南金沙社区卫生服务中心,267.66
946,成都市青羊区文家社区卫生服务中心（成都市青羊区文家社区医院）,602.205
947,成都市龙泉驿区中医医院,2286.786627384961
948,成都市龙泉驿区妇幼保健院,487.3718171296296
949,成都市龙泉驿区第一人民医院,2438.0567465990316
950,成都平安医院,6641.505091164096
951,成都康福肾脏病医院,10569.184117647059
952,成都慈爱肿瘤医院,1257.2047826086957
953,成都成华三松肾病医院,1139.4576470588236
954,成都成华南光医院,535.6116666666667
955,成都成华泰兴医院,433.995
956,成都新世纪妇女儿童医院（成都新世纪妇女儿童医院互联网医院）,914.3022222222222
957,成都新丽美医疗美容医院,1038.4782608695652
958,成都新华医院,3325.5338153647513
959,成都新生堂妇女儿童医院,535.0595833333333
960,成都新视界眼科医院,1304.6792857142857
961,成都新都西桥医院,2507.5044236760127
962,成都显微手足外科医院,12052.450147783251
963,成都普瑞眼科医院,2138.4909420289855
964,成都暄妍医学美容医院,5300.0
965,成都本草堂康复医院,3001.756477987421
966,成都武侯乐颐乐康复医疗中心,378.32
967,成都武侯九星肾病医院,2341.5087096774196
968,成都武侯西南医院,1033.3201063829788
969,成都民生福音耳鼻喉专科医院,1150.0
970,成都温江圣母妇产医院,1210.5087378640776
971,成都满地可医院（四川国济甲亢病医院）,796.5932142857143
972,成都爱尔眼科医院,3375.4613832199548
973,成都爱迪眼科医院,1832.1133485714286
974,成都爱道医院,239.5
975,成都玛丽亚天府妇产儿童医院,1401.8048795180723
976,成都玛丽亚妇产儿童医院,943.9695370370371
977,成都画美医疗美容医院,1173.2775
978,成都第一骨科医院（青羊区医疗中心医院）,504.36020979020975
979,成都美美妇产医院,744.4189671361502
980,成都肛肠专科医院,913.4989348591549
981,成都育才骨科医院,224.0
982,成都蒲江颐养居老年病医院,974.2000000000002
983,成都西区医院,2361.3492476933993
984,成都西区安琪儿妇产医院（成都西区安琪儿妇产医院互联网医院）,2963.9598529411765
985,成都西南不孕不育医院,842.4296551724137
986,成都西南脑科医院,2776.731282051282
987,成都西部中西医结合医院,451.16125
988,成都西部痛风风湿医院（成都西部痛风风湿医院互联网医院）,269.8297647058823
989,成都誉美医院,2608.6368283582087
990,成都郫都正诚医院,327.7655944055944
991,成都金沙医院（成都妇女儿童医院）,1269.5107191780821
992,成都金牛关怀老年病医院,257.94444444444446
993,成都金牛华欣美辰医疗美容医院,8313.0
994,成都铜雀台医学美容医院,15180.952380952382
995,成都锦力骨科医院,294.9297658862876
996,成都锦欣中医医院,573.0517857142858
997,成都锦欣妇产科医院,866.0112328767124
998,成都锦欣沙河堡医院,2177.930941704036
999,成都锦欣老年病医院,298.53
1000,成都锦江大观医院,250.3777777777778
1001,成都锦江安吉拉医疗美容医院,4650.0
1002,成都长江医院,1690.8181148564295
1003,成都长江紫东老年病医院,318.2733333333333
1004,成都长济老年病专科医院,540.5320454545454
1005,成都长生肾病医院,3213.3347222222224
1006,成都阴氏骨科医院,14804.644999999999
1007,成都附大强直类凤湿骨科医院,9369.139344262296
1008,成都青城山医院,1214.6125290697676
1009,成都顾连锦宸康复医院,4640.8524050632905
1010,成都颐锦天泰老年病医院,309.255
1011,成都风湿医院（成都风湿医院互联网医院）,409.959375
1012,成都骨伤医院（成都市金牛区骨伤医院）,1521.38453125
1013,成都高新中和中医医院,308.7142857142857
1014,成都高新区中和社区卫生服务中心,235.57222222222222
1015,成都高新区合作社区卫生服务中心,1470.44
1016,成都高新区新北社区卫生服务中心,202.21
1017,成都高新区芳草社区卫生服务中心,223.34
1018,成都高新区西园社区卫生服务中心,358.0211764705882
1019,成都高新区锦城社区卫生服务中心,386.7
1020,成都高新华南医院,270.0
1021,成都高新博力医院,11409.214785714286
1022,成都高新同爱医院,413.3434375
1023,成都高新后美医疗美容医院,19382.92
1024,成都高新城南妇幼医院,985.4575294117647
1025,成都高新好医生第一医院,2004.9724193548388
1026,成都高新普康医院,217.0
1027,成都高新米兰柏羽医学美容医院,7054.397142857143
1028,成都高新锦欣老年病医院,301.376875
1029,成都龙泉驿锦欣老年病医院,350.4422222222222
1030,成飞医院,2706.3550579710145
1031,攀枝花市中心医院,4397.24736730642
1032,攀枝花市中西医结合医院,2872.584527522074
1033,攀枝花市仁和区人民医院,1514.4254266666667
1034,攀枝花市仁和区同德镇中心卫生院（攀枝花市仁和区同德镇妇幼保健站）,384.5
1035,攀枝花市仁和区平地镇中心卫生院（攀枝花市仁和区平地镇妇幼保健站）,282.0
1036,攀枝花市妇幼保健院,678.5408493150685
1037,攀枝花市第三人民医院,267.365
1038,攀枝花市第二人民医院,2761.926264775414
1039,攀枝花市第四人民医院,9903.359999999999
1040,攀枝花煤业（集团）有限责任公司总医院,2229.3135869565217
1041,攀枝花爱尔眼科医院,1091.2922018348622
1042,攀钢西昌医院,1502.7144136657432
1043,攀钢集团总医院,3238.4470488118172
1044,攀钢集团成都医院,883.6709774436091
1045,攀钢集团成都钢铁有限责任公司青白江医院,1309.3194174757282
1046,新津精准肿瘤医院,1043.88738317757
1047,新龙县人民医院,1039.2566666666667
1048,旌阳华仁医院,788.32
1049,旺苍县三江镇中心卫生院,347.0832
1050,旺苍县中医医院,1722.0674204946997
1051,旺苍县人民医院,1867.9897137580795
1052,旺苍县国华镇中心卫生院,400.38571428571424
1053,旺苍县妇幼保健院,417.3008510638298
1054,旺苍县木门镇中心卫生院,306.6
1055,旺苍德康骨科医院,925.3017741935483
1056,旺苍红城医院,2428.8532786885244
1057,昭觉县人民医院,1042.012058287796
1058,昭觉县妇幼保健计划生育服务中心,380.46
1059,昭觉县新城镇中心卫生院,317.5
1060,普格县人民医院,786.2258695652174
1061,普格县妇幼保健院,318.15416666666664
1062,朝天华仁医院,475.48970588235295
1063,木里县中藏医院,330.25
1064,木里藏族自治县人民医院,1352.3782071713147
1065,松潘县中藏医院,828.1791666666667
1066,松潘县人民医院,1131.7422666666666
1067,核工业四一六医院,1323.154844625573
1068,梓潼佳士老年病医院,254.86666666666667
1069,梓潼县中医院,1406.5848258706467
1070,梓潼县人民医院,1801.3104363207547
1071,梓潼县文昌镇中心卫生院,2715.7489473684213
1072,梓潼县许州镇中心卫生院,1216.1
1073,梓潼县黎雅镇中心卫生院,206.1
1074,梓潼太康医院,867.7409473684211
1075,梓潼爱尔眼科医院,1363.8835616438357
1076,武胜县人民医院,3107.2755133079845
1077,武胜县第二人民医院（武胜县烈面镇中心卫生院）,1115.9335507246378
1078,武胜爱尔眼科医院,959.8604377104376
1079,汉密尔顿美容医院,1552.3777777777777
1080,汉源健行骨伤专科医院,4357.498
1081,汉源县中医医院,2363.5778677462886
1082,汉源县人民医院,1513.1295543672015
1083,江安县中医医院,1777.4798140321218
1084,江安县人民医院,1558.5490607734807
1085,江安县四面山镇中心卫生院,664.1
1086,江安县夕佳山镇中心卫生院,668.5971428571429
1087,江安县妇幼保健院,300.59761904761905
1088,江安县红桥镇中心卫生院,2394.94
1089,江油华厦眼科医院,1241.4315789473685
1090,江油宝石花医院,1023.5430952380951
1091,江油市中医医院,986.6465155131265
1092,江油市中坝卫生院,1293.97
1093,江油市人民医院,2535.392867760917
1094,江油市传染病医院（江油市老年病医院）,513.33
1095,江油市大堰镇卫生院,723.5666666666666
1096,江油市太平镇卫生院,1395.60375
1097,江油市妇幼保健计划生育服务中心,431.7745192307693
1098,江油市武都镇中心卫生院,1009.6825
1099,江油市第二人民医院,3516.8619277108432
1100,江油市第五人民医院,1262.6063076923078
1101,江油市第四人民医院,1157.9307317073171
1102,江油市精神病医院,374.8575
1103,江油市雁门镇中心卫生院,404.57
1104,江油市青莲镇中心卫生院,609.4066666666666
1105,江阳区丹林镇卫生院,1178.2222222222222
1106,江阳区况场街道社区卫生服务中心（泸州市江阳区第三人民医院）,1109.9177777777777
1107,江阳区分水岭镇卫生院,2122.4269230769232
1108,江阳区江北中心卫生院,861.59
1109,江阳区通滩中心卫生院（泸州市江阳区第二人民医院）,1387.6414503816793
1110,江阳区黄舣中心卫生院（泸州市江阳区第二中医医院）,864.1666666666666
1111,江阳区黄舣镇弥陀卫生院,256.52
1112,汶川县人民医院,1825.439190751445
1113,沐川县人民医院,1772.0503096330276
1114,沐川宏健医院,2044.140476190476
1115,沐川新区中医医院,1697.0133333333333
1116,沙湾友安老年病专科医院,2718.9284210526316
1117,泸县中医医院,1504.2108088235293
1118,泸县云龙中心卫生院,994.64
1119,泸县人民医院,2538.612433517311
1120,泸县兆雅中心卫生院,718.9578571428572
1121,泸县喻寺中心卫生院,592.04
1122,泸县天兴镇卫生院,942.0
1123,泸县太伏中心卫生院,242.51799999999997
1124,泸县妇幼保健计划生育服务中心（泸县妇幼保健院）,204.58249999999998
1125,泸县潮河中心卫生院,468.2763157894737
1126,泸县牛滩中心卫生院,523.03
1127,泸县第二人民医院,2285.517729805014
1128,泸县长生肾病医院,864.2142857142857
1129,泸州东大肛肠医院,3538.161081081081
1130,泸州中科胃肠病医院,2525.7953383458644
1131,泸州丽人妇产医院,1029.826842105263
1132,泸州久正骨科医院,3065.9834782608696
1133,泸州家和康医院,2449.366635514019
1134,泸州川蓝康复专科医院,218.0
1135,泸州市中医医院,3929.294430461439
1136,泸州市人民医院（泸州市红十字医院、泸州市江阳区人民医院）,2840.599270414993
1137,泸州市妇幼保健院(泸州市第二人民医院）,2153.237941592087
1138,泸州市江阳区妇幼保健院（泸州市江阳区妇女儿童医院、泸州市江阳区妇幼保健计划生育服务中心）,354.52536231884056
1139,泸州市纳溪区中医医院,680.9148780487806
1140,泸州市纳溪区人民医院,1686.0376565656566
1141,泸州市纳溪区妇幼保健计划生育服务中心（泸州市纳溪区妇幼保健院）,301.77833333333336
1142,泸州市龙马潭区中医医院,1640.5502649006623
1143,泸州市龙马潭区人民医院,2819.274201773836
1144,泸州市龙马潭区妇幼保建计划生育服务中心（泸州市龙马潭区妇幼保健院）,420.66824817518244
1145,泸州市龙马潭区第二人民医院,819.0
1146,泸州平安中医骨科医院,3308.471923076923
1147,泸州普惠外科医院,2451.123
1148,泸州爱尔眼科医院,2194.292236842105
1149,泸州王氏骨科医院,2840.0816789667897
1150,泸州现代耳鼻喉专科医院,1416.9202702702703
1151,泸州福欣医院,2413.9038870967743
1152,泸州西南梅奥肾病医院,1625.4133333333332
1153,泸州锦欣妇产医院,424.8277777777778
1154,泸州长江慢性病专科医院,6056.397142857143
1155,泸州长生众信肾病医院,742.8461538461538
1156,泸州骨康骨科医院,5375.58275
1157,泸州骨病医院,3280.2575
1158,泸州龙马潭圣康中医骨伤医院,2122.0
1159,泸州龙马潭爱尔眼科医院,3650.740789473684
1160,洪雅乾州骨科医院,3194.979391634981
1161,洪雅县东岳镇卫生院,1425.0
1162,洪雅县中医医院,1620.0586355785838
1163,洪雅县人民医院,1224.228125
1164,洪雅县余坪镇卫生院,1295.5800000000002
1165,洪雅县妇幼保健计划生育服务中心,327.06066666666663
1166,洪雅县柳江中心卫生院,845.675
1167,渠县万康中医医院,236.81
1168,渠县中医院,1060.3312068965517
1169,渠县中润医院,2246.1346153846152
1170,渠县临巴镇中心卫生院,578.3425
1171,渠县人民医院,2790.313902192243
1172,渠县佑安医院,2487.882603550296
1173,渠县康济医院,5863.366666666666
1174,渠县济兴医院,2418.082
1175,渠县清溪场镇中心卫生院,256.53333333333336
1176,渠县爱视眼科医院,1394.4725925925925
1177,渠县福善中医医院,269.16
1178,渠县第三人民医院（渠县静边镇中心卫生院）,260.1
1179,渠县第二人民医院,269.527
1180,渠县第四人民医院（渠县有庆镇中心卫生院）,207.6
1181,游仙康耀医院,1003.2119999999999
1182,炉霍县人民医院,1891.9645588235294
1183,犍为县中医医院,2861.163971962617
1184,犍为县人民医院,2508.016670651524
1185,犍为县妇幼保健院,619.9944660194175
1186,犍为县定文镇中心卫生院,631.8100000000001
1187,犍为县罗城镇中心卫生院,1112.7350000000001
1188,犍为成康医院,2873.5886956521745
1189,犍为爱尔眼科医院,1171.025
1190,珙县上罗镇中心卫生院,1434.1666666666667
1191,珙县中医医院,1319.3167630853993
1192,珙县人民医院,1615.6674475524476
1193,珙县妇幼保健计划生育服务中心,335.274
1194,珙县孝儿镇中心卫生院,1020.39
1195,珙县巡场发科骨科医院,4326.6286
1196,理县人民医院,1754.8519230769232
1197,理塘县人民医院,2017.9919298245613
1198,甘孜县人民医院,1690.1312849162011
1199,甘孜州泸定县人民医院,870.5152542372881
1200,甘孜藏族自治州人民医院,2438.3241527655837
1201,甘孜藏族自治州卫生学校附属医院,526.3601694915254
1202,甘孜藏族自治州藏医院,16420.635
1203,甘洛县人民医院,1684.913462749213
1204,甘洛县妇幼保健计划生育服务中心,425.275
1205,电子科技大学医院,283.8
1206,电子科技大学医院（清水河校区）,2380.2410256410253
1207,白玉县人民医院,1001.146
1208,白玉县藏医院,346.5385714285714
1209,百草堂骨科医院,3445.315
1210,盐亭县中医医院,2133.908913043478
1211,盐亭县人民医院,1940.984043905257
1212,盐亭县妇幼保健院,366.76919999999996
1213,盐亭县岐伯镇中心卫生院,462.38
1214,盐亭县文通镇中心卫生院,204.2
1215,盐亭县精神病医院,478.20666666666665
1216,盐亭县肿瘤医院,1356.2429805013926
1217,盐亭民兴医院,1584.1096153846154
1218,盐亭爱瞳眼科医院,1626.3122950819672
1219,盐亭福缘医院,1142.425
1220,盐亭经开区医院,2926.897457627119
1221,盐源县中医医院,1265.718804347826
1222,盐源县人民医院,1784.4408588064045
1223,盐边县中医院,1122.8794838709678
1224,盐边县人民医院,1284.6842477876107
1225,盐边县第二人民医院,625.9133742331288
1226,盐边县红格中心卫生院,286.93333333333334
1227,眉山东坡骨科医院,3589.9470085470084
1228,眉山仁德精成中医骨伤医院,2284.7142446043167
1229,眉山子瞻老年病医院有限公司,441.90000000000003
1230,眉山市东坡区万胜镇卫生院,946.865
1231,眉山市东坡区妇幼保健计划生育服务中心,462.0340677966102
1232,眉山市东坡区思蒙镇卫生院,529.1
1233,眉山市东坡区永寿镇卫生院,1387.5
1234,眉山市东坡区通惠街道社区卫生服务中心,287.485
1235,眉山市中医医院（眉山市东坡区人民医院）,2400.9379635108485
1236,眉山市人民医院（眉山市传染病医院）,3678.4000353134065
1237,眉山市妇幼保健院,938.0106342913775
1238,眉山市彭山区中医医院,1158.6091366906476
1239,眉山市彭山区人民医院,2006.818904515174
1240,眉山市彭山区江口街道社区卫生服务中心,545.0
1241,眉山市彭山区青龙街道社区卫生服务中心,1277.1365
1242,眉山市残疾人康复中心(眉山市康复医院),1228.0333793103448
1243,眉山帅氏医院有限公司,1765.998
1244,眉山彭山福康老年病医院,920.3183333333333
1245,眉山心脑血管病医院,6753.474685835995
1246,眉山老年病医院有限公司,823.7978787878789
1247,眉山肿瘤医院,1577.6104391217564
1248,眉山苏沈老年病医院有限公司,277.685
1249,眉山蕴缨妇产医院,424.9655172413793
1250,眉山蜀唐肛肠医院,882.9504545454546
1251,眉山蜀西眼耳鼻咽喉专科医院有限公司,1593.5164835164835
1252,石棉县中医医院,1170.2750666666666
1253,石棉县人民医院,814.6940807799442
1254,石棉容大医院,226.7
1255,石渠县人民医院,909.7780555555555
1256,稻城县人民医院,1359.624761904762
1257,筠连县中医医院,1650.4672222222223
1258,筠连县人民医院,2294.377437557817
1259,筠连县妇幼保健计划生育服务中心,302.6
1260,筠连县巡司镇中心卫生院,432.525
1261,筠连县筠连镇中心卫生院（筠连镇社区卫生服务中心）,321.6
1262,简阳市三星中心卫生院,448.8691666666667
1263,简阳市中医医院,2161.9602482831483
1264,简阳市人民医院,3595.305533266883
1265,简阳市妇幼保健院,472.98286885245903
1266,简阳市平泉中心卫生院,1461.99
1267,简阳市施家中心卫生院,284.3954545454545
1268,简阳市踏水镇卫生院,260.8955555555556
1269,简阳爱晚中西医结合医院,416.194375
1270,简阳玛莉亚妇产医院,535.758
1271,简阳空分医院,2196.0174689826304
1272,米兰柏羽医学美容医院,14890.8
1273,米易县中医医院,1365.6788172043011
1274,米易县人民医院,1563.3821123595505
1275,米易县妇幼保健服务中心,855.4476
1276,米诺娃妇女儿童医院,4624.051158536586
1277,红原县人民医院,1162.255576923077
1278,纳溪区丰乐中心卫生院（泸州市纳溪区第四人民医院）,555.9766666666667
1279,纳溪区大渡口中心卫生院（泸州市纳溪区第三人民医院）,233.36
1280,纳溪区护国中心卫生院（泸州市纳溪区第二人民医院）,1479.6331060606062
1281,经开综合医院,320.48333333333335
1282,绵竹仁爱医院,1926.626961038961
1283,绵竹夏骡子骨伤专科医院,2851.9274885844748
1284,绵竹市中医医院,2397.8806222222224
1285,绵竹市九龙镇卫生院,1690.3899999999999
1286,绵竹市人民医院（绵竹市人民医院互联网医院）,2856.9627482678984
1287,绵竹市什地镇卫生院,3150.7066666666665
1288,绵竹市妇幼保健计划生育服务中心（绵竹市妇幼保健院，绵竹市妇女儿童医院）,518.8103100775194
1289,绵竹市孝德镇卫生院,999.9018421052633
1290,绵竹市新市镇卫生院,373.2089285714286
1291,绵竹市汉旺镇卫生院,889.49
1292,绵竹市玉泉镇卫生院,240.50666666666666
1293,绵竹市第二中医医院,609.9948387096774
1294,绵竹市第二人民医院,421.55689655172415
1295,绵竹市紫岩街道社区卫生服务中心,541.3375
1296,绵竹市肛肠专科医院,649.7023316062176
1297,绵竹市麓棠镇卫生院,522.1534146341463
1298,绵阳万江眼科医院有限责任公司,1643.7394975288303
1299,绵阳创伤骨科医院,3623.7012831858406
1300,绵阳华厦眼科医院,1335.918181818182
1301,绵阳富临医院,2811.521470125786
1302,绵阳市中医医院,3361.913284710967
1303,绵阳市中心医院,4786.821005162703
1304,绵阳市人民医院,2867.0813636363637
1305,绵阳市妇幼保健院（绵阳市儿童医院）,470.63316507503407
1306,绵阳市安州区中医院,1380.419105960265
1307,绵阳市安州区人民医院,1959.8107734428474
1308,绵阳市安州区桑枣镇中心卫生院,1413.34
1309,绵阳市安州区秀水镇中心卫生院,1094.546875
1310,绵阳市安州区第二人民医院,1144.5445776566758
1311,绵阳市涪城区丰谷中心卫生院,1126.14
1312,绵阳市涪城区吴家中心卫生院,1268.1266666666668
1313,绵阳市涪城区妇幼保健计划生育服务中心,542.9214285714286
1314,绵阳市涪城区杨家镇卫生院,430.03000000000003
1315,绵阳市涪城区石塘社区卫生服务中心,1176.9675
1316,绵阳市涪城区青义中心卫生院,275.68199999999996
1317,绵阳市游仙区中医医院,1166.2965830721002
1318,绵阳市游仙区人民医院,1443.6779772727275
1319,绵阳市游仙区仙鹤中心卫生院,1004.8814285714286
1320,绵阳市游仙区信义中心卫生院,949.6339130434783
1321,绵阳市游仙区妇幼保健院,505.14671232876714
1322,绵阳市游仙区小枧中心卫生院,672.412
1323,绵阳市游仙区忠兴中心卫生院,2892.5286206896553
1324,绵阳市游仙区新桥中心卫生院,873.9187499999999
1325,绵阳市游仙区沉抗镇卫生院,1841.9982352941176
1326,绵阳市游仙区游仙街道社区卫生服务中心,418.5
1327,绵阳市游仙区盐泉中心卫生院,1952.985
1328,绵阳市游仙区石马中心卫生院,761.9829411764706
1329,绵阳市游仙区魏城中心卫生院,855.6733333333333
1330,绵阳市游仙经济试验区社区卫生服务中心,763.9175
1331,绵阳市第三人民医院,4049.5280415482953
1332,绵阳市肛肠病医院,630.596
1333,绵阳市肿瘤医院,1851.1317840909092
1334,绵阳市骨科医院,5453.820237306843
1335,绵阳爱尔眼科医院,3014.9182835820893
1336,绵阳爱贝尔妇产医院,698.261797752809
1337,绵阳益康老年护理院,337.3
1338,绵阳经济技术开发区松垭人民医院（松垭镇卫生院）,1327.107142857143
1339,绵阳耳鼻喉医院,417.3506097560976
1340,绵阳肾病医院,3112.3564285714283
1341,绵阳顾连康复医院,505.3779245283019
1342,绵阳高新区医院,1029.3277272727273
1343,绵阳高新区永兴镇中心卫生院,873.4327777777778
1344,美姑县人民医院,1160.1976273653565
1345,美莱医学美容医院,4875.0
1346,自流井区中医院,470.1138888888888
1347,自流井区新街社区卫生服务中心,246.44857142857146
1348,自流井区第二人民医院,1536.4299999999998
1349,自流井区钟云山社区卫生服务站,2716.04125
1350,自贡云山骨科医院,5617.972968197881
1351,自贡佳德安宁疗护医院（高新区）,2965.2083333333335
1352,自贡市中医医院,1794.1769541939323
1353,自贡市传染病医院,830.4040425531915
1354,自贡市大安区人民医院（自贡市肿瘤医院）,1347.86734375
1355,自贡市大安区回龙镇卫生院,271.87142857142857
1356,自贡市大安区妇幼保健院（大安区红十字博爱妇幼保健院）,348.8833971291866
1357,自贡市妇幼保健院（自贡市妇女儿童医院）,753.4136315323295
1358,自贡市沿滩区人民医院,1405.6626785714284
1359,自贡市沿滩区仙市镇卫生院,1776.0272727272727
1360,自贡市沿滩区妇幼保健院,618.6316216216217
1361,自贡市沿滩区永安镇中心卫生院,2257.3
1362,自贡市沿滩区瓦市镇中心卫生院,535.6750526315789
1363,自贡市第一人民医院,4056.3381417853648
1364,自贡市第三人民医院,4519.164978783592
1365,自贡市第四人民医院,4942.667896333422
1366,自贡市精神卫生中心,677.2308666666667
1367,自贡康立眼科医院（高新区）,1303.9601277955271
1368,自贡怡然精神病医院,304.8375
1369,自贡爱尔眼科医院,1399.6381751824817
1370,自贡荣州骨科医院,4835.87375
1371,自贡高新肿瘤医院,8234.602928759894
1372,船山区妇幼保健院,343.8213636363636
1373,色达县人民医院,1912.5484210526315
1374,色达县泥朵镇卫生院,234.14
1375,芦山勇康医院,551.8886206896552
1376,芦山县人民医院,1298.0164361702127
1377,苍溪仁信医院,6393.172727272727
1378,苍溪县东溪镇中心卫生院,1081.5
1379,苍溪县东青镇中心卫生院,284.80333333333334
1380,苍溪县中医医院,1586.4283821656052
1381,苍溪县五龙镇中心卫生院,2049.568947368421
1382,苍溪县人民医院,2645.0506021717674
1383,苍溪县元坝镇中心卫生院,1479.92
1384,苍溪县妇幼保健院,718.575
1385,苍溪县文昌镇中心卫生院,215.0
1386,苍溪县歧坪镇中心卫生院,1947.1375757575759
1387,苍溪县漓江镇卫生院,315.54
1388,苍溪县白驿镇卫生院,315.0
1389,苍溪县百利镇卫生院,416.37
1390,苍溪县精神卫生防治院,1084.295625
1391,苍溪县陵江镇中心卫生院（苍溪县第三人民医院）,1674.546
1392,苍溪县高坡镇卫生院,306.64
1393,苍溪县鸳溪镇卫生院,372.08000000000004
1394,苍溪县龙山镇中心卫生院,385.5894117647059
1395,苍溪县龙王镇中心卫生院,440.06125000000003
1396,苍溪康复医院,1659.5787804878048
1397,苍溪新友好医院,4664.347222222223
1398,苍溪瑞祥医院,976.9597674418604
1399,苍溪百姓老年病专科医院,3214.6127586206894
1400,苍溪社保医院,7649.188636363636
1401,苍溪福昌中医疼痛医院,219.66666666666666
1402,若尔盖县人民医院,584.7328205128205
1403,茂县中医院,1711.4525925925927
1404,茂县人民医院,1634.955844155844
1405,荣县中医医院（荣县第二人民医院、荣县老年病医院）,2055.586009771987
1406,荣县人民医院,3045.3686433954776
1407,荣县妇幼保健院,373.7824242424242
1408,荣县新城医院,1798.0309759759762
1409,荣县长山中心卫生院,894.2066666666666
1410,荥经兴恒康医院,292.4575
1411,荥经县人民医院,1289.5983333333334
1412,荥经时代中西医院,2023.8569105691056
1413,营山华慷医院,764.06
1414,营山博康肾病医院,447.1
1415,营山县中医医院,2278.2820718816065
1416,营山县人民医院,1894.693712486106
1417,营山县双流中心卫生院,528.48
1418,营山县妇幼保健计划生育服务中心,308.6646875
1419,营山民康医院,641.4276923076923
1420,营山民生医院,203.2
1421,营山祥润康复医院,1280.996875
1422,蒲江县中医医院,1314.1386685552409
1423,蒲江县人民医院,2029.8639193446754
1424,蒲江县大塘公立中心卫生院,670.7504761904762
1425,蒲江县妇幼保健计划生育服务中心,357.5838028169014
1426,蒲江县成佳镇公立卫生院,921.3455172413793
1427,蒲江县第二人民医院（蒲江县寿安公立中心卫生院）,965.6864444444444
1428,蒲江县西来公立中心卫生院,231.49
1429,蒲江西南任氏骨科医院,341.658
1430,蒲江鑫名老年病医院,205.51
1431,蓬安中山骨科医院,5635.431228070176
1432,蓬安县中医医院,1870.6500810810812
1433,蓬安县人民医院,2187.776756134969
1434,蓬安县妇幼保健计划生育服务中心,812.920035971223
1435,蓬安县徐家中心卫生院,601.77
1436,蓬安济民医院,2493.5738461538463
1437,蓬溪仁心中医肛肠医院,362.45
1438,蓬溪县三凤中心卫生院,697.3842857142857
1439,蓬溪县中医医院,1178.445714285714
1440,蓬溪县人民医院,1763.6676630883567
1441,蓬溪县任隆中心卫生院,772.8666666666667
1442,蓬溪县妇幼保健计划生育服务中心（蓬溪县妇幼保健院）,511.75238805970145
1443,蓬溪县第二人民医院（蓬溪县蓬南中心卫生院）,2444.883137254902
1444,蓬溪友爱天仁医院,822.1277777777777
1445,蓬溪忠仁老年病医院,920.4380392156862
1446,蓬溪恒道中医（骨科）医院,2978.7549659863944
1447,蓬溪长庚中医肛肠医院,4000.0
1448,西充县中医医院,2031.541219512195
1449,西充县义兴中心卫生院,903.6685714285715
1450,西充县人民医院,2661.130303030303
1451,西充县双凤中心卫生院,1424.13
1452,西充县妇幼保健计划生育服务中心,506.57183908045977
1453,西充县晋城中心卫生院,1239.4
1454,西充县槐树中心卫生院,202.35
1455,西充康桥医院,724.2437777777777
1456,西南兵工成都医院,1181.4394833948338
1457,西南医科大学附属中医医院,4576.411865225684
1458,西南医科大学附属医院,6761.433494231606
1459,西南医科大学附属口腔医院,856.9201398601399
1460,西昌市中医医院,531.8521276595744
1461,西昌市人民医院,2783.650944642857
1462,西昌市妇幼保健院（西昌市妇女儿童医院、西昌市妇幼保健计划生育服务中心）,606.8173802816901
1463,西昌康立医院,1307.05
1464,西昌王氏骨科专科医院,8505.24982832618
1465,西昌现代妇产医院,312.2605263157895
1466,西藏自治区人民政府驻成都办事处医院,5548.1891396582205
1467,贡井区中医医院,1124.8344827586207
1468,资中县中医医院,1765.2199524375742
1469,资中县人民医院,2767.3809892023687
1470,资中县双河镇卫生院,3335.75
1471,资中县太平镇卫生院,938.4491666666667
1472,资中县妇幼保健计划生育服务中心,533.0814835164836
1473,资中县归德镇卫生院,292.17
1474,资中县明心寺镇卫生院,1395.87
1475,资中县狮子镇卫生院,205.4
1476,资中县球溪镇卫生院,1178.9850000000001
1477,资中县重龙镇卫生院（资中县重龙社区卫生服务中心）,846.6975
1478,资中县银山镇卫生院,720.7988461538462
1479,资中县龙江镇卫生院,2547.577142857143
1480,资中县龙结镇卫生院,2436.15875
1481,资中资州医院,1695.431438746439
1482,资阳中欣肛肠医院,819.92
1483,资阳光正新视界眼科医院,1718.466352201258
1484,资阳市中医医院,2396.5667847593586
1485,资阳市人民医院,2622.8732295719847
1486,资阳市第一人民医院,2876.524471565174
1487,资阳市精神病医院,1059.6784615384615
1488,资阳市雁江区中和镇中心卫生院,1414.7568181818183
1489,资阳市雁江区丰裕镇中心卫生院,873.1700000000001
1490,资阳市雁江区丹山镇中心卫生院,715.4056565656566
1491,资阳市雁江区人民医院,1318.591065902579
1492,资阳市雁江区伍隍镇中心卫生院,478.2128571428571
1493,资阳市雁江区保和镇中心卫生院,1078.5666666666666
1494,资阳市雁江区南津镇中心卫生院,483.875
1495,资阳市雁江区妇幼保健计划生育服务中心(资阳市妇幼保健院）,499.9944125326371
1496,资阳市雁江区小院镇中心卫生院,804.2578947368421
1497,资阳市雁江区祥符镇中心卫生院,1441.1714285714286
1498,资阳市雁江区老君镇卫生院,404.46799999999996
1499,资阳毛氏骨科医院,3725.315441176471
1500,资阳爱尔眼科医院有限公司,1217.6898734177216
1501,越西县妇幼保健计划生育服务中心（越西县妇幼保健院）,372.09999999999997
1502,越西县第一人民医院,1773.9162674094707
1503,越西康虹医院,3803.289793814433
1504,达川佳合中医医院,276.6666666666667
1505,达川区三里坪街道社区卫生服务中心,754.0971428571429
1506,达川区杨柳街道社区卫生服务中心,570.0
1507,达川新侨医院,2868.037804878049
1508,达州元达联合医院,2101.4231837916063
1509,达州元达联合疗养院,256.32222222222225
1510,达州医科肿瘤医院,430.87939393939394
1511,达州华康医院,1420.3999571734475
1512,达州华阳妇产儿童医院,821.6360869565218
1513,达州南方医院,2427.8143918918922
1514,达州市中心医院,3729.5277244472422
1515,达州市中西医结合医院,3654.6218662647298
1516,达州市妇幼保健计划生育服务中心(达州市妇女儿童医院）,596.1420926517573
1517,达州市达川区中医医院,2788.435595238095
1518,达州市达川区亭子镇中心卫生院,390.99
1519,达州市达川区人民医院（达州市第三人民医院）,3076.9566503267974
1520,达州市达川区大树镇中心卫生院,209.0
1521,达州市达川区妇幼保健计划生育服务中心,705.1375796178344
1522,达州市达川区渡市镇中心卫生院,728.56
1523,达州市达川区石桥镇中心卫生院,1143.8380000000002
1524,达州市达川区管村镇中心卫生院,652.43
1525,达州市达川区赵家镇中心卫生院,1547.4
1526,达州市通川区人民医院,1978.6150899280576
1527,达州德仁中医医院,528.1447368421053
1528,达州火峰山老年病医院,2260.868045977011
1529,达州爱尔眼科医院,3049.1102173913046
1530,达州爱尔眼视光眼科医院,2583.245205479452
1531,达州田氏骨病医院,7655.742592592592
1532,达州睛泰眼科医院,1490.8653846153845
1533,达州紫荆妇产医院,267.6363636363636
1534,达州职业技术学院附属医院,1078.8856140350879
1535,达州骨科医院,7443.159158143195
1536,通川区中医院,1096.6834285714285
1537,通川区碑庙中心卫生院,232.495
1538,通川区第二人民医院（通川区罗江中心卫生院）,213.08
1539,通川双龙骨科医院,5613.007647058824
1540,通江县中医医院,1766.2451566579634
1541,通江县人民医院,2758.577144132084
1542,通江县妇幼保健院,394.26541237113406
1543,通江县新场镇卫生院,520.0
1544,通江县民胜中心卫生院,231.3
1545,通江县洪口中心卫生院,693.85
1546,通江县瓦室中心卫生院,806.0
1547,通江县至诚中心卫生院,1572.9083333333335
1548,通江县诺水河中心卫生院,929.3092857142857
1549,通江县铁溪中心卫生院,215.54
1550,通江县麻石中心卫生院,260.77
1551,通江新区医院,1947.6231368993651
1552,通江老城中西医结合医院,1789.0393333333334
1553,通江茹氏骨科医院,4667.757448979592
1554,遂宁嘉慧妇产医院,464.61538461538464
1555,遂宁市中医院,3640.1526758869513
1556,遂宁市中心医院,5355.950933100301
1557,遂宁市安居区三家镇中心卫生院,706.85
1558,遂宁市安居区三家镇大安卫生院,7694.599999999999
1559,遂宁市安居区东禅镇中心卫生院,598.19
1560,遂宁市安居区中医院,224.49
1561,遂宁市安居区人民医院,1479.9741775456919
1562,遂宁市安居区分水镇卫生院,1487.5
1563,遂宁市安居区拦江镇中心卫生院,1171.0151666666668
1564,遂宁市安居区横山镇中心卫生院,1197.46
1565,遂宁市安居区白马镇中心卫生院,1635.3
1566,遂宁市安居区西眉镇中心卫生院,791.5
1567,遂宁市安居区西眉镇马家卫生院,1154.5279999999998
1568,遂宁市民康医院（遂宁市优抚医院）,280.825
1569,遂宁市第一人民医院,2976.506511709193
1570,遂宁市第三人民医院,3654.1691914387634
1571,遂宁市船山区永兴镇中心卫生院（遂宁市船山区第一人民医院）,926.75
1572,遂宁市船山骨科医院有限责任公司,7442.248611111111
1573,遂宁杨柳肾病医院有限公司,961.815
1574,遂宁爱尔眼科医院,1130.6178909090909
1575,道孚县人民医院,4792.0542857142855
1576,邛崃东华医院,642.2710344827586
1577,邛崃任氏骨科医院,3742.385152671756
1578,邛崃兴盛医院,3672.5200000000004
1579,邛崃可利特结石医院,789.0453389830508
1580,邛崃品范医院,1228.1100724637681
1581,邛崃市中医医院,1746.744579124579
1582,邛崃市医疗中心医院,3732.2176610249176
1583,邛崃市大同镇卫生院,218.4
1584,邛崃市天台山镇中心卫生院（邛崃市第五人民医院）,509.60652173913047
1585,邛崃市夹关镇中心卫生院（邛崃市第三人民医院）,426.245
1586,邛崃市妇幼保健院,257.66385321100915
1587,邛崃市平乐镇中心卫生院（邛崃市第六人民医院）,1113.65
1588,邛崃市第二人民医院（成都市第三人民医院邛崃医院）,751.4699999999999
1589,邛崃爱尔眼科医院,1851.8437931034482
1590,邻水县中医医院,2244.480704647676
1591,邻水县九龙镇中心卫生院,808.35
1592,邻水县人民医院,2759.1032700684505
1593,邻水县兴仁镇中心卫生院,226.66666666666666
1594,邻水县合流镇卫生院,414.418
1595,邻水县坛同镇卫生院,416.2125
1596,邻水县城北镇卫生院,218.8
1597,邻水县妇幼保健计划生育服务中心,345.97809523809525
1598,邻水县柑子镇中心卫生院,285.106875
1599,邻水县石永镇卫生院,276.06666666666666
1600,邻水县第二人民医院,744.533631713555
1601,邻水天蓝眼科医院,2053.4329218106996
1602,邻水安康医院,1041.4377006507593
1603,都江堰宏惠医院,653.2890163934426
1604,都江堰岷刚医院,1795.3620833333334
1605,都江堰市中医医院,1684.7407386888274
1606,都江堰市人民医院,3251.375116687578
1607,都江堰市桂花社区卫生服务中心,260.87
1608,都江堰市沿江卫生院,2055.68375
1609,都江堰市玉堂镇卫生院,230.65
1610,都江堰市第二人民医院,1708.4971525753158
1611,都江堰市聚源镇中心卫生院,579.23
1612,都江堰市青城山镇中心卫生院,1084.7048979591837
1613,都江堰市骨伤专科医院,4049.4258974358972
1614,都江堰爱尔眼科医院,2196.4494267515925
1615,都江堰首嘉医院,1184.5509940357854
1616,都江堰鹏程疼痛医院,15420.328501945527
1617,酒城全科中医医院,237.6
1618,金堂县中医医院,1740.1261212121212
1619,金堂县中西医结合医院（金堂县土桥中心卫生院、金堂县土桥镇公共卫生所）,972.6898901098901
1620,金堂县妇幼保健院（金堂县妇女儿童医院）,1393.4500464396285
1621,金堂县福兴镇中心卫生院（金堂县福兴镇公共卫生所）,336.774
1622,金堂县第一人民医院,3046.3862467866325
1623,金堂县第三人民医院,1990.8252955665023
1624,金堂县第二人民医院,2974.4727777777775
1625,金堂县赵家镇卫生院(金堂县赵家镇公共卫生所）,1095.3933333333332
1626,金堂县赵镇社区卫生服务中心（金堂县赵镇街道公共卫生所）,282.69
1627,金堂县转龙镇中心卫生院,285.27
1628,金堂县骨伤科医院（金堂县淮口社区卫生服务中心、金堂县淮口街道公共卫生所）,2464.4525
1629,金堂家兴结石病医院,1404.400578034682
1630,金堂晟康精神病医院,200.9
1631,金堂正康老年病医院,238.08
1632,金堂瑞辰仁爱医院,1281.6
1633,金堂纺织妇产医院,356.2185416666667
1634,金堂黄氏中西医骨科医院,4562.436206896552
1635,金川县中藏医院,220.93800000000002
1636,金川县人民医院,1097.7622330097088
1637,金阳华大医院,431.92
1638,金阳华大医院对坪分院,260.0
1639,金阳县人民医院,1598.08381270903
1640,长宁县中医医院,2457.4598255813953
1641,长宁县人民医院,2529.492777268561
1642,长宁县双河镇中心卫生院,1685.2751428571428
1643,长宁县妇幼保健计划生育服务中心（长宁县妇幼保健院）,367.855
1644,长宁县花滩镇中心卫生院,2169.93
1645,长宁县长宁镇中心卫生院,821.2155555555556
1646,长宁舒之康妇产医院,373.31384615384616
1647,阆中元华祥医院,885.3681818181817
1648,阆中博杨中医医院,15335.672413793103
1649,阆中名城医院,4239.321052631579
1650,阆中市中医医院,2020.1101002506266
1651,阆中市二龙镇中心卫生院,837.0
1652,阆中市人民医院,2823.812120216013
1653,阆中市千佛镇中心卫生院,2160.1625
1654,阆中市妇幼保健计划生育服务中心,350.038
1655,阆中市柏垭镇中心卫生院,1284.4733333333334
1656,阆中市河溪街道中心卫生院（阆中市第四人民医院）,839.275
1657,阆中市第二人民医院,2318.43375
1658,阆中市精神卫生中心,306.6
1659,阆中慈念医院,1369.7477714285715
1660,阆中明康医院,2940.597777777778
1661,阆中益民医院,1417.43
1662,阆中眼耳鼻喉专科医院,1519.767837837838
1663,阿坝兴富医院,1311.44375
1664,阿坝县人民医院,828.834801980198
1665,阿坝县藏医院,367.348
1666,阿坝州林业中心医院,774.5142231075697
1667,阿坝藏族羌族自治州人民医院,2071.558818565401
1668,隆昌市中医医院,628.617
1669,隆昌市人民医院,2740.6306468797566
1670,隆昌市妇幼保健院,329.55727272727273
1671,隆昌通康医院,2124.828698060942
1672,雅安仁康医院（雅安结石病医院）,2906.006693037975
1673,雅安博爱医院,459.9769230769231
1674,雅安唐氏肛肠专科医院,1822.1316666666664
1675,雅安市中医医院(雅安市中医医院互联网医院）,5028.14837084673
1676,雅安市人民医院（雅安市人民医院互联网医院）,4356.270569574621
1677,雅安市名山区中医医院,1475.7173979591837
1678,雅安市名山区人民医院,1795.1183889816361
1679,雅安市名山区妇幼保健计划生育服务中心,291.08888888888885
1680,雅安市第四人民医院（雅安市精神病医院、雅安市精神卫生中心）,505.4236363636364
1681,雅安市雨城区人民医院.雅安市第二人民医院,2611.0203289473684
1682,雅安市雨城区草坝镇中心卫生院,764.5
1683,雅安德仁医院,444.7577777777778
1684,雅安恒博医院,913.8691240875913
1685,雅安民康医院,662.3375
1686,雅安河北医院,640.8720183486239
1687,雅安职业技术学院附属医院,756.315601965602
1688,雅安雨城容大医院,2060.647435897436
1689,雅江县人民医院,6220.5280851063835
1690,雷波县人民医院,732.7639042553191
1691,雷波百信医院,1736.7949874686715
1692,雷波祥和医院,2286.271694915254
1693,青川县中医医院,1872.8016384180792
1694,青川县人民医院,1189.7448181818181
1695,青川县妇幼保健院,680.70875
1696,青川县第一人民医院,2027.7207368421052
1697,青白江日鑫老年病医院,602.2697058823529
1698,青神县中医医院,942.6783720930232
1699,青神县人民医院,1667.2980499999999
1700,青神康达骨科医院,1856.2009183673467
1701,马边创骨医院,2159.821191588785
1702,马边彝族自治县人民医院,1254.201689814815
1703,马边彝族自治县妇幼保健计划生育服务中心,464.2144897959183
1704,高县中医医院,3181.863041958042
1705,高县人民医院,566.702380952381
1706,高县妇幼保健院,278.42163636363637
1707,高县文江镇中心卫生院（高县第二人民医院）,1077.5808219178082
1708,高县来复镇中心卫生院,789.6166666666667
1709,高县沙河镇中心卫生院,1109.98
1710,高县罗场镇中心卫生院,618.29
1711,高坪太禾医院,1243.0588235294117
1712,黑水县中藏医院,308.54
1713,黑水县人民医院,534.8872222222221
1714,龙马潭区胡市中心卫生院(泸州市龙马潭区第三人民医院）,993.8967924528301
1715,龙马潭区金龙镇卫生院,716.7
1716,龙马潭区鱼塘街道社区卫生服务中心,921.699
