,疾病,口腔科耗材费均值,口腔科次数,非口腔科耗材费均值,非口腔科次数
0,三叉神经疾患,71.79314285714285,35,4532.1979943719625,3909
1,上呼吸道的其他疾病,796.4371428571428,49,488.68421013133207,7995
2,上肢单神经病,44.555,4,951.8955125284738,3512
3,不适和疲劳,11.6,1,56.50484897959184,2450
4,与有毒动物接触的毒性效应,0.0,1,58.41261274158912,16764
5,与淋巴网状组织和网状组织细胞系统的某些疾病,6398.6,1,2013.3627906976744,430
6,人类免疫缺陷病毒[HIV]病造成的传染病和寄生虫病,155.65,1,517.4194598687532,1981
7,人类免疫缺陷病毒[HIV]病造成的恶性肿瘤,194.75,1,1256.7802040816325,49
8,偏瘫,7.086666666666668,30,101.7687445703585,51799
9,"入脑前动脉的闭塞和狭窄,未造成脑梗死",11869.84,2,8402.62715995397,13035
10,其他B细胞淋巴瘤[恶性免疫增生性疾病],681.26,1,919.0424242424243,66
11,其他传染性和未特指病因的胃肠炎和结肠炎,5.763809523809524,21,30.765232119959176,76426
12,"其他先天性畸形,不可归类在他处者",1428.9404444444444,45,1216.5473022151898,1264
13,其他关节炎,0.0,1,263.5339687131683,18666
14,"其他关节疾患,不可归类在他处者",0.0,4,184.39626515878945,28119
15,其他内部假体装置、植入物和移植物的并发症,403.09800000000007,5,1933.0670202020203,1386
16,其他再生障碍性贫血,151.13,2,209.6321682168217,9999
17,"其他动物源性细菌性疾病,不可归类在他处者",585.3199999999999,2,479.2421893491124,169
18,其他医疗照顾,707.094375,48,446.8516525648704,470862
19,其他呼吸性疾患,11.597857142857142,14,190.77998475940552,396310
20,其他和不明确部位的恶性肿瘤,7014.365730337079,89,2186.9638824289405,1548
21,其他和不明确部位的继发性恶性肿瘤,3409.9376,25,3210.6729446747163,5549
22,其他和未特指胸内器官损伤,235.87,1,2742.8247657800716,5038
23,其他和未特指部位的动态未定或动态未知的肿瘤,1446.3914285714286,7,1671.612038166745,6393
24,其他和未特指部位的原位癌,29965.0,1,2244.32599009901,202
25,其他和未特指部位的良性肿瘤,1129.70025,40,1211.381193151418,3738
26,其他器官的结核,1455.4631578947367,19,1964.7552984895708,4171
27,其他女性盆腔炎性疾病	,5.36,5,80.18202530469391,64573
28,其他心律失常,30431.27,1,12493.962145745898,13105
29,其他急性缺血性心脏病,0.0,1,1844.5610950159587,8146
30,其他慢性阻塞性肺病,18.273935483870968,310,86.06111009318575,877602
31,其他手术的随诊医疗,165.23307692307694,26,1847.6184644957032,4422
32,其他椎间盘疾患,2.445323529411765,340,301.24665964569374,507527
33,其他矫形外科的随诊医疗,802.5123702031602,443,705.1190305929092,76521
34,其他破伤风,687.13,1,1922.1856435643565,101
35,其他结缔组织和软组织恶性肿瘤,5536.28,4,3001.8580878859857,842
36,其他肺源性心脏病,52.88,1,114.27332961713364,34085
37,其他脊椎病,0.0,1,928.4863420202455,92860
38,其他脑血管病,25540.38,3,1050.8944148060684,223584
39,其他脓毒病,1794.4704000000002,25,1044.2018117479051,47617
40,"其他节肢动物媒介的病毒性发热,不可归类在他处者",64.425,6,37.01947154471545,246
41,其他表皮肥厚,420.71500000000003,4,313.94691131498473,327
42,其他贫血,133.255,2,101.07558855943323,19055
43,"其他软组织疾患,不可归类在他处者",1285.1166666666666,6,251.3288666275463,11929
44,其他间质性肺疾病,0.0,1,741.7167434798142,16794
45,内部矫形外科假体装置、植入物和移植物的并发症,3134.7833333333333,39,6424.460147389457,4003
46,创伤的某些早期并发症,454.08500000000004,8,983.7839726027397,4088
47,前列腺恶性肿瘤,4577.8,2,2160.551924069296,8139
48,前列腺炎性疾病	,9.559999999999999,10,31.445129934756164,9043
49,前庭功能疾患,3.2,20,33.64906405634625,95978
50,前臂骨折,18437.765,8,1519.000350619942,53876
51,化脓性和未特指的中耳炎,0.0,6,404.9322732086128,14165
52,十二指肠溃疡,437.78,1,587.5154855936414,16104
53,变应性接触性皮炎,6.892307692307692,13,17.152291330102315,11142
54,口其他和未特指部位的恶性肿瘤,12554.732023809525,252,2166.5026543209874,324
55,"口区囊肿,不可归类在他处者",883.4757663451232,2799,917.3172487437187,796
56,口和咽良性肿瘤,1125.44625,264,850.8849329911606,3507
57,口咽恶性肿瘤,7835.527058823529,17,1587.0809239130435,184
58,口底恶性肿瘤,10337.195675675675,74,2613.2766233766233,77
59,口炎和有关损害,419.71295557570267,1103,73.63216859890358,11127
60,口腔、食管和胃原位癌,5761.517894736842,19,2757.175225281602,1598
61,口腔和消化器官动态未定或动态未知的肿瘤,2441.5879999999997,55,2064.9970020120727,11431
62,周围循环系统的其他先天性畸形,480.50333333333333,21,2719.8886447368423,760
63,呼吸异常,2.79,1,569.9092216280451,1683
64,"呼吸衰竭,不可归类在他处者",1255.93,1,318.4171184428452,68227
65,呼吸道出血,5.8,2,420.1223344316309,12140
66,"呼吸道结核,未经细菌学或组织学所证实",205.65,1,603.8091891891892,15244
67,"呼吸道结核,经细菌学和组织学证实",46.05,1,754.4490409087641,13909
68,咽痛和胸痛,6.4,2,125.42806458949282,4397
69,唇、口腔和咽其他和部位不明的恶性肿瘤,14869.35015873016,189,1225.0870142180095,211
70,唇及口腔粘膜的其他疾病,1213.6405866666666,750,242.67824636441404,1169
71,唇恶性肿瘤,2681.9840350877193,57,1023.2152380952381,63
72,唇裂,898.5768283582089,268,327.3630864197531,81
73,"器官后天性缺失,不可归类在他处者",434.6,1,5696.6552142857145,140
74,固体和液体引起的肺炎,2447.94,1,832.8452662229618,1202
75,在前臂水平的血管损伤,724.0699999999999,1,3044.14292942743,751
76,在腕和手水平的关节和韧带脱位、扭伤和劳损,25.0,1,909.8754420206659,1742
77,在腕和手水平的骨折,2158.0733333333333,3,1148.516693208184,18964
78,在颈水平的关节和韧带脱位、扭伤和劳损,13529.24,1,1449.917593442623,1525
79,埋伏牙和阻生牙,457.71459090909093,220,181.3412765957447,47
80,"声带和喉疾病,不可归类在他处者",673.78,1,590.6603696936218,23533
81,外耳的其他疾患,0.0,1,286.376771953405,4464
82,多发性骨髓瘤和恶性浆细胞肿瘤,914.8,1,682.4070763454318,3995
83,大涎腺其他和未特指的恶性肿瘤,5928.8891489361695,47,1419.4310588235294,85
84,大涎腺良性肿瘤,2541.957345276873,614,1718.1977998794455,1659
85,头晕和眩晕,1.38,1,37.39258663537208,14486
86,头痛,160.075,2,79.61804577464788,3408
87,头的部分创伤性切断,36832.15,1,349.79247291268325,1569
88,头部关节和韧带脱位、扭伤和劳损,44.7825,8,138.07721311475407,61
89,头部其他和未特指的损伤,535.8988461538462,26,102.8064217658268,4723
90,头部开放性伤口,639.1217445482865,321,125.18696551724138,18850
91,头部损伤后遗症,17734.39277777778,18,314.51062347188264,818
92,头部浅表损伤,275.145,20,47.31167693888033,11682
93,小腿(包括踝)骨折,4042.675,2,3417.728900690078,68543
94,尿道炎和尿道综合征	,0.8,16,17.30365646773705,6602
95,帕金森病,437.68,1,3499.0339229002298,10013
96,带状疱疹,72.5215625,32,163.37400322185354,72629
97,影响多系统的其他特指先天性畸形综合征,26662.05,2,3969.9513333333334,45
98,"循环系统的操作后疾患,不可归类在他处者",4160.0,1,7242.820045734389,5685
99,心力衰竭,88.71125,8,269.87269795354456,162134
100,心房纤颤和扑动,102472.72,1,27983.699543807124,12692
101,心脏停搏,162.81,1,1526.597829787234,1880
102,急性咽炎,8.370000000000001,2,30.286748491218553,14747
103,急性心肌梗死,12237.94,1,6460.690428709056,31140
104,急性扁桃体炎,8.334285714285715,7,38.897473389314875,137069
105,急性支气管炎,10.488727272727273,110,33.91816435645308,340589
106,急性梗阻性喉炎[哮吼]和会厌炎,44.0,1,65.86932491872251,5229
107,急性淋巴结炎,436.7506666666667,15,77.9407799033004,4757
108,急性阑尾炎,5913.79,1,1155.7000311404008,96659
109,恢复期,69.47,1,447.4418852745716,5718
110,恶性肿瘤治疗后的随诊检查,91.46058823529411,17,126.93309529568266,16538
111,慢性单纯性苔癣和痒疹,0.0,1,44.16328142380423,899
112,慢性缺血性心脏病,4039.2899999999995,12,922.7638457415403,238807
113,慢性肾病	,3087.9,1,866.6063790254968,81108
114,慢性鼻炎、鼻咽炎和咽炎,28.445,4,582.0106638418079,4248
115,慢性鼻窦炎,802.0766666666667,9,958.6573163803134,29218
116,成熟T/NK细胞淋巴瘤,461.65,1,1383.2833673469388,490
117,成纤维细胞疾患,1547.118,5,604.4058983890955,5649
118,房室传导阻滞和左束支传导阻滞,42457.63,1,29492.453192943773,4535
119,扁平苔癣,2315.816923076923,13,54.07047619047619,42
120,扁桃体和腺样体慢性疾病,314.3833333333334,3,1599.5430045941807,32650
121,接合菌病,1746.11,1,2416.7860747663553,107
122,"操作后的呼吸性疾患,不可归类在他处者",196.45,1,1437.9083152173914,368
123,"操作并发症,不可归类在他处者",293.64352941176475,34,863.2921237576905,8452
124,支气管和肺恶性肿瘤,9425.856,5,7386.261674206708,62997
125,"斑痣性错构瘤病,不可归类在他处者",535.2,1,5311.429972972974,1110
126,晕厥和虚脱,214.6,1,334.17249422899357,8664
127,"有害效应,不可归类在他处者",14.45857142857143,7,68.19790596219099,2063
128,未特指的慢性支气管炎,9.744911242603552,169,21.417532801629925,155099
129,未特指的肾衰竭	,4034.1,10,1433.104854811947,7232
130,梗阻性和反流性尿路病	,0.0,3,1459.354107685498,234962
131,泌尿系统的其他疾患	,0.0,1,250.04939812592235,56241
132,流行牲腮腺炎,53.97666666666667,3,35.3375956284153,183
133,消化系统的其他疾病,39.0,2,248.84056101674702,58697
134,消化道内异物,560.7372222222223,18,446.7792279038266,2953
135,"涉及免疫机制的其他疾患, 不可归类在他处者",1957.29,1,674.5087837837838,74
136,涉及整形手术的随诊医疗,2800.89125,24,14713.188195443645,1668
137,涎腺疾病,835.451533018868,848,334.09608466933867,3992
138,液体-电解质及酸碱平衡的其他紊乱,27.2,1,82.43155115943928,7633
139,淋巴、造血和有关组织动态未定或动态未知的其他肿瘤,1126.5366666666666,12,1014.8831677381648,1711
140,淋巴管和淋巴结的其他非感染性疾患,301.56,1,726.7490491283677,631
141,淋巴结增大,1211.371707317073,41,656.2528959891231,2942
142,淋巴结继发性和未特指的恶性肿瘤,3024.596712328767,73,1482.047206132879,2348
143,滤泡性淋巴瘤,1504.40125,8,1339.0093907563025,476
144,牙发育和出牙疾患,431.23159999999996,125,290.0105128205128,78
145,牙面畸形[包括错颌],11496.488307839387,1046,358.3850846262341,1418
146,牙髓和根尖周组织疾病,417.1319321148825,383,30.2471792849632,3804
147,牙齿及支持结构的其他疾患,2096.469837962963,432,36.895963060686015,379
148,牙龈和无牙牙槽嵴的其他疾患,775.5369379844961,258,191.17477642276424,492
149,牙龈恶性肿瘤,12394.258128654972,171,1951.1875483870967,155
150,甲状腺良性肿瘤,2943.88,1,3101.4017083333333,2640
151,疱疹病毒[单纯疱疹]感染,53.931999999999995,5,121.80205712219812,2766
152,"病毒性肺炎,不可归类在他处者",62.15,1,172.5333841940532,15336
153,痔,1927.605,2,686.2292750327508,80914
154,痛风,41.7825,4,133.09293155258763,32945
155,皮肤其他恶性肿瘤,3105.4996,25,938.6349694189603,2616
156,皮肤其他良性肿瘤,374.68833333333333,12,291.62832893579593,3411
157,皮肤原位癌,573.6666666666666,3,799.9061111111112,108
158,皮肤和皮下组织其他局部感染,30.22222222222222,18,121.54217980461891,44426
159,皮肤和皮下组织毛囊囊肿,519.7929166666667,48,190.4584758332623,11731
160,"皮肤和皮下组织的其他疾患,不可归类在他处者",680.936,5,1151.5021605988431,2939
161,皮肤和皮下组织的局部肿胀、肿物和肿块,560.0876923076924,104,227.89740751220202,14137
162,皮肤和皮下组织肉芽肿性疾患,428.8542857142857,7,304.1384227129338,317
163,皮肤恶性黑色素瘤,3390.1400000000003,5,1227.1370934256056,578
164,皮肤脓肿、疖和痈,388.61384615384617,26,206.02348835563106,14127
165,皮肤萎缩性疾患,2437.09,7,1145.4540013917883,1437
166,眼眶疾患,12679.9,2,287.7498810703667,2018
167,眼睑的其他疾患,13.0,2,139.6556844899507,13185
168,睾丸炎和附睾炎	,0.0,1,75.14777039848197,9486
169,短暂性大脑缺血性发作和相关的综合征,0.0,3,117.29182851259367,157341
170,神经疾患,60.28888888888888,9,388.73710870075354,38353
171,移植器官和组织的失败和排斥,21.013333333333335,3,1452.2857350565428,619
172,类丹毒,31.26,1,56.45473684210526,57
173,粒细胞缺乏,9.945,2,137.78228552717746,1527
174,紫癜和其他出血性情况,202.94666666666663,3,137.76897745078003,14679
175,累及身体多个部位的开放性伤口,0.0,1,921.3669030154849,1227
176,"细菌性肺炎,不可归类在他处者",10.744117647058824,51,128.07053147818374,559308
177,结缔组织和其他软组织的其他良性肿瘤,1556.75,6,592.7516922234392,1826
178,结缔组织的其他系统性受累,362.62399999999997,5,240.37002643005476,5297
179,结膜炎,0.0,3,15.143173489278752,2565
180,缺铁性贫血,32.795,2,109.20733301220295,6228
181,老年性白内障,2002.0,1,2003.2048485031585,182050
182,耳的其他先天性畸形,470.03,2,1425.7277497575171,1031
183,肋骨、胸骨和胸部脊柱骨折,5658.41,2,1256.6583927036684,88428
184,肌炎,349.875,2,139.11473795534664,4255
185,肌肉其他疾患,0.0,1,369.0906473214286,2240
186,肌肉骨骼系统和结缔组织的其他后天性变形,1728.6527397260274,73,4553.499528301887,424
187,肛门及直肠区的裂和瘘,197.0,1,469.6125200019164,20873
188,股骨骨折,30418.4575,4,5461.517098162126,53921
189,肩和上臂骨折,6505.22,3,2877.0369511368167,50140
190,肩损害,4589.35,4,705.2597197083962,55692
191,肺栓塞,415.99,1,2192.668989378822,6214
192,"肺炎,病原体未特指",87.38647058823528,34,113.61553973371738,462441
193,肾和输尿管结石	,0.0,1,1048.5825287649625,43108
194,胃和十二指肠的其他疾病,2372.68,1,447.17046376389027,61734
195,胃溃疡,0.0,1,362.9147402965924,40527
196,胃炎和十二指肠炎,14.238260869565218,46,35.98067825176313,183339
197,胆囊炎,0.0,2,97.67108545253514,31655
198,胆石症,1369.9450000000002,2,1783.1339486936497,181498
199,胆道的其他疾病,0.0,2,1462.959651026622,12809
200,背痛,0.0,1,20.312464936959465,47985
201,脂溢性角化病,139.92000000000002,1,197.84301089918256,734
202,脂蛋白代谢紊乱和其他脂血症,0.0,1,88.1707859922179,2570
203,"脊柱和躯干的其他损伤,水平未特指",986.05,1,1405.1415394566623,773
204,脊椎关节强硬,0.6863157894736842,95,80.43381022043617,340416
205,"脑卒中,未特指为出血或梗死",0.0,1,201.69031144781144,1188
206,脑和中枢神经系统其他部位的良性肿瘤,4923.1145,20,9413.46173816568,1352
207,脑和中枢神经系统动态未定或动态未知的肿瘤,1607.6999999999998,1,3341.075280453258,1765
208,脑恶性肿瘤,11658.883749999999,16,8336.585490580846,2548
209,脑梗死,212.84,3,1094.4261096314067,351797
210,脑的其他疾患,8.45,1,1261.3932869959579,10143
211,脑神经损伤,633.59,1,315.2820743034056,323
212,脑血管病后遗症,0.0,1,109.55707119778712,43021
213,脓胸,7962.62,1,2058.7657599053814,1691
214,腭恶性肿瘤,6146.489684210526,95,1182.9808219178083,73
215,腭裂,883.7070212765957,470,458.05677777777777,90
216,腭裂伴唇裂,1055.6,1,486.7709523809524,21
217,腮腺恶性肿瘤,3863.2786363636365,88,2215.3870967741937,217
218,腹内器官损伤,179.39999999999998,1,5171.83625753012,3984
219,腹膜炎,0.0,1,406.4288011449739,11878
220,腹部和盆腔痛,6.943396226415095,53,44.13628650137741,23595
221,膀胱炎	,0.0,1,176.6503499820981,11172
222,膝关节病,0.0,2,1203.6388684776382,134403
223,舌、口和咽的其他先天性畸形,354.55434285714284,175,345.17026706231457,337
224,舌其他和未特指部位的恶性肿瘤,8573.74329113924,316,1734.7514171122996,374
225,舌根恶性肿瘤,13192.639268292682,41,1640.8609183673468,98
226,舌疾病,803.2293922651933,181,416.96658436213994,1458
227,良性脂肪瘤样肿瘤,980.0689361702127,47,659.43484375,15104
228,蜂窝织炎,232.715,8,64.61512705640423,13616
229,血液和造血器官的其他疾病,176.39,1,688.192542759407,877
230,"血管瘤和淋巴管瘤,任何部位",741.8685430463576,302,2419.9672663448882,9116
231,血管舒缩性和变应性鼻炎,0.0,1,938.3470304975922,1246
232,"足骨折,除外踝",14467.283333333333,3,1442.6508006920415,28900
233,身体未特指部位的损伤,495.75333333333333,9,125.76417388292344,17322
234,部位未特指的恶性肿瘤,181.79,2,409.4318669527897,932
235,霍奇金[何杰金]淋巴瘤,471.47,1,1080.5837549407115,253
236,静脉炎和血栓性静脉炎,4.35,1,8415.881805119536,8282
237,非以改善健康状况为目的的操作,8685.439999999999,2,10972.816717892425,911
238,非滤泡性淋巴瘤,860.7268750000001,16,2041.0738229825213,2689
239,非特异性淋巴结炎,1050.091111111111,36,48.703970422441806,15079
240,非胰岛素依赖型糖尿病,13.633846153846154,13,255.8196037056099,190414
241,非霍奇金淋巴瘤的其他和未特指类型,1693.4635294117647,17,1717.7898283649504,2214
242,面和颈部的其他先天性畸形,796.435,50,611.8211488095238,1680
243,颅内损伤,1083.855,8,1813.5082482739715,58371
244,颅骨和面骨骨折,13576.919685641462,1177,1506.8755579289134,11704
245,颈椎间盘疾患,4.548333333333333,30,175.31143430794327,79690
246,颈部开放性伤口,680.6,1,1094.941469387755,245
247,颈部浅表损伤,604.8900000000001,2,98.15139393939394,660
248,颌的其他疾病,1835.3106675749318,734,566.5949166666667,360
249,骨和关节软骨其他和未特指部位的恶性肿瘤,16173.772982456141,57,4147.658844339623,424
250,骨和关节软骨良性肿瘤,7125.259659442725,323,2675.1621471652593,1658
251,骨坏死,69.32714285714286,7,7388.727502492523,14042
252,骨密度和结构的其他疾患,2929.325,2,1150.5314623857512,4267
253,骨的其他疾患,12184.80875,16,966.7693972818595,5077
254,骨质疏松伴有病理性骨折,18254.15,1,1364.8280925689035,42995
255,骨连续性疾患,9159.05,2,3887.148230277185,2814
256,髋和大腿浅表损伤,98.85,1,140.34784248841825,1511
257,髓样白血病,2265.2233333333334,3,1084.49742114237,4692
258,麻痹性肠梗阻和不伴有疝的肠梗阻,26.8,1,364.32274115831575,63506
259,黑素细胞痣,59.565,2,362.9054156296665,2009
260,鼻先天性畸形,3753.19,1,451.48957831325305,166
261,鼻和鼻窦的其他疾患,1006.5150000000001,4,923.1323565573771,11712
262,鼻咽恶性肿瘤,703.0949999999999,6,811.951762513312,1878
263,鼻旁窦恶性肿瘤,7357.424444444444,9,1865.5007643312101,157
264,龈炎和牙周疾病,141.04726618705035,139,8.32335309141728,20751
265,龋(牙),304.0815384615385,13,33.975,30
