,max_depth,num_leaves,learning_rate,MODEL_VAL_RMSE,MODEL_TRAIN_RMSE,MODEL_TRAIN_MAX,MODEL_VAL_MOE,MODEL_VAL_STD,MODEL_VAL_MAX,MODEL_TRAIN_MOE,MODEL_TRAIN_STD
0,6,32,0.1,1994.063307043517,1985.5686008551638,3214.8985005580794,0.9970802555565115,0.6878363320510553,181.61518910400304,0.9979053986258279,2.0225363533951364
1,6,32,0.1,1994.7426677819478,1986.5293743062937,68.7102568568217,0.9961275032896607,0.7038375535526802,185.27559441454602,0.996145131803608,0.6987580275606374
2,6,32,0.2,1988.47178451043,1973.2281166118257,833.2656715394907,0.9997131727254347,0.8287147810462338,264.4175258275104,0.998946184392297,0.8114204490791279
3,6,32,0.2,1988.4916140623652,1973.7652517066938,910.2622236738745,0.9989711216275683,0.7058244196955149,182.96469897190957,0.999306625825841,0.9434150941054522
4,6,32,0.4,1990.6144274896744,1963.216800674471,2045.764880367776,1.0024738159343967,1.348276850305421,625.643380725607,1.0015981678320647,1.318680941382196
5,6,32,0.4,1989.6417270171064,1961.4906688729166,9395.967366597026,1.0127207374690765,7.15332637788593,6869.435497180339,1.0019008247670198,5.1291563759326575
6,6,32,0.8,1998.7303824632747,1954.2195873830312,1438.5687263365853,1.010180553574735,6.643042987116216,4057.751522258088,1.0034438996150956,5.628810978280222
7,6,32,0.8,1998.633963854202,1954.2160538810888,1829.6320229986547,1.0037528336942865,3.0031396933094543,825.0747356126451,1.0042767776256107,4.157924460191814
8,6,64,0.1,1991.7998169665707,1979.6744491289232,66.42442876303328,0.9953094820152958,0.6854235817631779,184.3769456118102,0.9953756716592582,0.6627404877457309
9,6,64,0.1,1992.0539548446266,1980.8270470904392,65.56838240490238,0.9954779790456413,0.6849674233019987,185.76891699186928,0.9955941183751519,0.6618306314278433
10,6,64,0.2,1986.6859472254441,1967.9120498849336,293.7789120557517,0.9981715536627436,0.7585954547706061,184.12892292375878,0.9981054564766277,0.754977372559398
11,6,64,0.2,1986.9138914272328,1968.785651322035,135.16846538384797,0.9993901855063525,0.7144853208475276,184.34485048421178,0.9987912989864138,0.6708648790735654
12,6,64,0.4,1990.6919697068117,1956.3791496375914,1814.2692401222412,1.0008528038977949,2.4598400957144113,232.53816551541712,1.002315922804538,1.343890157141334
13,6,64,0.4,1990.2881159170697,1956.1447343637103,458.6989944854326,1.0003301648812506,2.4498222191113905,195.29515696802298,1.000828826136326,1.0786697694222427
14,6,64,0.8,2004.0164968172242,1946.2297410331896,1750.8027407476684,1.0101878715846968,5.0038047527381675,4481.478620349999,1.0058297435109482,1.742974532420137
15,6,64,0.8,2002.677673919818,1947.8473007012772,10661.360344831784,1.015802472930331,8.700400341731168,8669.653431889456,1.0131612582136706,7.747383398998749
16,7,32,0.1,1992.4559352848198,1982.1162524712493,125.4384664265254,0.9966289776141577,0.6880878762965241,180.72482685075104,0.9968060757446633,0.6762312512228849
17,7,32,0.1,1992.1296097507804,1981.7599343798997,3125.283760214302,0.9964311391971896,0.6925020758909056,180.94170047619255,0.9973898695462968,1.6881264315758395
18,7,32,0.2,1988.8584682709807,1969.2962373260425,112.81934765758231,0.9971569509174772,0.7598037049499856,175.0791455786602,0.9953469726220809,1.523499871697274
19,7,32,0.2,1988.591040580572,1968.8336087788487,352.3808712337614,0.9987376320229192,0.7273441128090792,172.52174220157497,0.9988438966701181,0.7633627890852948
20,7,32,0.4,1989.8357723461454,1956.1553218460608,5639.967105884832,1.0058639814357324,5.923510999054077,5965.932946681939,1.0018440967755586,3.475932079824396
21,7,32,0.4,1989.6391390274223,1956.8572664100973,127.81423055192865,1.0008927483765842,1.8881699974348438,178.59649384947474,0.9997980766032492,2.396442973988858
22,7,32,0.8,2000.481539954381,1950.1623785704496,2099.791159972669,0.8640577712224389,148.00799402024805,368.7090483235244,0.9010848820797286,142.32096649756457
23,7,32,0.8,1999.661324611069,1949.1647504781101,37516.34234907578,1.0117002303999647,2.054247949191133,853.2008338727557,1.0308007774661032,25.60614147294295
24,7,64,0.1,1988.8759695397268,1972.0485713120318,275.3612772230949,0.9968063273971058,0.6873621730194939,179.27793787236627,0.9967286093408338,0.6845596873955379
25,7,64,0.1,1988.6479014842196,1971.9177425363248,63.27863216816258,0.9935511513040687,1.0922836321409701,179.64903546752873,0.9945738932542356,0.669443603946816
26,7,64,0.2,1985.524288340195,1960.5803921874021,308.679289541757,0.9900063993077473,5.323063742150374,183.10832685865412,0.9948199100224954,2.616374978542068
27,7,64,0.2,1985.3366038157135,1960.172258203341,165.28188544812843,0.9974288747324677,0.7428009801905984,183.10093545591474,0.9973067265568928,0.6953620666540271
28,7,64,0.4,1990.5055056628794,1946.9793127885432,1957.8150669633678,1.0040853199988362,1.0145255985594963,373.0933314714124,1.00334208903866,1.6847907457961218
29,7,64,0.4,1989.641011948214,1945.9022723215871,655.376958058533,0.9993720613740792,2.1048658188065836,185.78114729463587,1.0016320585264387,0.8697511680306049
30,7,64,0.8,2007.3892032511862,1936.7888810920915,2771.0986103479295,0.997895257635412,6.701626691927956,726.580354079827,1.0015396775726486,6.102665676807177
31,7,64,0.8,2004.6869351178245,1937.2860058874162,6057.783071314144,1.0123826524933826,1.8179606713668204,1236.4301671122644,1.0075179892917572,3.7126657489466357
32,7,128,0.1,1987.9176981029673,1968.402215860902,63.61620925381104,0.9964286513475269,0.6836140376673877,185.1201981591599,0.9960262344183245,0.6576134700863094
33,7,128,0.1,1987.891515168569,1968.06765200736,82.95612365182633,0.9955454976840266,0.6813137124004768,183.84508063842156,0.9952295728780763,0.6596484821363009
34,7,128,0.2,1985.9800462799567,1956.3775018184065,1296.9350482001983,0.9996229364396886,0.8458123602496761,403.5097067354478,0.9986808601742505,0.9769995845758329
35,7,128,0.2,1986.9376404525424,1957.4059608338496,243.22318989539485,0.9992217298774875,0.6827903234968113,177.36095440610654,0.9982100769804575,0.6688862180778069
36,7,128,0.4,1991.7854918697435,1944.1244638805806,579.0399859140699,0.921512243976845,58.52098001122992,1537.5175525870447,0.9968772928484596,3.072848002851585
37,7,128,0.4,1991.9222174805468,1943.208986917934,441.653094644304,1.0040002303905673,1.222382815254668,348.0950074764879,1.00090434248702,2.022438870102591
38,7,128,0.8,2006.5642166747314,1932.222050090679,14112.484270423174,1.01603555687171,3.256709727864587,1994.6571463539717,1.0138331576410076,9.703388127359737
39,7,128,0.8,2006.5071784063255,1934.2682081982146,20549.64562209768,1.0142611918255453,36.36372718290798,31004.66551961023,1.0020619933001702,14.294297022082727
40,8,32,0.1,1991.265203039016,1979.815329255937,128.0770411859129,0.9834619816605451,1.7127919535731297,263.38109249958757,0.9838771410599615,2.1101203795759957
41,8,32,0.1,1991.194936294231,1980.0452683673975,94.40599252500562,1.0026163424550634,0.9428403975228686,177.37731287411378,1.0030672311823723,0.9324317664631744
42,8,32,0.2,1987.4283800636279,1967.8619717094732,444.7750873329205,1.0047611743512075,0.9460376539138163,175.3485724160413,1.0049136336814466,0.822703720190891
43,8,32,0.2,1987.5783604466544,1968.1607086527113,160.70197120854965,0.9962659425818364,0.7591596650886949,177.38969248873028,0.9952583352967105,0.7231088817179084
44,8,32,0.4,1990.3686303445468,1955.4184807052636,305.1830721469027,0.8688442055422986,54.125402511677926,208.0018704017996,0.7859580630218237,80.34456953987045
45,8,32,0.4,1991.0915815740664,1954.6456794513483,598.5883247052981,1.0005857151130104,0.9854972347459506,178.69403444682814,1.0005584272650516,0.8628668296393358
46,8,32,0.8,1999.4248083330328,1947.0453249592595,5782.1643389009,1.0101825038134287,3.3555789643406158,2948.750281932785,1.0036284233273032,6.346300250843042
47,8,32,0.8,2001.4156833389022,1946.028445869637,1457.2643561498624,1.0189364071277605,1.5437329171921417,436.67593401036464,1.015454641861428,2.0095513683516777
48,8,64,0.1,1985.9131135874065,1969.1876581361576,59.793173059325326,0.9957974889317063,0.6942966930120564,178.85593711696814,0.9956949523769991,0.6719915271020954
49,8,64,0.1,1986.5607856109418,1968.3541488978535,1020.4213232522378,0.9932833148602501,0.7267828664150469,179.28287858698022,0.9933068708137786,0.88906352985459
50,8,64,0.2,1985.1257638676416,1956.4418052655062,935.8663364891786,1.0073463635940898,1.4141985778467998,1049.0731397499646,1.00511669259066,1.0498642483592857
51,8,64,0.2,1985.5114838311704,1957.4635550720614,256.5436919796982,0.9998823801912275,0.7366396220469346,178.58326611366564,0.9986390616078608,0.746773112972935
52,8,64,0.4,1990.959696643336,1942.274829943039,491.6673298216775,1.0035211276420355,0.9688792497165215,400.77814904060625,1.0017474909751214,1.0106136866317492
53,8,64,0.4,1991.1516916242315,1941.3759390859236,4349.872345319932,1.0036415494481374,1.4064426351170107,708.8399461883333,1.0023693239788398,3.445765565788716
54,8,64,0.8,2010.547836278121,1929.3080854299888,7207.89247065457,1.0188462574958042,3.812438733259708,2570.0171861387075,1.0096732565203206,6.926275019917838
55,8,64,0.8,2007.3699238022848,1931.5979806227272,9114.488979315513,1.0037341286771138,4.3626245935059,792.9047139721072,1.009423190392491,4.827415022803422
56,8,128,0.1,1985.3150352948471,1960.133108785858,128.9712305205656,0.9962911166945133,0.695694461988291,179.54900126015966,0.9953082071530948,0.6611367012068156
57,8,128,0.1,1985.7049528570615,1959.7944181837036,124.59994159796497,0.9973179102240413,0.692047714480859,181.95656831304407,0.9965950760275715,0.6704819865468032
58,8,128,0.2,1985.58910906315,1947.4744806245362,152.43311067208504,0.9983828074909521,0.7937434652786359,187.13928317713982,0.9964562796890355,0.8351728584267354
59,8,128,0.2,1984.8158417503419,1947.5198298306157,1498.7590071475606,1.0014421713593469,0.9219698807749261,563.8565509656887,0.9992038782945925,0.9951189684589856
60,8,128,0.4,1992.2573257552278,1933.688540657433,1797.7634104758865,1.003980357413646,1.2546489098015192,853.3263571249851,1.0013549194326377,1.348025175698177
61,8,128,0.4,1992.9510391161543,1933.1347640791485,366.2436757462492,1.0031553380037848,0.9308838600718086,314.9297056310052,1.0000676086254192,0.8685510510648901
62,8,128,0.8,2013.2403879133478,1923.1842400445214,5922.623700358041,1.0010039131861446,12.071188550264324,1416.3608796950034,1.00550970052991,6.224647735608535
63,8,128,0.8,2009.7815267069384,1921.3935174591186,19266.55712560487,0.996175739675662,10.993543285629833,2945.716687854752,1.001989942577591,14.048260302061731
64,8,256,0.1,1985.2083484444263,1957.549040188277,116.4780786911175,0.9956456017814168,0.6828969341322128,180.98158370086483,0.994790812392797,0.6592402052773911
65,8,256,0.1,1985.0668367235198,1957.7209958785897,89.93433436172266,0.9957401274589487,0.6784878715831257,184.86215103334877,0.9947605676372021,0.6551213910487779
66,8,256,0.2,1984.752697965122,1943.4064107828146,119.6824211548906,0.9987655412717673,0.6871592941722977,176.74632137976394,0.9968520611994357,0.6740416202445926
67,8,256,0.2,1985.1659965164054,1944.5916668757727,608.054165164593,0.9993651441880351,0.7757814061084357,183.17478908401705,0.9973890358569238,0.9961992667733506
68,8,256,0.4,1992.6626837480514,1930.604045406949,920.3782664748053,1.0029686122408439,0.9878271204794813,244.66309279745846,1.0004956916391807,1.083445936049729
69,8,256,0.4,1993.883880571882,1930.554214043692,1031.6964257882435,1.0038571594242416,1.4370367805798128,1079.0548524064043,1.0005898314503003,0.912346555707739
70,8,256,0.8,2017.0310422097455,1917.4678270997408,10088.264706907672,0.9823055589947799,43.634191207566985,12010.020548837829,0.9983960207579234,20.681984069869973
71,8,256,0.8,2014.4216431703633,1921.027203975693,5751.1516383203925,1.0162701738590811,3.679948935136901,1274.6824070431705,1.0118673909570828,4.539958879517114
72,9,32,0.1,1990.2276831406236,1978.4165281889607,242.96700007168343,0.99623214186333,0.6905223565615174,175.41528392524884,0.9964824252213859,0.6754415109163137
73,9,32,0.1,1991.0661973489462,1978.9946406684426,89.66111620297889,0.9960358797070705,0.6830607205561724,175.41126047150289,0.9962121583935964,0.6659527595629849
74,9,32,0.2,1988.1941072254065,1965.4715016031444,72.14056346085816,0.9991841710702898,0.6907582241048077,175.234843752712,0.9985196971780196,0.6708375211458538
75,9,32,0.2,1987.7775009843308,1965.7323284766358,2307.8303657286583,0.9767667002211962,10.166671529253852,308.13868582747034,0.9837810824642447,16.9437787549905
76,9,32,0.4,1991.5510831119939,1952.8065701473222,707.2787508272252,0.9998611023149288,1.053450289367595,257.3319197911285,1.0002419783295489,1.1636589836479796
77,9,32,0.4,1990.159908140829,1954.5951087752126,550.6507182788868,1.0013996612975473,0.8605601318690697,243.71726487050518,1.00077676028538,0.7745608063217081
78,9,32,0.8,2001.5234845742261,1945.217758982803,697.7004814521107,1.0068885476480525,1.733261238316725,501.16949557224433,1.0048675979067287,2.0974650265524017
79,9,32,0.8,2001.3818419588042,1944.317815200542,906.7974055811494,1.0087356325011614,1.8230683425691874,831.9353028567403,1.0046738023226642,1.9996488066600884
80,9,64,0.1,1985.6658542090127,1967.184541541243,61.10273855837837,0.9930307554247672,1.1276930286977296,175.51565132134465,0.9938163074210582,0.8680859745527539
81,9,64,0.1,1986.3760527185975,1966.5706511944895,474.5891973915157,0.9936285421816252,0.981212835729974,191.175683930108,0.9926766071137036,1.2357082683992338
82,9,64,0.2,1985.1401945338118,1952.368167306019,135.8737826113295,0.9984965261829393,0.6861284114844104,176.50371778984595,0.997642146222034,0.6623805472588394
83,9,64,0.2,1985.31075825217,1953.884380718946,99.5855684495514,0.9978537960336324,1.4381334000026813,188.28377894840372,0.9980048426531379,0.6834641084372559
84,9,64,0.4,1992.0994039284737,1938.8941063163231,7207.721280942869,1.00568043026043,2.4168414440690675,1011.0369910020619,1.0047701061870364,3.767737192318804
85,9,64,0.4,1992.443748680022,1938.8163717512791,4584.636249315007,1.0060382409450759,5.020914173519599,4988.464312726173,1.0013450775999302,2.9389195606001612
86,9,64,0.8,2011.1593581086104,1925.836418243533,3266.9461680627883,0.990053374115417,16.83080843204131,714.1907533183036,1.0032889011786055,3.9765592018666904
87,9,64,0.8,2010.2593432636997,1925.52999389021,4499.89123901201,1.0156628370900576,5.355863827841617,3381.905838015238,1.0066429745575705,8.99364920218386
88,9,128,0.1,1984.5426827764957,1954.8961778437317,74.03615557745017,0.9959604733092859,0.6813031471309424,170.34256348835257,0.9950878958591634,0.6534896314882882
89,9,128,0.1,1985.4124875523707,1955.4188118395184,56.54382137876964,0.9963091010064801,0.6834502268521779,176.20290249480064,0.9952605183134667,0.6514689032263444
90,9,128,0.2,1985.8758395133398,1941.5817214579567,97.43920766453832,0.9999075422636101,0.7105934751849655,170.48851078085028,0.9978896460319902,0.6815613072348654
91,9,128,0.2,1985.491640645983,1941.9429326417182,4522.864992445347,1.0017619680305931,2.678927177997424,2446.12158396932,0.9994991490329935,2.67189375801049
92,9,128,0.4,1995.5542675920592,1924.8900186839571,314.6367085189226,1.0006941832878706,2.87945836186655,177.28035046961836,1.0000617067462683,1.1090729335775324
93,9,128,0.4,1995.141291060391,1926.6840972942787,262.73869712079505,1.001161285358837,2.972116078953205,177.99681939817566,1.0007574282893859,0.8054403251746045
94,9,128,0.8,2018.4434474677034,1912.8061860974542,1786.016122609942,0.5957972906973582,412.58272837339024,3821.6977996557966,0.9984391114660376,6.191562429972732
95,9,128,0.8,2018.4438649359477,1912.163804185119,1515.2799948813442,1.0200604250798333,5.30338977107948,3462.7802777937964,1.0080611941953719,2.0968547190975606
96,9,256,0.1,1984.547181937103,1945.9505917852332,53.528446433622285,0.9957741260766143,0.7995785259039977,182.6468835028178,0.9947556021930641,0.6486390817691035
97,9,256,0.1,1984.32330741976,1946.8506874590087,542.0918416698494,0.9962203225966801,0.6774231417473033,178.66077422793117,0.9947808721326281,0.7176594194285093
98,9,256,0.2,1986.5637223705314,1934.7136392820237,568.8796732666469,0.9990918958947835,0.7087038317243005,181.83779539276082,0.9971537589688318,0.7359826976167242
99,9,256,0.2,1986.1248948895438,1934.7783853110545,233.8722373387222,1.0079798164332445,2.187651547390324,334.3642143202044,1.0026350444659358,2.630582531759055
100,9,256,0.4,1997.7067733378678,1918.6777382638202,525.2686293228212,1.0006841729902718,3.17669893341894,186.64078650688018,0.9994739789477092,1.4111593473161008
101,9,256,0.4,1997.3544902942826,1919.6883324383507,354.4008935442923,1.003375080953816,2.53650393592951,823.2780889934053,0.9963500601677657,3.0496616595707455
102,9,256,0.8,2020.9870467738697,1905.5976335461974,16689.67946902205,0.9799205462291684,28.832629009210958,7776.66849858502,1.010212165888633,11.138310621238213
103,9,256,0.8,2017.6913688814402,1905.80535524043,18926.775258698344,1.0247773806546407,13.757697848991754,13665.951476727592,1.0393395222539077,20.24153765497236
104,10,32,0.1,1990.488188541689,1978.1007879455033,81.20571563080507,0.996112418661226,0.6889828600945754,177.28702361866002,0.996205567028805,0.6762791640209079
105,10,32,0.1,1990.3773447873484,1977.8853466879555,65.8568742121438,0.9956838829929191,0.780995752361938,176.34719074831892,0.9954707262482113,0.9393571949222392
106,10,32,0.2,1987.180804161654,1966.5426250414005,236.5561700251298,0.9965717649415805,1.0789520579063152,174.55371833964713,0.9967128047209224,1.54167696191941
107,10,32,0.2,1986.8250558616896,1964.1286306114873,1692.0026500488302,0.9539823806136637,2.7033466162092123,175.78647383505975,0.9547472892444886,3.1908603461887184
108,10,32,0.4,1991.107554507623,1955.2277901675684,1275.1363852744212,1.0039768994007634,0.7994519341806765,176.49382910317766,1.002212992827522,0.9974307256869447
109,10,32,0.4,1991.7214381376311,1951.9540768622821,879.3612561244065,1.0038664312668735,0.991781929454337,224.15115191897974,1.0015206251913273,1.514641981233244
110,10,32,0.8,2001.8408009010693,1942.1241538336317,863.207714512975,1.0161435821261766,2.2232450463788274,445.8212131297151,0.9998348231602678,12.528676393281346
111,10,32,0.8,2007.1312780841013,1939.9456156523754,13433.20144416696,1.0087794547174043,3.6457426432463538,633.0723614762991,1.0060865165822652,7.35357067015821
112,10,64,0.1,1985.5497998975875,1964.4368632298333,60.635069280095,0.9968217703842814,0.7197215347641978,179.98520772996727,0.9963199709410769,0.6728756270406341
113,10,64,0.1,1985.802552176717,1964.8768683191092,2113.435697927157,1.0058015341374502,3.835649814185344,2113.435697927157,1.0008976219122359,2.4205301076416847
114,10,64,0.2,1986.002178995225,1951.6932880098752,918.1287328133081,0.9994553623094208,1.196235156734124,546.2865960239184,0.9976817419102216,1.0568779717676895
115,10,64,0.2,1985.8951996397025,1951.0280100299294,178.93548167698657,0.9959577788691385,0.7594855047318869,178.04350381600412,0.9956027210366514,0.705217030669949
116,10,64,0.4,1992.0777389583725,1937.0652144028602,31205.340311963173,1.0982853570824724,54.497502564456056,33155.67408146087,1.0140925127896119,21.28775921043317
117,10,64,0.4,1992.0603821316945,1938.104863956206,509.06633034345793,1.0026180871942436,0.8121907856129491,170.8080617012148,1.0008832758160908,0.9414973601950263
118,10,64,0.8,2009.2742460877885,1924.0236279131839,9647.766945468451,1.0409653346115544,7.192001098289082,2321.1462440414284,1.0357965842666301,11.557759728859315
119,10,64,0.8,2011.3039027905988,1922.976624930549,3534.855338334233,1.009440548727168,1.453139270104982,563.4131467884006,1.0058721927634067,2.503248268334495
120,10,128,0.1,1984.0698905825313,1951.869851137156,52.138871006651556,0.9956170286703794,0.6949473048701666,174.63282113124816,0.9942155957738033,0.6719976597717947
121,10,128,0.1,1984.129951666539,1951.231591690416,59.30418702543079,0.9965681378933973,0.6849732324625446,176.35115069730765,0.9953697303666135,0.6695639871025778
122,10,128,0.2,1987.2686311484517,1937.3185731502167,1402.1145947828213,1.0075200930577615,1.9626924356455746,792.0851313830894,1.0051408131275312,2.201807234433185
123,10,128,0.2,1986.2772911049317,1937.2834678375707,398.81718913059154,0.9855667828283472,3.729784607231078,377.82681075529723,0.9820006647836084,3.6897088220186913
124,10,128,0.4,1995.8621935992485,1921.651217112174,15588.447088496037,0.9933304571444066,4.399472081296942,237.87644346554566,0.9998854742107817,8.735190755484046
125,10,128,0.4,1996.2500218420125,1920.8563225624553,2056.5067098370278,1.007510303797895,2.4450335007943105,1879.1708074366113,1.0021308776254143,1.6975558483633073
126,10,128,0.8,2017.9015463287585,1907.0374863103812,14254.14113372933,1.0031584981540629,5.461320903566166,2133.185536076822,1.0069953148827024,7.450191255635442
127,10,128,0.8,2020.0676797934555,1908.4347809077046,5262.597181729247,1.008954641528396,4.755246186119302,988.2686930974876,1.0077195592581147,3.9356911922880125
128,10,256,0.1,1985.6535017711105,1939.2212013381688,55.40782256661011,0.9966126168996776,0.6758762310434162,177.53119302372872,0.9949240046401212,0.6472487348363927
129,10,256,0.1,1984.8706113975504,1939.230516610091,94.43105956062952,0.996268611390957,0.683846067316737,176.78128796421794,0.9944584071816643,0.6548901818869886
130,10,256,0.2,1988.2388711740628,1925.8941748524876,270.75626936210307,1.0003337670509855,0.7574985380470338,306.7245978552551,0.9968087235881201,0.6960913199617302
131,10,256,0.2,1988.3628711934086,1924.4693025915903,113.99158977071266,0.9994383798915982,0.7003251852059119,176.0842418696964,0.9968440830394616,0.6671285823128232
132,10,256,0.4,2001.552032176764,1909.9527265918096,263.7745489916594,1.0045728171962809,0.7400261622332586,176.40241431621737,0.9984853454311615,2.073161236460223
133,10,256,0.4,2000.4579151311427,1908.9376277157107,6559.998925448348,1.0062389750905396,3.0340911986167503,1991.9200865759574,1.0008323820077223,3.500733973896577
134,10,256,0.8,2027.8995469806543,1895.9728208385588,32108.4587339957,1.0557971133502526,41.13786556499948,37212.30691887779,1.0143244131042477,16.152276510700894
135,10,256,0.8,2027.920108379546,1896.3410734802967,15177.927723914509,1.003885457759886,6.36403646546597,600.315156318394,1.0194418010732371,19.22343731193256
