科室名称,耗材费_区间,科别总人次,科别_费用区间人次,费用区间人次占比
预防保健科,"[0,30)",89007,79937,89.810%
预防保健科,"[100, 500)",89007,958,1.076%
预防保健科,"[1000, 3000)",89007,123,0.138%
预防保健科,"[10000, +++)",89007,4,0.004%
预防保健科,"[30, 100)",89007,7873,8.845%
预防保健科,"[3000, 10000)",89007,37,0.042%
预防保健科,"[500, 1000)",89007,75,0.084%
全科医疗科,"[0,30)",346544,282421,81.496%
全科医疗科,"[100, 500)",346544,13335,3.848%
全科医疗科,"[1000, 3000)",346544,1933,0.558%
全科医疗科,"[10000, +++)",346544,492,0.142%
全科医疗科,"[30, 100)",346544,46422,13.396%
全科医疗科,"[3000, 10000)",346544,665,0.192%
全科医疗科,"[500, 1000)",346544,1276,0.368%
内科,"[0,30)",1116368,495461,44.382%
内科,"[30, 100)",1116368,262193,23.486%
内科,"[100, 500)",1116368,221807,19.869%
内科,"[500, 1000)",1116368,54061,4.843%
内科,"[1000, 3000)",1116368,43490,3.896%
内科,"[3000, 10000)",1116368,20049,1.796%
内科,"[10000, +++)",1116368,19307,1.729%
外科,"[0,30)",687515,183236,26.652%
外科,"[100, 500)",687515,119878,17.436%
外科,"[1000, 3000)",687515,111438,16.209%
外科,"[10000, +++)",687515,40834,5.939%
外科,"[30, 100)",687515,102830,14.957%
外科,"[3000, 10000)",687515,81951,11.920%
外科,"[500, 1000)",687515,47343,6.886%
妇产科,"[0,30)",216104,49855,23.070%
妇产科,"[100, 500)",216104,62663,28.997%
妇产科,"[1000, 3000)",216104,29379,13.595%
妇产科,"[10000, +++)",216104,932,0.431%
妇产科,"[30, 100)",216104,29097,13.464%
妇产科,"[3000, 10000)",216104,8557,3.960%
妇产科,"[500, 1000)",216104,35621,16.483%
妇女保健科,"[0,30)",1131,878,77.630%
妇女保健科,"[100, 500)",1131,89,7.869%
妇女保健科,"[1000, 3000)",1131,2,0.177%
妇女保健科,"[30, 100)",1131,140,12.378%
妇女保健科,"[3000, 10000)",1131,3,0.265%
妇女保健科,"[500, 1000)",1131,19,1.680%
儿科,"[0,30)",208399,58994,28.308%
儿科,"[100, 500)",208399,56182,26.959%
儿科,"[1000, 3000)",208399,2211,1.061%
儿科,"[10000, +++)",208399,551,0.264%
儿科,"[30, 100)",208399,86104,41.317%
儿科,"[3000, 10000)",208399,634,0.304%
儿科,"[500, 1000)",208399,3723,1.786%
小儿外科,"[0,30)",15099,1405,9.305%
小儿外科,"[100, 500)",15099,2283,15.120%
小儿外科,"[1000, 3000)",15099,5709,37.810%
小儿外科,"[10000, +++)",15099,341,2.258%
小儿外科,"[30, 100)",15099,937,6.206%
小儿外科,"[3000, 10000)",15099,1201,7.954%
小儿外科,"[500, 1000)",15099,3223,21.346%
儿童保健科,"[0,30)",1576,1309,83.058%
儿童保健科,"[100, 500)",1576,56,3.553%
儿童保健科,"[1000, 3000)",1576,1,0.063%
儿童保健科,"[10000, +++)",1576,1,0.063%
儿童保健科,"[30, 100)",1576,206,13.071%
儿童保健科,"[500, 1000)",1576,3,0.190%
眼科,"[0,30)",78442,13456,17.154%
眼科,"[100, 500)",78442,9602,12.241%
眼科,"[1000, 3000)",78442,30345,38.685%
眼科,"[10000, +++)",78442,616,0.785%
眼科,"[30, 100)",78442,5847,7.454%
眼科,"[3000, 10000)",78442,9976,12.718%
眼科,"[500, 1000)",78442,8600,10.964%
耳鼻咽喉科,"[0,30)",69069,14614,21.159%
耳鼻咽喉科,"[100, 500)",69069,16523,23.922%
耳鼻咽喉科,"[1000, 3000)",69069,16160,23.397%
耳鼻咽喉科,"[10000, +++)",69069,144,0.208%
耳鼻咽喉科,"[30, 100)",69069,8820,12.770%
耳鼻咽喉科,"[3000, 10000)",69069,4962,7.184%
耳鼻咽喉科,"[500, 1000)",69069,7846,11.360%
口腔科,"[0,30)",5851,887,15.160%
口腔科,"[100, 500)",5851,1430,24.440%
口腔科,"[1000, 3000)",5851,835,14.271%
口腔科,"[10000, +++)",5851,571,9.759%
口腔科,"[30, 100)",5851,260,4.444%
口腔科,"[3000, 10000)",5851,565,9.656%
口腔科,"[500, 1000)",5851,1303,22.270%
皮肤科,"[0,30)",12296,6807,55.359%
皮肤科,"[100, 500)",12296,2097,17.054%
皮肤科,"[1000, 3000)",12296,143,1.163%
皮肤科,"[10000, +++)",12296,20,0.163%
皮肤科,"[30, 100)",12296,2970,24.154%
皮肤科,"[3000, 10000)",12296,38,0.309%
皮肤科,"[500, 1000)",12296,221,1.797%
医疗美容科,"[0,30)",855,203,23.743%
医疗美容科,"[100, 500)",855,353,41.287%
医疗美容科,"[1000, 3000)",855,72,8.421%
医疗美容科,"[10000, +++)",855,42,4.912%
医疗美容科,"[30, 100)",855,47,5.497%
医疗美容科,"[3000, 10000)",855,65,7.602%
医疗美容科,"[500, 1000)",855,72,8.421%
精神科,"[0,30)",6458,5064,78.414%
精神科,"[100, 500)",6458,652,10.096%
精神科,"[1000, 3000)",6458,37,0.573%
精神科,"[10000, +++)",6458,13,0.201%
精神科,"[30, 100)",6458,589,9.120%
精神科,"[3000, 10000)",6458,13,0.201%
精神科,"[500, 1000)",6458,90,1.394%
传染科,"[0,30)",21917,5148,23.489%
传染科,"[100, 500)",21917,7786,35.525%
传染科,"[1000, 3000)",21917,710,3.239%
传染科,"[10000, +++)",21917,291,1.328%
传染科,"[30, 100)",21917,6099,27.828%
传染科,"[3000, 10000)",21917,498,2.272%
传染科,"[500, 1000)",21917,1385,6.319%
结核病科,"[0,30)",2155,153,7.100%
结核病科,"[100, 500)",2155,1092,50.673%
结核病科,"[1000, 3000)",2155,133,6.172%
结核病科,"[10000, +++)",2155,25,1.160%
结核病科,"[30, 100)",2155,524,24.316%
结核病科,"[3000, 10000)",2155,53,2.459%
结核病科,"[500, 1000)",2155,175,8.121%
肿瘤科,"[0,30)",99397,18609,18.722%
肿瘤科,"[100, 500)",99397,40343,40.588%
肿瘤科,"[1000, 3000)",99397,7354,7.399%
肿瘤科,"[10000, +++)",99397,1238,1.246%
肿瘤科,"[30, 100)",99397,20706,20.832%
肿瘤科,"[3000, 10000)",99397,3678,3.700%
肿瘤科,"[500, 1000)",99397,7469,7.514%
急诊医学科,"[0,30)",18331,4329,23.616%
急诊医学科,"[100, 500)",18331,5256,28.673%
急诊医学科,"[1000, 3000)",18331,1494,8.150%
急诊医学科,"[10000, +++)",18331,697,3.802%
急诊医学科,"[30, 100)",18331,4428,24.156%
急诊医学科,"[3000, 10000)",18331,919,5.013%
急诊医学科,"[500, 1000)",18331,1208,6.590%
康复医学科,"[0,30)",79255,63345,79.926%
康复医学科,"[100, 500)",79255,4171,5.263%
康复医学科,"[1000, 3000)",79255,912,1.151%
康复医学科,"[10000, +++)",79255,275,0.347%
康复医学科,"[30, 100)",79255,9413,11.877%
康复医学科,"[3000, 10000)",79255,453,0.572%
康复医学科,"[500, 1000)",79255,686,0.866%
运动医学科,"[0,30)",1321,592,44.815%
运动医学科,"[100, 500)",1321,180,13.626%
运动医学科,"[1000, 3000)",1321,106,8.024%
运动医学科,"[10000, +++)",1321,55,4.164%
运动医学科,"[30, 100)",1321,129,9.765%
运动医学科,"[3000, 10000)",1321,188,14.232%
运动医学科,"[500, 1000)",1321,71,5.375%
职业病科,"[0,30)",1418,536,37.800%
职业病科,"[100, 500)",1418,411,28.984%
职业病科,"[1000, 3000)",1418,126,8.886%
职业病科,"[10000, +++)",1418,5,0.353%
职业病科,"[30, 100)",1418,97,6.841%
职业病科,"[3000, 10000)",1418,14,0.987%
职业病科,"[500, 1000)",1418,229,16.150%
临终关怀科,"[0,30)",1086,309,28.453%
临终关怀科,"[100, 500)",1086,347,31.952%
临终关怀科,"[1000, 3000)",1086,88,8.103%
临终关怀科,"[10000, +++)",1086,3,0.276%
临终关怀科,"[30, 100)",1086,213,19.613%
临终关怀科,"[3000, 10000)",1086,17,1.565%
临终关怀科,"[500, 1000)",1086,109,10.037%
特种医学与军事医学科,"[0,30)",104,1,0.962%
特种医学与军事医学科,"[100, 500)",104,49,47.115%
特种医学与军事医学科,"[1000, 3000)",104,16,15.385%
特种医学与军事医学科,"[10000, +++)",104,2,1.923%
特种医学与军事医学科,"[30, 100)",104,12,11.538%
特种医学与军事医学科,"[3000, 10000)",104,7,6.731%
特种医学与军事医学科,"[500, 1000)",104,17,16.346%
,"[0,30)",240,233,97.083%
,"[100, 500)",240,2,0.833%
,"[1000, 3000)",240,1,0.417%
,"[30, 100)",240,4,1.667%
疼痛科,"[0,30)",13536,5054,37.337%
疼痛科,"[100, 500)",13536,2583,19.082%
疼痛科,"[1000, 3000)",13536,2224,16.430%
疼痛科,"[10000, +++)",13536,226,1.670%
疼痛科,"[30, 100)",13536,2199,16.246%
疼痛科,"[3000, 10000)",13536,511,3.775%
疼痛科,"[500, 1000)",13536,739,5.460%
重症医学科,"[100, 500)",16310,4452,27.296%
重症医学科,"[1000, 3000)",16310,3118,19.117%
重症医学科,"[500, 1000)",16310,2888,17.707%
重症医学科,"[3000, 10000)",16310,1867,11.447%
重症医学科,"[10000, +++)",16310,1594,9.773%
重症医学科,"[30, 100)",16310,1403,8.602%
重症医学科,"[0,30)",16310,988,6.058%
医学检验科,"[0,30)",854,811,94.965%
医学检验科,"[100, 500)",854,1,0.117%
医学检验科,"[30, 100)",854,42,4.918%
病理科,"[0,30)",1,1,100.000%
医学影像科,"[0,30)",5300,1083,20.434%
医学影像科,"[100, 500)",5300,1721,32.472%
医学影像科,"[1000, 3000)",5300,556,10.491%
医学影像科,"[10000, +++)",5300,285,5.377%
医学影像科,"[30, 100)",5300,761,14.358%
医学影像科,"[3000, 10000)",5300,337,6.358%
医学影像科,"[500, 1000)",5300,557,10.509%
中医科,"[0,30)",404521,220713,54.562%
中医科,"[100, 500)",404521,57397,14.189%
中医科,"[1000, 3000)",404521,25135,6.214%
中医科,"[10000, +++)",404521,4485,1.109%
中医科,"[30, 100)",404521,71054,17.565%
中医科,"[3000, 10000)",404521,11448,2.830%
中医科,"[500, 1000)",404521,14289,3.532%
民族医学科,"[0,30)",1184,1066,90.034%
民族医学科,"[100, 500)",1184,17,1.436%
民族医学科,"[1000, 3000)",1184,1,0.084%
民族医学科,"[10000, +++)",1184,2,0.169%
民族医学科,"[30, 100)",1184,98,8.277%
中西医结合科,"[0,30)",33550,22195,66.155%
中西医结合科,"[100, 500)",33550,4027,12.003%
中西医结合科,"[1000, 3000)",33550,813,2.423%
中西医结合科,"[10000, +++)",33550,94,0.280%
中西医结合科,"[30, 100)",33550,5604,16.703%
中西医结合科,"[3000, 10000)",33550,223,0.665%
中西医结合科,"[500, 1000)",33550,594,1.770%
其他业务科室,"[0,30)",11302,6600,58.397%
其他业务科室,"[100, 500)",11302,1842,16.298%
其他业务科室,"[1000, 3000)",11302,371,3.283%
其他业务科室,"[10000, +++)",11302,294,2.601%
其他业务科室,"[30, 100)",11302,1561,13.812%
其他业务科室,"[3000, 10000)",11302,302,2.672%
其他业务科室,"[500, 1000)",11302,332,2.938%
,"[0,30)",16,7,43.750%
,"[100, 500)",16,5,31.250%
,"[30, 100)",16,4,25.000%
,"[0,30)",279,162,58.065%
,"[100, 500)",279,49,17.563%
,"[1000, 3000)",279,54,19.355%
,"[30, 100)",279,11,3.943%
,"[3000, 10000)",279,2,0.717%
,"[500, 1000)",279,1,0.358%
