,basy_yydj,basy_ssjczbm1_for_str_3,HAOCAI-only_operation-3-E,JCJY-only_operation-3-E,YP-only_operation-3-E,ZFY-only_operation-3-E,记录条数-only_operation-3
0,1,,182.45914497965362,1267.8857547080534,1811.4634710261505,6582.025347465379,63402
1,1,00.,12652.418842105264,1973.1870526315788,3694.3264210526318,26854.52757894737,95
2,1,01.,6152.12875,2397.323888888889,5278.298194444444,22168.287083333333,72
4,1,03.,5156.652985553772,1712.8986516853934,2901.0956661316213,15298.123113964686,623
5,1,04.,1608.4463790849672,1380.6317908496733,1731.5514901960782,8352.563411764706,765
6,1,05.,733.9208474576271,1710.4369491525424,1176.2583050847459,13238.144915254237,59
7,1,06.,3083.6711016949153,2589.9818644067796,2393.9645762711866,14379.700169491527,118
9,1,08.,227.78516666666667,634.2430555555555,285.6968888888889,2294.034583333333,360
10,1,09.,658.6635789473684,616.4343859649123,468.8673684210527,3319.6006666666663,285
11,1,10.,298.13327586206896,597.7655172413794,194.82551724137932,2096.311379310345,58
12,1,11.,495.37411009174315,574.784357798165,198.64870642201834,2393.2238348623855,1090
13,1,12.,525.3256626506023,852.3915662650602,587.5310843373494,4582.139518072289,83
14,1,13.,2414.6997296839254,760.5414058130667,180.44727057029067,5711.048656046098,11801
15,1,14.,3119.6188139534884,815.3536744186047,376.6393255813954,7956.227325581395,430
16,1,15.,238.14095238095237,603.9285714285714,309.81333333333333,5567.5771428571425,21
17,1,16.,1100.6988372093024,996.0034883720931,886.9625581395348,6285.970697674418,43
18,1,17.,966.4841598546776,812.44851044505,2137.5545685740235,6276.077561307901,2202
19,1,18.,678.389589041096,770.644109589041,1611.9282191780821,4968.507260273972,73
20,1,19.,1014.4575862068965,1208.4045977011494,3592.7439080459767,10443.677931034483,87
21,1,20.,836.5788888888889,1152.351111111111,2770.722063492063,8084.544444444445,63
22,1,21.,1629.2430050083472,816.3202838063439,1740.61081803005,6830.659198664441,599
23,1,22.,1213.8412008733626,1021.8758515283843,2351.4280131004366,9161.628340611354,458
27,1,27.,564.0251219512195,1046.4241463414635,1300.1731707317074,9541.35487804878,41
28,1,28.,1813.1103197674418,793.6891860465116,1559.2854651162788,6604.728779069768,344
29,1,29.,1386.6073205741627,589.1395215311005,1525.2574641148326,5354.653971291866,209
30,1,30.,974.6983333333334,868.2629166666666,1699.009487179487,6041.869006410256,312
31,1,31.,119.27224489795918,902.7979591836735,2936.3985714285714,6432.4369387755105,49
32,1,32.,2836.4239655172414,3210.863793103448,3388.3274137931035,37133.92310344828,58
33,1,33.,378.3362809917356,5720.776033057851,2767.5674380165287,15126.70085399449,363
34,1,34.,1048.5125238095238,2312.7431428571426,4353.697999999999,11556.694,210
38,1,38.,2143.66028030303,1709.631643939394,3091.0545606060605,16246.618098484849,1320
39,1,39.,2320.912178010471,1499.3332565445025,2752.9436963350786,12375.097193717278,955
42,1,42.,1888.9349367088605,1054.5151898734177,4828.741898734177,10811.475696202531,79
43,1,43.,356.94808714133904,920.1716046758767,2491.0091604675877,5320.4215727948995,941
44,1,44.,161.65697752808987,1496.3387528089888,1934.1201011235953,5159.355247191012,890
45,1,45.,1057.3064311594203,1079.7060144927536,1968.7769836956522,6385.023460144928,1104
47,1,47.,1100.6161445783132,1413.5049799196786,2455.9511244979917,7660.159678714859,249
48,1,48.,1113.3448335745297,880.7794066570189,3594.627626628075,8020.461244573082,691
49,1,49.,2509.5456704980843,766.5606294471812,2157.0844061302682,8602.624017515052,1827
50,1,50.,2704.2991228070173,1691.5894736842106,3580.335964912281,12564.117543859647,57
51,1,51.,2332.7336155378484,1817.1290438247013,4231.68327689243,12155.930737051794,1004
53,1,53.,1515.8682131661442,1203.9897178683384,1591.9265830721004,7113.32934169279,319
54,1,54.,1555.601152737752,967.1481988472622,1978.4083141210376,15058.395317002882,694
55,1,55.,4902.9769402985075,2441.9395522388063,4879.421865671642,18784.707686567166,134
56,1,56.,4622.433848684211,2096.1856907894735,4066.094917763158,14609.891694078948,608
57,1,57.,536.221747211896,1891.254312267658,2529.6867657992566,7664.311672862454,269
58,1,58.,515.4777272727273,1382.9136363636362,2602.130909090909,6912.342272727273,22
59,1,59.,2986.19582278481,1725.8208860759494,3299.0230379746836,9988.082848101267,158
60,1,60.,1222.5893600000002,1763.5664,3606.08432,10596.58312,125
61,1,61.,297.0132142857143,1089.180357142857,1225.7182142857143,6609.282857142856,28
62,1,62.,908.3178260869565,1662.4880434782608,1322.883152173913,8739.615108695652,92
63,1,63.,506.364880952381,802.5845238095238,1101.2390476190476,10820.718095238095,84
65,1,65.,500.3875,1048.5842777777777,1243.4244444444444,15685.325944444445,180
66,1,66.,652.3545877788555,818.1318234723569,1547.7835499515036,14571.543200775945,1031
67,1,67.,172.41957081545064,1186.958669527897,1677.2676394849784,5205.273347639485,233
68,1,68.,734.2222670807454,1163.0256832298137,1025.5728726708076,6629.469425465838,644
69,1,69.,261.6287549407115,1224.7686956521738,1180.8682608695651,5191.248181818182,506
70,1,70.,419.59162393162393,1034.0023076923078,920.4440170940171,7276.819658119658,117
71,1,71.,432.71223076923076,1316.3574615384616,773.9802307692307,11871.068230769231,390
73,1,73.,571.1481249999999,1794.2307670454545,676.0240625,12089.451448863636,352
74,1,74.,1118.9875186246418,1767.663535816619,1409.0487965616046,17626.20235530086,1745
75,1,75.,848.9213424124514,2471.6306225680933,847.8511089494162,18236.123968871598,514
77,1,77.,3136.052340425532,1563.2225531914894,2168.447588652482,10870.864609929078,141
78,1,78.,2436.3892554043236,1170.6580464371496,1524.4301040832665,7854.3682145716575,1249
79,1,79.,9989.586157894737,1901.9684802631577,2710.944993421053,19019.48578947368,1520
80,1,80.,2564.208355424644,1632.463058419244,2585.5176926853214,15887.120378006874,2037
81,1,81.,10122.640202916931,1953.715072923272,2367.015789473684,20382.662783766646,1577
82,1,82.,5578.111610942249,814.6113981762919,2769.538510638298,12782.269604863222,329
83,1,83.,792.8272882388787,1123.1662096282755,1373.5038208409505,6161.616465569774,1641
84,1,84.,9078.689647058824,2001.8600000000001,3779.871882352941,19531.172117647056,85
85,1,85.,477.3372857142857,1013.2935714285715,1151.8002857142858,5451.940857142857,70
86,1,86.,1947.3211153846153,1239.8045512820513,2385.7539615384617,8866.722615384615,780
87,1,87.,615.3517507418397,1173.6489614243324,2049.920237388724,5488.330830860534,337
88,1,88.,1575.045532212885,1387.6837535014006,2506.2284453781513,10809.623767507002,714
89,1,89.,197.78160535117055,1910.7170234113712,3139.5127090301003,6909.462709030101,299
90,1,92.,2865.611342592593,2196.0344907407407,25707.578379629627,42809.233888888884,216
91,1,93.,573.1108201357466,1382.5938009049773,1899.0775735294117,5796.499875565611,1768
92,1,94.,188.41925925925923,7416.266666666667,1399.661111111111,19954.964444444446,27
93,1,95.,6.141851851851851,1033.4703703703703,1351.0777777777778,3271.8837037037038,27
94,1,96.,152.75845864661653,6852.060187969925,3371.69962406015,17858.967105263157,532
95,1,97.,350.10810344827587,783.085474137931,1303.597629310345,4062.795301724138,232
96,1,98.,50.449687045123724,896.4415647743814,1136.24865356623,3063.656164483261,1374
97,1,99.,1165.1003880266076,1385.3858786031042,2549.1400110864747,8427.558054323725,3608
98,2,,80.98720026248746,1351.0169453022465,1581.4953194240716,5281.74107996217,103624
99,2,00.,21578.732068965517,2141.0260344827584,4421.883275862069,34206.00637931035,58
100,2,01.,8430.824810126584,7661.722151898734,7997.077088607594,37586.16151898734,79
102,2,03.,11216.961538461539,1895.9913895781638,2673.38952853598,20774.1135235732,403
103,2,04.,1036.2189473684211,1337.4002046783626,1356.6055555555554,7198.255730994152,342
104,2,05.,62.52024390243902,1061.526219512195,514.7314634146342,4392.771219512195,164
105,2,06.,888.9576136363637,1709.7267045454546,1546.8051136363638,8438.097954545454,88
107,2,08.,201.78467065868264,929.6602395209582,631.2280239520958,2963.1555688622752,167
108,2,09.,111.96812500000001,1011.3213750000001,889.2395,3419.4574999999995,80
109,2,10.,119.46700000000001,1013.4959999999999,607.9816000000001,2998.3179999999998,50
110,2,11.,577.9061693548388,673.1499596774194,278.6034677419355,3013.9165322580648,248
111,2,12.,301.01738095238096,877.0785714285715,1092.7119047619049,4417.3761904761905,42
112,2,13.,2454.014593175853,913.2644714865187,158.99352660462895,5651.139410641851,4191
113,2,14.,2152.0106024096385,853.6186746987953,1107.0090963855423,7150.21204819277,166
116,2,17.,556.6327814910026,1155.5075475578408,1620.0763958868895,5677.054863753214,1945
117,2,18.,141.46575757575758,1097.9891919191919,957.3643434343435,3584.0072727272723,99
119,2,20.,193.51882352941175,1049.8951960784314,1414.6389215686277,4524.909215686274,102
120,2,21.,346.4202028985507,1171.9223188405797,1090.8310434782609,5004.700028985507,345
121,2,22.,607.0406738544474,1176.9566576819407,1734.085525606469,7310.978247978437,371
125,2,26.,704.8434615384615,1509.6450000000002,1892.933076923077,6504.679999999999,26
126,2,27.,401.32405660377356,1410.5458490566036,1513.1491509433963,4738.805377358491,106
127,2,28.,574.4638255033557,991.6075167785234,1569.3941610738257,5881.168255033556,149
128,2,29.,135.96939759036144,1283.828674698795,1098.9373493975904,4696.241927710844,83
129,2,30.,394.8678082191781,1152.865890410959,1535.803904109589,6001.734657534246,146
130,2,31.,212.6695744680851,1750.5572340425533,2428.745531914894,6294.623510638297,94
132,2,33.,612.7765413533834,2464.397819548872,2644.728421052632,7995.434436090226,133
133,2,34.,385.3181162324649,2591.772725450902,2763.9826252505013,8158.576392785571,499
135,2,36.,13917.072916666666,2065.7083333333335,3347.565,27229.49625,24
137,2,38.,671.9349236641222,2579.5801335877863,4492.313148854962,12725.813797709923,524
138,2,39.,1554.772448630137,1294.962191780822,2299.9076369863014,11981.904674657535,584
139,2,40.,509.81488372093025,2368.26511627907,1998.0453488372093,7802.353023255814,43
140,2,41.,3554.295365853659,3949.530975609756,4528.252682926829,17903.031463414634,41
141,2,42.,2913.0266666666666,2598.322463768116,3785.9484057971013,13706.529855072464,69
142,2,43.,470.2226993166287,1435.9900455580866,1227.2319476082002,5774.438451025057,878
143,2,44.,135.87141999142,1843.4335907335908,1690.059811239811,5102.873728013728,2331
144,2,45.,438.7828023407022,1596.1511053315994,1360.7018985695709,5495.187314694408,1538
145,2,46.,1845.628,2493.8055,4147.2965,13414.798250000002,40
146,2,47.,889.7659137055838,1470.3733333333334,1937.5230372250423,7319.411015228427,1182
147,2,48.,804.0502026049205,1413.0693921852387,1325.8383936324167,6782.869204052098,691
148,2,49.,1090.6586680327869,1045.6705655737705,1574.646963114754,6595.127795081968,2440
150,2,51.,1133.4128626116546,1629.276626967248,2226.753513398554,8897.731931093153,2351
152,2,53.,1634.4286075949367,1369.7041772151897,1303.3377330264673,7213.829010356732,869
153,2,54.,616.5285897435897,1745.1564102564103,2432.655435897436,8091.84782051282,390
154,2,55.,2323.719003436426,2076.626597938144,2732.290206185567,15276.7170790378,291
155,2,56.,2370.7640197044334,1660.528669950739,1642.8051034482758,9540.284807881773,1015
156,2,57.,445.5887844036697,2072.695137614679,3132.995733944954,8389.305366972478,872
157,2,58.,462.46515151515155,1361.7945454545454,1011.7716666666665,4833.909242424243,66
158,2,59.,1792.7686184210527,1562.9872039473685,1728.6336184210527,7676.720822368421,304
159,2,60.,1709.9623236514522,2109.6272614107884,2789.2146058091284,11008.572116182571,241
160,2,61.,483.9076923076923,1284.3261538461538,1440.5252307692308,6078.179538461538,65
162,2,63.,550.8441379310344,1200.041724137931,1228.0644827586207,5495.268620689655,29
163,2,64.,694.5776923076924,971.3480769230769,666.2957692307692,3420.7482692307694,52
164,2,65.,769.124827586207,1510.7220344827588,1886.110103448276,8210.328896551724,290
165,2,66.,647.6694235588973,1179.9367418546367,1546.8240852130327,7240.943132832081,399
166,2,67.,128.32803149606298,1056.2298762654668,916.7614735658042,3506.4088976377952,889
167,2,68.,598.2147913561848,1541.5308345752608,1593.3952906110283,7274.572056631892,1342
168,2,69.,108.99360360360362,809.7899249249249,547.6806493993994,2566.2502627627628,2664
169,2,70.,151.15454685099846,847.663855606759,648.9735791090629,3657.4879723502304,651
170,2,71.,176.41329559748428,833.861320754717,670.6291446540881,3216.491647798742,795
172,2,73.,157.56227021040976,748.2229235880399,550.7105980066445,2954.765725359912,903
173,2,74.,487.3650169747265,914.0972387778196,1235.5100641267447,5711.3582082233115,2651
174,2,75.,151.5336454183267,838.1726892430279,570.8072111553786,3350.642390438247,1004
176,2,77.,1708.3648837209303,1300.7558604651163,1537.6799069767442,7252.324604651163,215
177,2,78.,2138.396786177106,1094.7386133909288,1309.4605485961122,7447.29596976242,2315
178,2,79.,10236.02739509361,1876.2471530019366,3137.3625919948354,20123.31705616527,3098
179,2,80.,3504.797204610951,1472.80558117195,2012.8898847262249,11231.791133525456,1041
180,2,81.,12589.285539011318,2006.9398749255508,2561.0244431209053,21728.162698034546,1679
181,2,82.,598.7537867647059,910.9683455882354,1101.406286764706,4704.41044117647,272
182,2,83.,413.36497172478795,1053.8343967954759,1143.2031055607918,5263.942884071631,2122
183,2,84.,6595.297718446603,1328.546796116505,2852.7029611650487,16092.450097087378,206
184,2,85.,486.80553719008265,1305.220082644628,953.1242148760331,4845.698140495868,242
185,2,86.,1052.586914004914,1305.9493513513514,1504.4899508599508,6113.728024570024,2035
186,2,87.,435.445064935065,1479.034025974026,1285.2715064935066,4336.711948051949,385
187,2,88.,1319.2492387543252,1826.244186851211,1948.7739446366784,7094.545155709343,578
188,2,89.,468.13295162882525,1984.0657453109577,2305.1524481737415,6465.654679170781,1013
192,2,93.,308.5343717702643,1516.1653226044589,1716.582910084158,5117.140983316109,6773
193,2,94.,112.38059602649007,1540.3754966887418,1302.9713245033113,13442.585529801325,302
194,2,96.,631.9557657657657,3349.4508408408406,4037.1392192192197,12819.034474474476,333
195,2,97.,156.20980707395498,909.0083279742767,427.6162057877814,2491.9389389067524,622
196,2,98.,61.59806138933764,1062.1183037156704,808.732899838449,3275.9087399030695,1238
197,2,99.,129.709133840129,1220.3779198341394,1456.797631882055,5309.145530983645,4341
198,3,,107.63414991084272,1465.1993714675605,1296.164719989871,4669.707405505595,284329
199,3,00.,18059.413771186442,3409.144152542373,3864.0565254237285,37023.440974576275,236
200,3,01.,10943.561946902655,8404.82049557522,11071.708743362833,48112.452938053095,565
201,3,02.,11080.724791666667,5870.944791666666,10180.425000000001,38146.185,48
202,3,03.,7652.243351242444,2601.321799865682,2756.449811954332,20118.88040967092,1489
203,3,04.,253.55636557307201,1492.6835066041756,1359.4788538559865,6202.888956114189,2347
204,3,05.,427.92125000000004,1321.0583333333332,2541.508333333333,8695.219166666668,24
205,3,06.,1159.432438271605,2557.5564197530866,1515.5487962962964,10121.698888888888,324
206,3,07.,3461.806956521739,3353.080434782609,2317.2739130434784,16377.495217391304,23
207,3,08.,125.80171428571427,1100.6809904761906,489.9218666666667,2988.780228571429,525
208,3,09.,420.99114173228344,1185.6755511811025,768.6368503937008,4026.7040944881887,254
209,3,10.,142.27477876106195,1162.1526548672566,554.3042477876106,3218.916902654867,113
210,3,11.,167.57812297734628,893.6280258899676,241.70098705501616,3019.1086731391583,618
211,3,12.,527.1055555555556,1421.288888888889,571.2574074074074,5332.9537037037035,27
212,3,13.,1890.0080907278166,1124.1497333000998,248.46414755732803,5563.797976071784,4012
215,3,16.,1442.7016483516484,2563.475054945055,1152.8494505494507,7035.802857142858,91
216,3,17.,495.9568176684653,1295.9185543982935,1216.199504329276,5238.862867361024,7969
217,3,18.,121.93087591240875,1252.567427007299,803.3598357664233,3539.848704379562,548
218,3,19.,638.57,1207.551515151515,1402.9618181818182,8833.708787878788,33
219,3,20.,212.40175115207373,1191.794193548387,1066.225806451613,4549.705806451613,217
220,3,21.,316.31492503748126,1187.3691229385306,894.3271289355322,4798.609205397301,1334
221,3,22.,509.66569821930653,1428.6802249297095,1295.283420805998,7972.7941986879105,1067
222,3,23.,259.2780821917808,1568.4616438356163,1329.9787671232875,5313.225616438356,73
223,3,24.,188.84604651162792,1512.2023255813954,1161.5148837209301,4747.095581395349,43
224,3,25.,505.15098765432094,1298.9353086419753,918.0512345679011,4619.040987654321,81
225,3,26.,767.7830612244899,1707.0214285714287,1188.3867346938775,6706.457755102041,98
226,3,27.,268.76706278026904,1454.0096188340808,1013.8070179372197,4790.495246636771,446
227,3,28.,725.644109589041,1309.644058219178,1100.3790239726027,5955.524606164384,584
228,3,29.,169.19020380434785,1705.248233695652,1071.9966304347827,4450.289673913044,736
229,3,30.,463.90267527675275,1405.9263099630996,1130.5608302583025,6202.599243542436,542
230,3,31.,209.77706806282723,2226.004240837696,2136.6840488656194,6664.992792321117,573
231,3,32.,16992.163594771242,5758.770849673202,4182.202222222222,36952.01346405229,153
232,3,33.,425.20492176386915,3024.729279279279,2613.3235419630155,8963.505353247985,2109
233,3,34.,596.2803819444445,3118.2819841269843,2890.540887896825,10111.839136904762,2016
235,3,36.,10558.144494949496,3454.957575757576,3124.019343434343,27181.49070707071,198
236,3,37.,18028.76012820513,3166.2155128205127,1595.4591025641025,27197.019743589743,78
237,3,38.,1134.387364130435,4050.903567546584,4589.723610248447,15279.102666925466,2576
238,3,39.,4017.0996302521007,2672.959781512605,3242.115669467787,18416.38349579832,1785
239,3,40.,1443.4554135338346,3078.1507518796993,2072.691729323308,9813.396766917293,133
240,3,41.,1738.9257142857143,4154.104714285714,3712.1111904761906,15780.165952380952,210
241,3,42.,3207.007833753149,3515.1334256926953,2684.913073047859,14768.057128463475,397
242,3,43.,1126.374979757085,2264.18229757085,1533.3309767206476,7944.9415688259105,1976
243,3,44.,174.75785929108486,2243.559799140709,1552.3311535982814,5621.839466165414,9310
244,3,45.,568.2527685525349,2202.5607185892727,1228.274246877296,6105.237942689199,6805
245,3,46.,2560.9322727272724,4148.885289256198,5035.38826446281,18604.52438016529,242
246,3,47.,1270.400651232825,1619.7551571616789,1709.718085827216,8175.776642198381,5313
247,3,48.,1165.446842485549,1973.5143966763005,1569.7345484104048,8138.593439306359,2768
248,3,49.,614.030286572683,1103.1328564825515,1376.8838953085278,6584.34183730067,8654
249,3,50.,3534.2901630434785,4660.847608695652,4723.319728260869,20523.073152173914,184
250,3,51.,1616.6792582461785,2042.9454786806116,1893.4549203539823,9934.349745776348,6215
251,3,52.,8126.669354838709,8323.314516129032,14291.962258064517,43670.26677419355,31
252,3,53.,2059.954234961647,1471.9371376665322,916.6138393217602,7656.932232539362,2477
253,3,54.,896.2553078556264,2535.9407784854916,2704.7295895258317,10241.868867657467,1413
254,3,55.,2766.7898727272727,3052.5603818181817,2338.2326,13961.29610909091,550
255,3,56.,2883.198881878724,2013.8067122327375,1706.914128987031,10790.945390816683,2853
256,3,57.,568.4657327586207,2732.219682112069,2864.746982758621,10070.290436422414,1856
257,3,58.,447.13861904761904,1904.6484761904762,1567.058761904762,7358.104190476191,210
258,3,59.,1307.534519427403,1777.4474744376278,1180.0925051124743,6594.094734151329,978
259,3,60.,1785.1889817792069,2734.045412647374,2803.968167202572,12543.187556270097,933
260,3,61.,467.01531818181815,1316.3869545454545,847.1111363636364,5191.601090909091,220
261,3,62.,597.4122784810127,1401.370506329114,1098.6537974683545,6286.931898734178,79
262,3,63.,576.2494701986755,1282.2672185430463,852.6780132450332,5056.453112582782,151
263,3,64.,534.0910967741935,1053.6827741935483,706.7925806451614,3942.9042580645164,155
264,3,65.,869.2695897435897,2010.7997846153846,1376.7837230769233,9001.219405128206,975
265,3,66.,758.330445229682,1332.2696819787986,1147.0437243816255,7289.031639575971,1415
266,3,67.,166.21201365187716,1271.2224345847553,500.2069453924915,3559.9161092150166,1758
267,3,68.,628.3430032822757,1816.6025519693653,1111.3756646608315,7700.371449671772,3656
268,3,69.,93.97716131907309,929.9956149732621,476.02837492572786,2626.2735918003564,6732
269,3,70.,222.77281419122068,1150.4916957306073,821.5029645219482,4380.654455802766,1663
270,3,71.,172.7151400329489,915.151054365733,459.1519522240527,3165.7641144975287,2428
271,3,72.,368.34075471698117,1054.8103773584905,742.0269811320754,4925.506698113208,106
272,3,73.,172.08603294573643,789.4277945736434,472.70262403100776,3239.9876201550387,5160
273,3,74.,560.9488461538461,1062.9644942677514,1171.7939127218935,6450.137209689349,10816
274,3,75.,166.60945299500833,888.6643136439267,549.1210191347753,3608.8740848585694,4808
275,3,76.,7154.923108108109,1826.5324324324324,2031.6058108108111,15165.133243243245,74
276,3,77.,1833.3634246575343,1572.6399771689498,1323.3438356164384,7972.709292237443,438
277,3,78.,1392.360703993413,1285.4821490325237,1278.2572375463153,7125.692717167559,4858
278,3,79.,9066.97207206084,2477.579602293978,3107.930256825832,21674.995824710135,8021
279,3,80.,2659.2320777027026,1877.7082871621622,1936.2118243243244,10945.241648648649,2960
280,3,81.,10805.470021350931,2538.2150194099377,2733.8948233695655,23212.41879658385,5152
281,3,82.,392.3227923627685,957.7205489260142,914.7717661097852,4356.139427207637,838
282,3,83.,243.061168298793,1275.2027579139146,1318.5477704395353,5606.680785698019,4391
283,3,84.,6723.758059210526,2005.1450657894736,2630.084802631579,16446.17490131579,304
284,3,85.,1318.0402490660026,1665.0605230386054,683.9345703611457,5578.04800747198,803
285,3,86.,569.6701964374896,1584.3925753287829,1453.6754186782089,5933.919272515399,6007
286,3,87.,151.47568137254902,1941.5999460784315,1485.2946078431373,4991.860367647059,2040
287,3,88.,1481.2797065462753,2539.099488337096,1726.0688111361928,8656.562727614748,2658
288,3,89.,133.98005941128812,1982.5327086146367,1703.0267215770998,5815.535792600594,3703
291,3,92.,1204.0036853932584,3721.651460674157,5820.963370786517,38374.018247191016,445
292,3,93.,234.01684562885927,1601.067497562561,1582.9908287292817,5853.956447838804,15385
293,3,94.,148.42714628297364,1235.6444044764187,803.3285851318946,10418.659512390088,2502
294,3,95.,299.5414285714286,1955.5448571428574,1200.1612857142857,4822.525142857143,70
295,3,96.,987.4980263157895,4888.321381578948,5535.906570175439,18205.270710526314,2280
296,3,97.,165.98377028714108,1077.0280149812734,567.3851435705368,3036.352203495631,1602
297,3,98.,69.24339651837523,1294.139423597679,672.7949245647969,3399.872529980658,2585
298,3,99.,118.9591651638443,1668.552957994282,1546.1154202771056,6060.945456784693,22735
299,4,,129.73248979770943,2009.7811106235463,1548.1139374259512,6167.411071130809,45578
300,4,00.,23316.2054,4653.334733333333,3705.8037333333327,44586.541600000004,150
301,4,01.,7341.83660130719,9829.139542483661,9782.91660130719,57383.2725490196,306
303,4,03.,5277.45380239521,4485.78505988024,4502.681467065869,27272.593682634728,334
304,4,04.,879.493076923077,2234.024017094017,2049.9692307692308,13889.417777777779,117
306,4,06.,2319.664534005038,3552.1739798488666,2474.7890428211585,21333.473350125943,397
307,4,07.,1709.8511764705884,4305.2107843137255,2564.754705882353,24539.942549019608,51
308,4,08.,141.35622222222221,1079.368888888889,327.6838333333334,3826.3985555555555,180
309,4,09.,802.9805309734513,1061.8836283185842,643.7861061946903,4728.561946902655,113
310,4,10.,231.47882352941176,1219.1588235294118,541.3056862745098,3595.5154901960786,51
311,4,11.,578.3832702702703,912.4925675675676,268.6270810810811,3438.5755405405403,370
312,4,12.,3677.5185470085466,940.9235042735042,706.8380341880342,9296.102222222222,117
313,4,13.,2848.734955523673,960.3998708751793,615.2707431850789,7114.478740315639,3485
314,4,14.,5457.656754716982,956.5883018867925,1437.7131320754715,12748.252603773584,265
315,4,15.,696.7557142857142,507.9295918367347,443.37632653061223,7470.623163265305,98
316,4,16.,1526.8061363636364,1041.5397727272727,929.585909090909,8140.227727272728,44
317,4,17.,1093.7305555555554,2462.9221987480437,2006.4239906103285,8766.045970266041,1278
318,4,18.,306.2591851851852,1552.9466296296298,1032.6742592592593,7605.473814814814,270
319,4,19.,1512.2984090909092,1892.1375,2469.5247727272726,20499.883181818182,88
320,4,20.,16124.058634686346,2113.6388560885607,1371.0387822878229,25805.65118081181,271
321,4,21.,610.2530174081238,1402.9604642166346,1310.800909090909,7519.288974854932,517
322,4,22.,1414.1480387409201,1510.6029539951573,1833.494430992736,11396.346440677966,413
323,4,23.,139.40214285714288,2080.4964285714286,1396.6258928571428,6667.020892857143,56
326,4,26.,731.5266666666666,1770.9641666666666,1306.4519444444443,8257.665833333333,36
327,4,27.,604.2053571428571,1827.1978571428572,1994.7762500000001,11066.374196428571,112
328,4,28.,722.6796535796766,1437.103972286374,1448.8413163972286,10181.968960739028,433
329,4,29.,378.19052631578944,1865.5564210526313,1501.4387894736842,9247.27952631579,190
330,4,30.,660.9365217391305,1618.6765942028985,1740.933804347826,10384.326086956522,276
331,4,31.,449.0921212121212,3060.318909090909,3128.496787878788,12575.039181818182,330
332,4,32.,6034.7489518413595,6959.719716713881,4134.987138810198,49705.07708215298,353
333,4,33.,652.8548167539267,4413.089410994765,3176.4064136125653,13651.586256544502,764
334,4,34.,814.3455555555555,3980.295648148148,3671.824703703704,14087.544944444446,540
335,4,35.,4122.823878787879,11008.413878787878,7082.890909090909,82102.91036363637,165
336,4,36.,11369.711304347826,4268.41301242236,2643.11649068323,29950.120310559007,322
337,4,37.,19922.838522727274,4501.746590909091,2678.8399999999997,43352.908522727266,88
338,4,38.,1259.2133745364647,4275.5666749072925,4346.90849196539,16548.656192830655,809
339,4,39.,4778.293151750972,2857.9898573281453,3787.2315304798967,23029.152360570686,771
340,4,40.,1801.989275362319,3233.3608695652174,2681.878695652174,15584.760144927535,69
341,4,41.,1516.60492481203,4493.591654135339,18314.707406015037,34427.173345864656,266
342,4,42.,5390.358679245283,4801.992735849057,6181.4052830188675,31581.875943396226,106
343,4,43.,1123.3872985074627,2582.129970149254,1960.6278208955223,10026.315119402985,670
344,4,44.,216.1471111111111,2388.48711627907,1714.75688372093,6540.5415607235145,1935
345,4,45.,503.9581936922587,2465.8159541255177,1305.4396431984708,6476.626836572157,3139
346,4,46.,1886.0852482269504,4370.165390070922,4737.908865248227,24829.427304964538,141
347,4,47.,1283.4771805006587,1984.3328063241108,1619.3146903820818,8534.64652173913,759
348,4,48.,1449.9161016949151,2746.921220338983,2464.8922372881357,12268.313627118645,590
349,4,49.,1173.5617789757412,1440.6906469002695,1307.1030727762802,7871.019191374662,1113
350,4,50.,2480.093611111111,4824.408666666667,5197.056555555556,30701.82516666667,180
351,4,51.,1463.847501869858,2466.7359985041135,1996.1272475691846,11255.580426327599,1337
352,4,52.,9833.5916,11234.9988,17463.106799999998,65987.3988,25
353,4,53.,1821.684405204461,1470.0377323420075,752.18187732342,9009.274721189591,538
354,4,54.,1478.7042307692307,3455.8750384615387,4037.372538461539,15642.571884615385,260
355,4,55.,2146.9058999999997,3505.3666,2139.14705,18776.5092,400
356,4,56.,2981.6467065217394,2312.429260869565,1517.581554347826,12957.612586956522,920
357,4,57.,715.6714250309789,3842.4472366790583,2613.1087856257745,13387.072453531599,807
358,4,58.,566.2591891891892,2449.5867567567566,1418.1154054054055,8979.338243243245,74
359,4,59.,1243.5631683168317,2223.326188118812,1357.219504950495,8562.896386138615,202
360,4,60.,1745.7297732426302,3151.588390022676,2385.831746031746,14503.944648526076,441
361,4,61.,423.72075000000007,1621.8155000000002,746.37275,5724.59075,40
362,4,62.,477.48517241379307,2632.3048275862066,876.2531034482759,7001.652758620689,29
363,4,63.,648.1324193548387,1319.8777419354838,841.8670967741936,6019.277580645162,62
364,4,64.,578.9358974358975,1563.698717948718,1664.0658974358973,6129.209487179487,39
365,4,65.,1210.0858333333333,2210.0991666666664,1461.5232142857142,9430.175357142856,168
366,4,66.,1249.3325925925926,1612.2682716049383,1378.2654320987654,9263.606481481482,162
367,4,67.,323.3435064935065,1501.654025974026,464.7948051948052,4222.448571428571,154
368,4,68.,888.9958165137615,2026.3169541284403,1282.9382018348622,8633.696458715596,545
369,4,69.,137.2465306122449,1172.7427664399092,423.34603174603177,2923.1482312925173,441
370,4,70.,403.3352873563218,1564.9728735632186,971.9642528735632,6386.902413793104,87
371,4,71.,562.134630541872,1478.2945812807882,678.32921182266,10147.694187192117,203
373,4,73.,280.8424,1169.0495142857144,406.9264285714286,5097.6966,350
374,4,74.,1046.2553789473684,1314.8214842105263,1051.7534736842106,9190.381757894736,950
375,4,75.,199.7260966542751,1148.8972118959107,486.62780669144985,4157.062565055762,269
376,4,76.,6397.515428571429,1622.9457142857143,2267.1645714285714,19783.950285714287,35
377,4,77.,2028.0239682539684,2592.001904761905,2479.816507936508,19698.400476190476,63
378,4,78.,1624.8449520766774,1402.0366932907348,999.4314217252395,7772.034632587859,626
379,4,79.,10426.559825935596,3061.5493298520455,2763.861070496084,24259.442480417754,1149
380,4,80.,6348.966636771301,3170.493811659193,1846.3892825112107,21468.13735426009,223
381,4,81.,12633.238920863309,3597.414808153477,2101.66118705036,31343.61763788969,834
382,4,82.,863.195975609756,1192.365731707317,594.6310975609756,5234.313780487804,82
383,4,83.,495.52978494623653,1662.1191039426524,1251.85958781362,7525.114964157707,558
384,4,84.,14094.108333333334,4632.75,5138.680238095239,41047.7130952381,42
385,4,85.,997.4313776337116,2338.41414910859,603.0438411669368,10222.366045380875,617
386,4,86.,476.05798755186726,1671.4466493775935,1137.1097614107885,7002.546639004149,964
387,4,87.,187.24134969325152,2468.77245398773,1623.358957055215,5414.596196319018,163
388,4,88.,1807.3555103448277,3122.8194344827584,2076.842993103448,10824.307579310345,1450
389,4,89.,231.62045454545455,2933.3155718475073,2049.2271554252197,7335.211041055718,682
391,4,92.,885.0097794117647,3727.3301470588235,8979.368235294118,44300.47786764706,136
392,4,93.,177.94916034271725,2775.463135862913,1873.4501713586292,7542.3046952264385,4085
393,4,94.,90.50297335203366,6677.797335203366,491.6666199158485,14251.958513323983,713
395,4,96.,1040.6800213447173,6461.308996798292,5461.071163287086,21237.486627534683,937
396,4,97.,257.9259180576631,2519.2764946889224,1321.354339908953,8857.170166919575,659
397,4,98.,62.111648590021694,1426.2099783080262,723.9851843817787,3919.770759219089,461
398,4,99.,171.3930652062297,1925.9239876775628,2554.8585178846483,7488.637035769297,5843
399,5,,97.2472927015978,1749.549322903942,1329.8524487081345,4908.549707233253,368382
400,5,00.,20038.470153846152,3812.57278974359,3847.2591794871796,39580.54592820513,975
401,5,01.,10652.520475328203,9482.836047985513,12372.067048438206,53069.47995473065,2209
402,5,02.,13007.653750000001,5553.183630952381,6256.7441071428575,37636.45101190476,168
403,5,03.,7887.941156383391,3465.150046565774,3095.1196895615058,21488.720314318976,2577
404,5,04.,677.6205433989788,1818.5669876002917,1253.4816411378556,7258.152603938732,2742
405,5,05.,670.8886764705883,2005.9270588235295,1224.2045588235294,8998.573823529412,68
406,5,06.,1711.1490690457717,3140.413584173778,1408.965624515128,11790.10249806051,1289
407,5,07.,4344.656729559749,4559.2331446540875,2709.6270440251574,21512.126163522014,159
408,5,08.,135.4224236387782,1272.4603054448871,437.7445351925631,3253.933366533865,1506
409,5,09.,686.4827817403709,1212.0880028530669,594.8360199714693,4462.562467902996,701
410,5,10.,118.39562682215742,1204.3061807580175,375.4079300291545,2910.7015451895045,343
411,5,11.,328.70299738903395,1055.762997389034,297.5547362924282,3824.7560731070494,1915
412,5,12.,632.1525517241379,1275.0044137931034,709.0837241379311,5237.534275862069,145
413,5,13.,2079.6771341463414,1167.844689649781,311.4895653533458,6399.088035490932,12792
414,5,14.,3020.642224938875,923.192750611247,556.4027139364302,7649.812212713936,818
415,5,15.,323.2947674418605,933.4593023255813,316.70732558139537,6446.897558139534,86
416,5,16.,355.32201807228915,2373.109578313253,917.6753313253013,6157.660481927711,332
417,5,17.,769.4911598138092,1592.5418414052976,1417.983038346448,6147.079103956556,18046
418,5,18.,170.08031124497992,1447.531265060241,766.9245180722892,3952.8459337349395,996
419,5,19.,446.2165625,1319.3057812499999,1158.10203125,7201.9515625,64
420,5,20.,262.1239540229885,1310.1415862068964,769.5330804597702,3920.76708045977,435
421,5,21.,446.6744171411448,1446.6627329937069,900.6439166916392,5028.979475576866,3337
422,5,22.,753.4891438979963,1560.1628888888888,1355.8910200364298,8560.796127504555,2745
423,5,23.,190.55406451612902,1940.9533548387099,1741.213741935484,6598.211677419355,155
424,5,24.,258.6621333333333,1575.3498666666667,1006.6596000000001,5018.420266666667,75
425,5,25.,491.84195121951217,1504.1847967479675,704.7338211382113,4792.2266666666665,123
426,5,26.,791.9760159362551,2086.534342629482,1199.8223505976096,7464.1721912350595,251
427,5,27.,339.00127532777117,1731.0900595947558,978.2959356376639,5088.034612634088,839
428,5,28.,1116.6260964332891,1396.5441875825627,1099.6040224570675,6530.247747688243,1514
429,5,29.,238.41086620262953,2002.7809899458623,1027.8010440835267,5039.107385924207,1293
430,5,30.,575.3591929643043,1523.6357941024316,956.4775375064667,6432.838722193482,1933
431,5,31.,467.88146076146074,3782.999207459208,3413.057171717172,12345.522991452992,1287
432,5,32.,16143.201401722788,6084.059201252936,3920.872631166797,37951.56299921692,1277
433,5,33.,596.2531324503311,3682.126609271523,2636.8956738410593,10101.898867549668,6040
434,5,34.,811.8468012486992,3661.1365015608744,3015.112817898023,11508.1427408949,4805
435,5,35.,27061.925416666665,2566.7308333333335,1834.2129166666666,38881.14083333333,24
436,5,36.,10092.357064768028,3571.1674873679376,3234.839035369775,26515.924818557647,2177
437,5,37.,32750.420141509436,3872.8534433962263,2132.790031446541,45100.22979559748,636
438,5,38.,1757.4257901777185,3526.4717103000194,3879.486606153258,14340.80421937703,5233
439,5,39.,8386.22526862228,3363.653287738958,3323.644289716546,22366.510258734343,6068
440,5,40.,1010.057514619883,3532.1323099415204,1698.6263157894734,9649.510789473685,342
441,5,41.,1703.2242144373672,4347.496295116773,3028.7593205944795,14901.867080679405,942
442,5,42.,6130.118093023255,4379.063197674419,4061.3314767441857,21630.50929069767,860
443,5,43.,1777.3089985556092,2596.5521473278764,1629.4871665864227,9772.54180067405,4154
444,5,44.,282.9408957611304,2596.8573047187415,1789.679516795521,6853.733053185817,15004
445,5,45.,736.9630484906108,2561.0062318754453,1369.7856423817448,7111.815805799857,16828
446,5,46.,3890.8447480620152,5413.801686046511,6361.855852713178,24759.788449612402,516
447,5,47.,1373.3910709413371,2063.173025920873,2029.2649058663028,9417.429907230558,7330
448,5,48.,2579.306291913215,3065.7640405748098,2140.977078050155,12579.771966751197,3549
449,5,49.,913.378063813751,1301.268758060464,1381.04740306507,7002.6069608910475,11941
450,5,50.,4887.093416149069,5961.151925465838,5289.4210559006215,25478.127795031058,644
451,5,51.,1898.6009504234153,2513.3091761900846,2195.2219600427525,11542.513292773165,12163
452,5,52.,10994.612897196263,10901.950747663552,12886.01168224299,53557.99682242991,107
453,5,53.,2100.640662745985,1608.6277267586518,1052.6970979416421,8249.531223705044,4421
454,5,54.,1149.1524892703862,3371.610799843933,3432.9757861880607,12767.27054623488,2563
455,5,55.,3356.8129708826204,3346.1531983621476,2778.481683348499,16498.936141947226,2198
456,5,56.,3405.448761713521,2168.282233935743,1816.7755990629184,11847.380845046855,5976
457,5,57.,769.3984418604651,3462.035361757106,2785.4733023255812,10988.398273901808,3870
458,5,58.,559.9380982905983,1875.6167307692308,1256.2385683760683,6400.674423076923,468
459,5,59.,1756.9198450641877,2174.078154050465,1307.6454670208057,7628.466870296592,2259
460,5,60.,2088.42775,3214.434974637681,2752.000373188406,13760.827119565218,2760
461,5,61.,502.6111594202899,1446.6936231884058,760.5957556935817,5208.694451345756,483
462,5,62.,635.7500515463918,1923.4656701030929,1201.2690721649485,6849.579278350515,194
463,5,63.,591.1663180827887,1493.9987581699347,932.0152505446623,5785.696862745098,459
464,5,64.,571.9213686534216,1076.6478366445917,597.2047240618101,3614.384768211921,453
465,5,65.,1245.4828090952155,2424.666016106111,1427.597399336807,10274.04332543818,2111
466,5,66.,1082.6845465538088,1669.0959975816204,1226.459790407094,8666.458270858524,2481
467,5,67.,243.22461336336337,1560.5043130630631,567.5257507507508,4297.928325825826,2664
468,5,68.,1027.6353968253968,2352.824543946932,1281.619003790571,9763.347478085761,8442
469,5,69.,144.44714237554783,1064.694225193842,492.2135037644679,2996.5169277446903,8899
470,5,70.,353.675,1639.80877755511,820.930501002004,5351.13488977956,998
471,5,71.,268.0049175557711,1239.8677061105723,594.2080067895247,3977.2539427740057,2062
472,5,72.,554.2971098265896,1587.7526589595377,869.0684971098266,6780.041213872832,173
473,5,73.,304.3043472476301,1256.3177947779811,625.9814452020622,4841.972132047231,6013
474,5,74.,720.1239778325123,1337.1935316838335,1350.2303056426333,7692.999764330497,17864
475,5,75.,261.72324173581825,1145.3102679907495,605.0451680043532,4676.278828730785,7351
476,5,76.,4587.949375,2323.9082638888885,2259.4009027777774,14801.999097222222,144
477,5,77.,1761.2005090311989,2082.5738752052544,1765.35065681445,10383.425057471264,609
478,5,78.,1231.6298047778064,1394.3087066529667,1292.3822758797842,7711.971944515798,7786
479,5,79.,9137.758064468971,2903.0242591915794,3282.8572136539724,24011.825564651706,13681
480,5,80.,4524.815744440256,2537.200361854504,1952.581620806634,16149.90610629476,2653
481,5,81.,12410.527726158645,3173.3426102941175,2512.122215909091,26285.317341800357,8976
482,5,82.,407.84284697508895,1183.2215213523132,1037.7085142348756,5185.863994661921,1124
483,5,83.,425.95112484548827,1492.5820148331272,1197.7399060568603,6525.940365883807,4045
484,5,84.,7451.6882248520715,3333.793353057199,3481.436035502959,21762.94134122288,507
485,5,85.,1741.073537508603,2233.3928148657947,780.5024673090159,7208.853516861665,2906
486,5,86.,538.3092932424055,1967.9533168009918,1498.991915685059,6736.877872494317,9678
487,5,87.,165.25294243070363,2424.410634328358,1600.896433901919,5559.259594882729,1876
488,5,88.,1789.9917834046817,2887.9340850715002,2118.989681209582,10856.390384370161,10979
489,5,89.,178.97896427896427,2347.4919183519182,1457.618043848044,6002.447491967492,5291
490,5,90.,331.3897435897436,2685.6717948717946,1195.780512820513,7473.248974358975,39
492,5,92.,789.5966771819137,4454.918717139853,3736.4328811777077,31646.744605678236,951
493,5,93.,265.7359363442028,2108.0777275966207,1812.1528570459095,6853.584630993179,29471
494,5,94.,345.2053888888889,2077.685,2113.881388888889,13129.826111111111,180
495,5,95.,51.213303571428575,1592.2355357142858,861.1425892857143,3457.765267857143,112
496,5,96.,1511.2790471712897,5894.657542704906,6384.6741419840155,21500.14827299796,6381
497,5,97.,140.33515375153752,981.8836500615006,492.06459717097175,2863.0496525215253,3252
498,5,98.,73.72723919308358,1351.6790172910664,659.9947319884727,3569.281703170029,3470
499,5,99.,166.30868340222213,1780.9670222972204,1747.8774172386331,6381.597879868037,52742
500,6,,163.03275209565098,2751.9282506215,1760.3671685653487,6971.501605611971,441271
501,6,00.,20882.28312030075,5087.075386382623,3792.8379281537177,42091.6978968254,4788
502,6,01.,15293.692653369093,12244.918774723432,15292.06695943681,70282.26693932283,5966
503,6,02.,37667.136932870366,7605.888287037037,10046.020648148147,77536.67898148148,864
504,6,03.,5910.995154054291,5505.815751942044,4066.289783538448,22695.34689185651,11457
505,6,04.,2354.5648794122344,2873.648840440824,1982.4541654687748,13769.840239578341,6261
506,6,05.,657.7655909943715,2800.172701688555,1273.8311069418387,10806.34632270169,533
507,6,06.,4422.06146708464,4126.714491118078,2155.2510073145245,19464.42114524556,9570
508,6,07.,7459.629642857143,7228.358317307693,5677.194244505495,37010.6151510989,1456
509,6,08.,275.01715772870665,1247.7372082018928,406.3213911671925,4075.5837350157726,3170
510,6,09.,786.204946332737,1541.0939490161002,607.6006663685152,5185.155049194991,2236
511,6,10.,260.2292643678161,1383.1180344827585,391.3270804597701,3858.533908045977,870
512,6,11.,489.5841339563863,1260.867214953271,340.10157943925236,4396.146981308411,3210
513,6,12.,1219.1022245614035,1666.6055228070177,641.9218175438597,7198.426112280702,1425
514,6,13.,2525.077254712713,1400.9201079776806,270.6960627356357,7296.617385613029,33155
515,6,14.,2542.1074196093905,1467.2088676267508,594.1094999013612,8371.288483921879,10138
516,6,15.,621.7573295454546,1050.2602651515153,404.4811837121212,6681.765293560607,1056
517,6,16.,1112.2029554896142,2726.7564332344214,1203.920824925816,8698.273578635015,1685
518,6,17.,1639.5864575768578,2574.6634903776326,2559.4977269426286,10428.95709241104,33048
519,6,18.,481.3262732417138,1776.5613945028292,1085.7247251414715,6369.149288601455,2474
520,6,19.,1722.989754948162,1780.9485202639019,1368.074863336475,12896.431913289349,1061
521,6,20.,1035.0273753424658,1797.6072602739725,1154.7829753424658,8661.35130410959,1825
522,6,21.,1039.7735981638418,1764.5586105225989,1205.3682856638418,7482.810342514124,5664
523,6,22.,1654.5560854330051,1971.6393509093944,1605.6838945436343,11910.181089604537,5993
524,6,23.,394.00597590361446,2297.3974216867473,1466.934192771084,8066.508409638554,415
525,6,24.,2284.2183777777777,2709.0611555555556,1641.0239777777779,13414.436866666667,450
526,6,25.,3589.144571428571,2962.010054421769,2011.784380952381,14367.703700680273,735
527,6,26.,2154.80490747087,2839.188019191227,1646.7785538039755,11931.596620973269,1459
528,6,27.,2363.107703937008,3016.106588976378,2065.4166897637797,13355.98784566929,3175
529,6,28.,1897.9509632067006,1591.3036509123542,1160.001486688603,8585.839365839067,6686
530,6,29.,558.2717952522255,2746.8031478733924,1371.887678041543,7185.804527695352,4044
531,6,30.,947.8489361702127,1992.19048249288,1269.2970983414307,8699.486190316637,5969
532,6,31.,793.7383770883055,4658.449352625298,4423.541527446301,15056.824343675418,3352
533,6,32.,18828.47593598709,7458.916598529675,4194.4957826788595,46130.10826609288,11154
534,6,33.,732.4513931201874,5532.4477849849345,3516.4870702209573,13501.447454385672,23896
535,6,34.,1478.9051483090875,5764.428356319668,4452.301281881731,17636.607316266767,10586
536,6,35.,47782.41472648432,12644.642641761175,8880.789096064043,101399.6839292862,2998
537,6,36.,12782.10332230311,5089.367856670134,3582.945611231918,33533.26637893543,10577
538,6,37.,34469.411167489896,5081.693726986978,1964.019574913935,51649.328176919626,6681
539,6,38.,3258.9090568668976,4889.169404472909,4869.809279995868,19893.0464593771,19361
540,6,39.,15415.562490178683,5541.242141257973,5406.824713386559,39373.855601317955,23673
541,6,40.,1803.9945109612142,6128.945855817876,2768.3036214165263,15643.36865514334,2372
542,6,41.,1316.4387664783426,6683.974163303739,6432.23921172989,21414.06863330643,7434
543,6,42.,8000.029755076408,5688.0499225455305,5711.808756541763,29151.54571697718,4777
544,6,43.,6031.8520938687825,4365.8999826474965,3272.6203057345892,20637.615621384895,12102
545,6,44.,606.2534967194134,3689.4609464385267,2459.1551057077922,9729.844583815773,23319
546,6,45.,1239.2221646267128,3336.2860235529333,1810.7701533622667,9591.731276393426,41014
547,6,46.,5143.943155316022,5957.267104360608,6580.320940715335,28287.842307692306,2041
548,6,47.,1847.6549995701143,2320.6848267560827,2362.0919938096467,11434.702665291034,11631
549,6,48.,3639.4756847721987,3713.3326467368997,2614.0509495142974,16126.462186345601,14618
550,6,49.,1004.2672085304125,1570.6562671147624,1900.040855115758,9048.143084391337,24102
551,6,50.,10805.18972470238,7633.174166666667,8141.507096354167,41980.0093359375,5376
552,6,51.,2987.9961079004743,3193.781656573347,2833.6633114164097,14926.09658926532,28897
553,6,52.,13018.147445442875,10924.288652118099,15668.169980744544,63063.90238125802,1558
554,6,53.,3208.485063273141,1938.764616806484,1229.3122991610978,10870.420668278119,7033
555,6,54.,2025.4738043191994,5041.707954964446,5058.078743745062,18650.629296813273,7594
556,6,55.,4631.4174405612575,4838.207328829414,3412.6111718851503,22138.47245030531,7697
557,6,56.,4629.954882653062,2863.142062244898,2174.9883591836738,15573.21466632653,9800
558,6,57.,1693.5117129629627,4733.538256704981,3551.3188441890165,16080.149010217114,6264
559,6,58.,1130.8639269813,2188.90571682992,1842.1020658949244,11036.604140694568,1123
560,6,59.,3255.2876201780414,2704.617890207715,1717.204519287834,11313.752643916912,3370
561,6,60.,2686.793609179416,4706.602614742698,3055.923351877608,18930.59808240612,5752
562,6,61.,979.0348295003964,1483.676431403648,989.6555432196668,6867.941189532117,1261
563,6,62.,1033.1563092979127,1617.0992884250475,947.8065275142314,7933.274876660342,1054
564,6,63.,1226.6861660777386,1617.8301590106007,1134.0963957597173,7757.887155477031,1132
565,6,64.,1004.9896461187216,1479.370308219178,1041.0180707762556,7775.066461187214,876
566,6,65.,2510.489942492013,3340.341862619808,1686.2258690095846,14973.199920127796,6260
567,6,66.,1933.245332783845,2067.495924170616,1321.1568637955902,11754.59243354626,4853
568,6,67.,487.6949486521181,2106.2547389816004,653.872214377407,5706.857526743688,4674
569,6,68.,2000.6807451051486,3298.809229060914,1551.1725126903552,14198.000468636692,22064
570,6,69.,418.9687762091721,1437.3241283100826,632.4755859994988,4217.726959318353,11971
571,6,70.,2245.9131264023936,2593.8916080777863,1207.616731488407,10635.363133881825,1337
572,6,71.,812.907946985447,1727.2570114345115,779.5319178794178,5866.943180873181,1924
573,6,72.,642.6512031558186,2016.4235108481262,1194.2168441814595,10494.16980276134,507
574,6,73.,374.33358535144714,1571.3627194329592,782.6874636739516,6778.509175428234,8465
575,6,74.,1318.276146751243,1926.8342238985085,1685.2347025544318,11038.413219269672,29165
576,6,75.,367.03955243359434,1586.1325472132658,836.7009849531705,7123.555998771687,13026
577,6,76.,7455.231577879249,3876.528711314054,2415.0967884322677,23151.473962455606,1971
578,6,77.,8779.805618729097,4746.801127568084,3678.266526516961,28903.187267080746,2093
579,6,78.,1717.3606429468396,1918.6244905818332,1548.8967316868984,9906.557359564671,11945
580,6,79.,12193.076387145133,4162.636396983042,4083.3083931415717,31231.576377307225,21346
581,6,80.,8712.208384233882,3643.525374575829,2426.124523623075,24066.067717306185,7662
582,6,81.,17166.08644509804,4642.068889411765,3085.698440392157,37066.86694588235,25500
583,6,82.,962.1913540713631,1426.2742177493137,1191.0486322049405,7349.6818847209515,2186
584,6,83.,1383.9133888048411,2397.1876567490335,1572.9429248613214,10398.424694906707,5949
585,6,84.,8875.274402515724,4225.470163522013,5283.003509433962,30649.02245283019,1590
586,6,85.,2807.5516256014844,2890.3117427097222,824.4203472665082,9741.603712099253,17249
587,6,86.,1626.8997277505462,2684.455813500266,2383.548697809012,11905.627588732063,16933
588,6,87.,319.8756381365114,2915.701224268689,1558.1446652221018,6576.067048754063,4615
589,6,88.,1474.3845864892528,3822.7401481576258,1987.6451773285569,11266.324095701126,39080
590,6,89.,254.62252067565535,3013.635875394717,1696.4189218585532,7126.486784622325,19951
591,6,90.,315.58822784810127,2633.152025316456,1786.2721012658228,7345.488227848102,395
593,6,92.,699.3747088680329,5518.624752920897,3868.69123731086,26816.032352039838,10442
594,6,93.,332.6103298583094,3247.368222735048,2690.756358648291,10230.083312138915,61966
595,6,94.,165.84291142191142,4038.2687878787883,1304.3708997668998,13672.956216783217,4290
596,6,95.,143.89915217391302,2678.221811594203,1105.089347826087,6013.2737101449275,1380
597,6,96.,2660.2386205376815,11217.468311297194,12293.461878213602,40192.51765094755,13614
598,6,97.,298.76312761249073,1369.3479296778953,851.1268158347676,4472.390088517334,4067
599,6,98.,259.0924947257384,1783.8464003164556,924.2275553797468,5032.929773206751,3792
600,6,99.,322.23357576441833,2304.769234983928,2842.624088143878,8002.21347355418,150572
